--
-- PostgreSQL database dump
--
-- to restore: psql -U decos -d decos_webapp_db -f decos_webapp_db_dump_clean.sql
-- + python3 manage.py migrate --database prpmetadata-db
-- root temp pswd: decos_test
-- Dumped from database version 16.2 (Debian 16.2-1.pgdg120+2)
-- Dumped by pg_dump version 16.2 (Debian 16.2-1.pgdg120+2)

SET statement_timeout = 0;
SET lock_timeout = 0;
SET idle_in_transaction_session_timeout = 0;
SET client_encoding = 'UTF8';
SET standard_conforming_strings = on;
SELECT pg_catalog.set_config('search_path', '', false);
SET check_function_bodies = false;
SET xmloption = content;
SET client_min_messages = warning;
SET row_security = off;

SET default_tablespace = '';

SET default_table_access_method = heap;

--
-- Name: account_emailaddress; Type: TABLE; Schema: public; Owner: decos
--

CREATE TABLE public.account_emailaddress (
    id integer NOT NULL,
    email character varying(254) NOT NULL,
    verified boolean NOT NULL,
    "primary" boolean NOT NULL,
    user_id integer NOT NULL
);


ALTER TABLE public.account_emailaddress OWNER TO decos;

--
-- Name: account_emailaddress_id_seq; Type: SEQUENCE; Schema: public; Owner: decos
--

ALTER TABLE public.account_emailaddress ALTER COLUMN id ADD GENERATED BY DEFAULT AS IDENTITY (
    SEQUENCE NAME public.account_emailaddress_id_seq
    START WITH 1
    INCREMENT BY 1
    NO MINVALUE
    NO MAXVALUE
    CACHE 1
);


--
-- Name: account_emailconfirmation; Type: TABLE; Schema: public; Owner: decos
--

CREATE TABLE public.account_emailconfirmation (
    id integer NOT NULL,
    created timestamp with time zone NOT NULL,
    sent timestamp with time zone,
    key character varying(64) NOT NULL,
    email_address_id integer NOT NULL
);


ALTER TABLE public.account_emailconfirmation OWNER TO decos;

--
-- Name: account_emailconfirmation_id_seq; Type: SEQUENCE; Schema: public; Owner: decos
--

ALTER TABLE public.account_emailconfirmation ALTER COLUMN id ADD GENERATED BY DEFAULT AS IDENTITY (
    SEQUENCE NAME public.account_emailconfirmation_id_seq
    START WITH 1
    INCREMENT BY 1
    NO MINVALUE
    NO MAXVALUE
    CACHE 1
);


--
-- Name: api_tokens; Type: TABLE; Schema: public; Owner: decos
--

CREATE TABLE public.api_tokens (
    id bigint NOT NULL,
    user_id character varying(50) NOT NULL,
    laboratory character varying(50) NOT NULL,
    elab_token character varying(128),
    jenkins_token character varying(128)
);


ALTER TABLE public.api_tokens OWNER TO decos;

--
-- Name: api_tokens_id_seq; Type: SEQUENCE; Schema: public; Owner: decos
--

ALTER TABLE public.api_tokens ALTER COLUMN id ADD GENERATED BY DEFAULT AS IDENTITY (
    SEQUENCE NAME public.api_tokens_id_seq
    START WITH 1
    INCREMENT BY 1
    NO MINVALUE
    NO MAXVALUE
    CACHE 1
);


--
-- Name: auth_group; Type: TABLE; Schema: public; Owner: decos
--

CREATE TABLE public.auth_group (
    id integer NOT NULL,
    name character varying(150) NOT NULL,
    laboratory boolean NOT NULL
);


ALTER TABLE public.auth_group OWNER TO decos;

--
-- Name: auth_group_id_seq; Type: SEQUENCE; Schema: public; Owner: decos
--

ALTER TABLE public.auth_group ALTER COLUMN id ADD GENERATED BY DEFAULT AS IDENTITY (
    SEQUENCE NAME public.auth_group_id_seq
    START WITH 1
    INCREMENT BY 1
    NO MINVALUE
    NO MAXVALUE
    CACHE 1
);


--
-- Name: auth_group_permissions; Type: TABLE; Schema: public; Owner: decos
--

CREATE TABLE public.auth_group_permissions (
    id bigint NOT NULL,
    group_id integer NOT NULL,
    permission_id integer NOT NULL
);


ALTER TABLE public.auth_group_permissions OWNER TO decos;

--
-- Name: auth_group_permissions_id_seq; Type: SEQUENCE; Schema: public; Owner: decos
--

ALTER TABLE public.auth_group_permissions ALTER COLUMN id ADD GENERATED BY DEFAULT AS IDENTITY (
    SEQUENCE NAME public.auth_group_permissions_id_seq
    START WITH 1
    INCREMENT BY 1
    NO MINVALUE
    NO MAXVALUE
    CACHE 1
);


--
-- Name: auth_permission; Type: TABLE; Schema: public; Owner: decos
--

CREATE TABLE public.auth_permission (
    id integer NOT NULL,
    name character varying(255) NOT NULL,
    content_type_id integer NOT NULL,
    codename character varying(100) NOT NULL
);


ALTER TABLE public.auth_permission OWNER TO decos;

--
-- Name: auth_permission_id_seq; Type: SEQUENCE; Schema: public; Owner: decos
--

ALTER TABLE public.auth_permission ALTER COLUMN id ADD GENERATED BY DEFAULT AS IDENTITY (
    SEQUENCE NAME public.auth_permission_id_seq
    START WITH 1
    INCREMENT BY 1
    NO MINVALUE
    NO MAXVALUE
    CACHE 1
);


--
-- Name: auth_user; Type: TABLE; Schema: public; Owner: decos
--

CREATE TABLE public.auth_user (
    id integer NOT NULL,
    password character varying(128) NOT NULL,
    last_login timestamp with time zone,
    is_superuser boolean NOT NULL,
    username character varying(150) NOT NULL,
    first_name character varying(150) NOT NULL,
    last_name character varying(150) NOT NULL,
    email character varying(254) NOT NULL,
    is_staff boolean NOT NULL,
    is_active boolean NOT NULL,
    date_joined timestamp with time zone NOT NULL
);


ALTER TABLE public.auth_user OWNER TO decos;

--
-- Name: auth_user_groups; Type: TABLE; Schema: public; Owner: decos
--

CREATE TABLE public.auth_user_groups (
    id bigint NOT NULL,
    user_id integer NOT NULL,
    group_id integer NOT NULL
);


ALTER TABLE public.auth_user_groups OWNER TO decos;

--
-- Name: auth_user_groups_id_seq; Type: SEQUENCE; Schema: public; Owner: decos
--

ALTER TABLE public.auth_user_groups ALTER COLUMN id ADD GENERATED BY DEFAULT AS IDENTITY (
    SEQUENCE NAME public.auth_user_groups_id_seq
    START WITH 1
    INCREMENT BY 1
    NO MINVALUE
    NO MAXVALUE
    CACHE 1
);


--
-- Name: auth_user_id_seq; Type: SEQUENCE; Schema: public; Owner: decos
--

ALTER TABLE public.auth_user ALTER COLUMN id ADD GENERATED BY DEFAULT AS IDENTITY (
    SEQUENCE NAME public.auth_user_id_seq
    START WITH 1
    INCREMENT BY 1
    NO MINVALUE
    NO MAXVALUE
    CACHE 1
);


--
-- Name: auth_user_user_permissions; Type: TABLE; Schema: public; Owner: decos
--

CREATE TABLE public.auth_user_user_permissions (
    id bigint NOT NULL,
    user_id integer NOT NULL,
    permission_id integer NOT NULL
);


ALTER TABLE public.auth_user_user_permissions OWNER TO decos;

--
-- Name: auth_user_user_permissions_id_seq; Type: SEQUENCE; Schema: public; Owner: decos
--

ALTER TABLE public.auth_user_user_permissions ALTER COLUMN id ADD GENERATED BY DEFAULT AS IDENTITY (
    SEQUENCE NAME public.auth_user_user_permissions_id_seq
    START WITH 1
    INCREMENT BY 1
    NO MINVALUE
    NO MAXVALUE
    CACHE 1
);


--
-- Name: django_admin_log; Type: TABLE; Schema: public; Owner: decos
--

CREATE TABLE public.django_admin_log (
    id integer NOT NULL,
    action_time timestamp with time zone NOT NULL,
    object_id text,
    object_repr character varying(200) NOT NULL,
    action_flag smallint NOT NULL,
    change_message text NOT NULL,
    content_type_id integer,
    user_id integer NOT NULL,
    CONSTRAINT django_admin_log_action_flag_check CHECK ((action_flag >= 0))
);


ALTER TABLE public.django_admin_log OWNER TO decos;

--
-- Name: django_admin_log_id_seq; Type: SEQUENCE; Schema: public; Owner: decos
--

ALTER TABLE public.django_admin_log ALTER COLUMN id ADD GENERATED BY DEFAULT AS IDENTITY (
    SEQUENCE NAME public.django_admin_log_id_seq
    START WITH 1
    INCREMENT BY 1
    NO MINVALUE
    NO MAXVALUE
    CACHE 1
);


--
-- Name: django_content_type; Type: TABLE; Schema: public; Owner: decos
--

CREATE TABLE public.django_content_type (
    id integer NOT NULL,
    app_label character varying(100) NOT NULL,
    model character varying(100) NOT NULL
);


ALTER TABLE public.django_content_type OWNER TO decos;

--
-- Name: django_content_type_id_seq; Type: SEQUENCE; Schema: public; Owner: decos
--

ALTER TABLE public.django_content_type ALTER COLUMN id ADD GENERATED BY DEFAULT AS IDENTITY (
    SEQUENCE NAME public.django_content_type_id_seq
    START WITH 1
    INCREMENT BY 1
    NO MINVALUE
    NO MAXVALUE
    CACHE 1
);


--
-- Name: django_migrations; Type: TABLE; Schema: public; Owner: decos
--

CREATE TABLE public.django_migrations (
    id bigint NOT NULL,
    app character varying(255) NOT NULL,
    name character varying(255) NOT NULL,
    applied timestamp with time zone NOT NULL
);


ALTER TABLE public.django_migrations OWNER TO decos;

--
-- Name: django_migrations_id_seq; Type: SEQUENCE; Schema: public; Owner: decos
--

ALTER TABLE public.django_migrations ALTER COLUMN id ADD GENERATED BY DEFAULT AS IDENTITY (
    SEQUENCE NAME public.django_migrations_id_seq
    START WITH 1
    INCREMENT BY 1
    NO MINVALUE
    NO MAXVALUE
    CACHE 1
);


--
-- Name: django_session; Type: TABLE; Schema: public; Owner: decos
--

CREATE TABLE public.django_session (
    session_key character varying(40) NOT NULL,
    session_data text NOT NULL,
    expire_date timestamp with time zone NOT NULL
);


ALTER TABLE public.django_session OWNER TO decos;

--
-- Name: home_apisettings; Type: TABLE; Schema: public; Owner: decos
--

CREATE TABLE public.home_apisettings (
    id bigint NOT NULL,
    elab_base_url character varying(200) NOT NULL,
    jenkins_base_url character varying(200) NOT NULL
);


ALTER TABLE public.home_apisettings OWNER TO decos;

--
-- Name: home_apisettings_id_seq; Type: SEQUENCE; Schema: public; Owner: decos
--

ALTER TABLE public.home_apisettings ALTER COLUMN id ADD GENERATED BY DEFAULT AS IDENTITY (
    SEQUENCE NAME public.home_apisettings_id_seq
    START WITH 1
    INCREMENT BY 1
    NO MINVALUE
    NO MAXVALUE
    CACHE 1
);


--
-- Name: home_dmppage; Type: TABLE; Schema: public; Owner: decos
--

CREATE TABLE public.home_dmppage (
    page_ptr_id integer NOT NULL,
    intro text NOT NULL,
    thankyou_page_title character varying(255) NOT NULL
);


ALTER TABLE public.home_dmppage OWNER TO decos;

--
-- Name: home_dmpsearchpage; Type: TABLE; Schema: public; Owner: decos
--

CREATE TABLE public.home_dmpsearchpage (
    page_ptr_id integer NOT NULL
);


ALTER TABLE public.home_dmpsearchpage OWNER TO decos;

--
-- Name: home_dmpviewpage; Type: TABLE; Schema: public; Owner: decos
--

CREATE TABLE public.home_dmpviewpage (
    page_ptr_id integer NOT NULL,
    intro text NOT NULL
);


ALTER TABLE public.home_dmpviewpage OWNER TO decos;

--
-- Name: home_editsamplepage; Type: TABLE; Schema: public; Owner: decos
--

CREATE TABLE public.home_editsamplepage (
    page_ptr_id integer NOT NULL,
    intro text NOT NULL
);


ALTER TABLE public.home_editsamplepage OWNER TO decos;

--
-- Name: home_experimentdmppage; Type: TABLE; Schema: public; Owner: decos
--

CREATE TABLE public.home_experimentdmppage (
    page_ptr_id integer NOT NULL,
    intro text NOT NULL
);


ALTER TABLE public.home_experimentdmppage OWNER TO decos;

--
-- Name: home_footersettings; Type: TABLE; Schema: public; Owner: decos
--

CREATE TABLE public.home_footersettings (
    id bigint NOT NULL,
    footer_text text NOT NULL,
    github_url character varying(200) NOT NULL,
    github_icon_id integer
);


ALTER TABLE public.home_footersettings OWNER TO decos;

--
-- Name: home_footersettings_id_seq; Type: SEQUENCE; Schema: public; Owner: decos
--

ALTER TABLE public.home_footersettings ALTER COLUMN id ADD GENERATED BY DEFAULT AS IDENTITY (
    SEQUENCE NAME public.home_footersettings_id_seq
    START WITH 1
    INCREMENT BY 1
    NO MINVALUE
    NO MAXVALUE
    CACHE 1
);


--
-- Name: home_headersettings; Type: TABLE; Schema: public; Owner: decos
--

CREATE TABLE public.home_headersettings (
    id bigint NOT NULL,
    header_text text NOT NULL,
    prp_icon_id integer
);


ALTER TABLE public.home_headersettings OWNER TO decos;

--
-- Name: home_headersettings_id_seq; Type: SEQUENCE; Schema: public; Owner: decos
--

ALTER TABLE public.home_headersettings ALTER COLUMN id ADD GENERATED BY DEFAULT AS IDENTITY (
    SEQUENCE NAME public.home_headersettings_id_seq
    START WITH 1
    INCREMENT BY 1
    NO MINVALUE
    NO MAXVALUE
    CACHE 1
);


--
-- Name: home_homepage; Type: TABLE; Schema: public; Owner: decos
--

CREATE TABLE public.home_homepage (
    page_ptr_id integer NOT NULL,
    body text NOT NULL,
    intro character varying(250) NOT NULL
);


ALTER TABLE public.home_homepage OWNER TO decos;

--
-- Name: home_instrumentspage; Type: TABLE; Schema: public; Owner: decos
--

CREATE TABLE public.home_instrumentspage (
    page_ptr_id integer NOT NULL,
    intro text NOT NULL,
    thankyou_page_title character varying(255) NOT NULL
);


ALTER TABLE public.home_instrumentspage OWNER TO decos;

--
-- Name: home_pipelinespage; Type: TABLE; Schema: public; Owner: decos
--

CREATE TABLE public.home_pipelinespage (
    page_ptr_id integer NOT NULL,
    intro text NOT NULL
);


ALTER TABLE public.home_pipelinespage OWNER TO decos;

--
-- Name: home_proposallistpage; Type: TABLE; Schema: public; Owner: decos
--

CREATE TABLE public.home_proposallistpage (
    page_ptr_id integer NOT NULL,
    intro text NOT NULL
);


ALTER TABLE public.home_proposallistpage OWNER TO decos;

--
-- Name: home_proposalsubmissionpage; Type: TABLE; Schema: public; Owner: decos
--

CREATE TABLE public.home_proposalsubmissionpage (
    page_ptr_id integer NOT NULL,
    intro text NOT NULL,
    thankyou_page_title character varying(255) NOT NULL
);


ALTER TABLE public.home_proposalsubmissionpage OWNER TO decos;

--
-- Name: home_resultslistpage; Type: TABLE; Schema: public; Owner: decos
--

CREATE TABLE public.home_resultslistpage (
    page_ptr_id integer NOT NULL,
    intro text NOT NULL
);


ALTER TABLE public.home_resultslistpage OWNER TO decos;

--
-- Name: home_resultspage; Type: TABLE; Schema: public; Owner: decos
--

CREATE TABLE public.home_resultspage (
    page_ptr_id integer NOT NULL,
    intro text NOT NULL,
    thankyou_page_title character varying(255) NOT NULL
);


ALTER TABLE public.home_resultspage OWNER TO decos;

--
-- Name: home_samplelistpage; Type: TABLE; Schema: public; Owner: decos
--

CREATE TABLE public.home_samplelistpage (
    page_ptr_id integer NOT NULL,
    intro text NOT NULL
);


ALTER TABLE public.home_samplelistpage OWNER TO decos;

--
-- Name: home_samplepage; Type: TABLE; Schema: public; Owner: decos
--

CREATE TABLE public.home_samplepage (
    page_ptr_id integer NOT NULL,
    intro text NOT NULL,
    thankyou_page_title character varying(255) NOT NULL
);


ALTER TABLE public.home_samplepage OWNER TO decos;

--
-- Name: home_servicerequestsubmissionpage; Type: TABLE; Schema: public; Owner: decos
--

CREATE TABLE public.home_servicerequestsubmissionpage (
    page_ptr_id integer NOT NULL,
    intro text NOT NULL,
    thankyou_page_title character varying(255) NOT NULL
);


ALTER TABLE public.home_servicerequestsubmissionpage OWNER TO decos;

--
-- Name: home_switchlabpage; Type: TABLE; Schema: public; Owner: decos
--

CREATE TABLE public.home_switchlabpage (
    page_ptr_id integer NOT NULL,
    intro text NOT NULL
);


ALTER TABLE public.home_switchlabpage OWNER TO decos;

--
-- Name: home_userdatapage; Type: TABLE; Schema: public; Owner: decos
--

CREATE TABLE public.home_userdatapage (
    page_ptr_id integer NOT NULL,
    intro text NOT NULL,
    thankyou_page_title character varying(255) NOT NULL
);


ALTER TABLE public.home_userdatapage OWNER TO decos;

--
-- Name: socialaccount_socialaccount; Type: TABLE; Schema: public; Owner: decos
--

CREATE TABLE public.socialaccount_socialaccount (
    id integer NOT NULL,
    provider character varying(200) NOT NULL,
    uid character varying(191) NOT NULL,
    last_login timestamp with time zone NOT NULL,
    date_joined timestamp with time zone NOT NULL,
    extra_data jsonb NOT NULL,
    user_id integer NOT NULL
);


ALTER TABLE public.socialaccount_socialaccount OWNER TO decos;

--
-- Name: socialaccount_socialaccount_id_seq; Type: SEQUENCE; Schema: public; Owner: decos
--

ALTER TABLE public.socialaccount_socialaccount ALTER COLUMN id ADD GENERATED BY DEFAULT AS IDENTITY (
    SEQUENCE NAME public.socialaccount_socialaccount_id_seq
    START WITH 1
    INCREMENT BY 1
    NO MINVALUE
    NO MAXVALUE
    CACHE 1
);


--
-- Name: socialaccount_socialapp; Type: TABLE; Schema: public; Owner: decos
--

CREATE TABLE public.socialaccount_socialapp (
    id integer NOT NULL,
    provider character varying(30) NOT NULL,
    name character varying(40) NOT NULL,
    client_id character varying(191) NOT NULL,
    secret character varying(191) NOT NULL,
    key character varying(191) NOT NULL,
    provider_id character varying(200) NOT NULL,
    settings jsonb NOT NULL
);


ALTER TABLE public.socialaccount_socialapp OWNER TO decos;

--
-- Name: socialaccount_socialapp_id_seq; Type: SEQUENCE; Schema: public; Owner: decos
--

ALTER TABLE public.socialaccount_socialapp ALTER COLUMN id ADD GENERATED BY DEFAULT AS IDENTITY (
    SEQUENCE NAME public.socialaccount_socialapp_id_seq
    START WITH 1
    INCREMENT BY 1
    NO MINVALUE
    NO MAXVALUE
    CACHE 1
);


--
-- Name: socialaccount_socialtoken; Type: TABLE; Schema: public; Owner: decos
--

CREATE TABLE public.socialaccount_socialtoken (
    id integer NOT NULL,
    token text NOT NULL,
    token_secret text NOT NULL,
    expires_at timestamp with time zone,
    account_id integer NOT NULL,
    app_id integer
);


ALTER TABLE public.socialaccount_socialtoken OWNER TO decos;

--
-- Name: socialaccount_socialtoken_id_seq; Type: SEQUENCE; Schema: public; Owner: decos
--

ALTER TABLE public.socialaccount_socialtoken ALTER COLUMN id ADD GENERATED BY DEFAULT AS IDENTITY (
    SEQUENCE NAME public.socialaccount_socialtoken_id_seq
    START WITH 1
    INCREMENT BY 1
    NO MINVALUE
    NO MAXVALUE
    CACHE 1
);


--
-- Name: taggit_tag; Type: TABLE; Schema: public; Owner: decos
--

CREATE TABLE public.taggit_tag (
    id integer NOT NULL,
    name character varying(100) NOT NULL,
    slug character varying(100) NOT NULL
);


ALTER TABLE public.taggit_tag OWNER TO decos;

--
-- Name: taggit_tag_id_seq; Type: SEQUENCE; Schema: public; Owner: decos
--

ALTER TABLE public.taggit_tag ALTER COLUMN id ADD GENERATED BY DEFAULT AS IDENTITY (
    SEQUENCE NAME public.taggit_tag_id_seq
    START WITH 1
    INCREMENT BY 1
    NO MINVALUE
    NO MAXVALUE
    CACHE 1
);


--
-- Name: taggit_taggeditem; Type: TABLE; Schema: public; Owner: decos
--

CREATE TABLE public.taggit_taggeditem (
    id integer NOT NULL,
    object_id integer NOT NULL,
    content_type_id integer NOT NULL,
    tag_id integer NOT NULL
);


ALTER TABLE public.taggit_taggeditem OWNER TO decos;

--
-- Name: taggit_taggeditem_id_seq; Type: SEQUENCE; Schema: public; Owner: decos
--

ALTER TABLE public.taggit_taggeditem ALTER COLUMN id ADD GENERATED BY DEFAULT AS IDENTITY (
    SEQUENCE NAME public.taggit_taggeditem_id_seq
    START WITH 1
    INCREMENT BY 1
    NO MINVALUE
    NO MAXVALUE
    CACHE 1
);


--
-- Name: wagtailadmin_admin; Type: TABLE; Schema: public; Owner: decos
--

CREATE TABLE public.wagtailadmin_admin (
    id integer NOT NULL
);


ALTER TABLE public.wagtailadmin_admin OWNER TO decos;

--
-- Name: wagtailadmin_admin_id_seq; Type: SEQUENCE; Schema: public; Owner: decos
--

ALTER TABLE public.wagtailadmin_admin ALTER COLUMN id ADD GENERATED BY DEFAULT AS IDENTITY (
    SEQUENCE NAME public.wagtailadmin_admin_id_seq
    START WITH 1
    INCREMENT BY 1
    NO MINVALUE
    NO MAXVALUE
    CACHE 1
);


--
-- Name: wagtailadmin_editingsession; Type: TABLE; Schema: public; Owner: decos
--

CREATE TABLE public.wagtailadmin_editingsession (
    id integer NOT NULL,
    object_id character varying(255) NOT NULL,
    last_seen_at timestamp with time zone NOT NULL,
    content_type_id integer NOT NULL,
    user_id integer NOT NULL,
    is_editing boolean NOT NULL
);


ALTER TABLE public.wagtailadmin_editingsession OWNER TO decos;

--
-- Name: wagtailadmin_editingsession_id_seq; Type: SEQUENCE; Schema: public; Owner: decos
--

ALTER TABLE public.wagtailadmin_editingsession ALTER COLUMN id ADD GENERATED BY DEFAULT AS IDENTITY (
    SEQUENCE NAME public.wagtailadmin_editingsession_id_seq
    START WITH 1
    INCREMENT BY 1
    NO MINVALUE
    NO MAXVALUE
    CACHE 1
);


--
-- Name: wagtailcore_collection; Type: TABLE; Schema: public; Owner: decos
--

CREATE TABLE public.wagtailcore_collection (
    id integer NOT NULL,
    path character varying(255) NOT NULL COLLATE pg_catalog."C",
    depth integer NOT NULL,
    numchild integer NOT NULL,
    name character varying(255) NOT NULL,
    CONSTRAINT wagtailcore_collection_depth_check CHECK ((depth >= 0)),
    CONSTRAINT wagtailcore_collection_numchild_check CHECK ((numchild >= 0))
);


ALTER TABLE public.wagtailcore_collection OWNER TO decos;

--
-- Name: wagtailcore_collection_id_seq; Type: SEQUENCE; Schema: public; Owner: decos
--

ALTER TABLE public.wagtailcore_collection ALTER COLUMN id ADD GENERATED BY DEFAULT AS IDENTITY (
    SEQUENCE NAME public.wagtailcore_collection_id_seq
    START WITH 1
    INCREMENT BY 1
    NO MINVALUE
    NO MAXVALUE
    CACHE 1
);


--
-- Name: wagtailcore_collectionviewrestriction; Type: TABLE; Schema: public; Owner: decos
--

CREATE TABLE public.wagtailcore_collectionviewrestriction (
    id integer NOT NULL,
    restriction_type character varying(20) NOT NULL,
    password character varying(255) NOT NULL,
    collection_id integer NOT NULL
);


ALTER TABLE public.wagtailcore_collectionviewrestriction OWNER TO decos;

--
-- Name: wagtailcore_collectionviewrestriction_groups; Type: TABLE; Schema: public; Owner: decos
--

CREATE TABLE public.wagtailcore_collectionviewrestriction_groups (
    id bigint NOT NULL,
    collectionviewrestriction_id integer NOT NULL,
    group_id integer NOT NULL
);


ALTER TABLE public.wagtailcore_collectionviewrestriction_groups OWNER TO decos;

--
-- Name: wagtailcore_collectionviewrestriction_groups_id_seq; Type: SEQUENCE; Schema: public; Owner: decos
--

ALTER TABLE public.wagtailcore_collectionviewrestriction_groups ALTER COLUMN id ADD GENERATED BY DEFAULT AS IDENTITY (
    SEQUENCE NAME public.wagtailcore_collectionviewrestriction_groups_id_seq
    START WITH 1
    INCREMENT BY 1
    NO MINVALUE
    NO MAXVALUE
    CACHE 1
);


--
-- Name: wagtailcore_collectionviewrestriction_id_seq; Type: SEQUENCE; Schema: public; Owner: decos
--

ALTER TABLE public.wagtailcore_collectionviewrestriction ALTER COLUMN id ADD GENERATED BY DEFAULT AS IDENTITY (
    SEQUENCE NAME public.wagtailcore_collectionviewrestriction_id_seq
    START WITH 1
    INCREMENT BY 1
    NO MINVALUE
    NO MAXVALUE
    CACHE 1
);


--
-- Name: wagtailcore_comment; Type: TABLE; Schema: public; Owner: decos
--

CREATE TABLE public.wagtailcore_comment (
    id integer NOT NULL,
    text text NOT NULL,
    contentpath text NOT NULL,
    "position" text NOT NULL,
    created_at timestamp with time zone NOT NULL,
    updated_at timestamp with time zone NOT NULL,
    resolved_at timestamp with time zone,
    page_id integer NOT NULL,
    resolved_by_id integer,
    revision_created_id integer,
    user_id integer NOT NULL
);


ALTER TABLE public.wagtailcore_comment OWNER TO decos;

--
-- Name: wagtailcore_comment_id_seq; Type: SEQUENCE; Schema: public; Owner: decos
--

ALTER TABLE public.wagtailcore_comment ALTER COLUMN id ADD GENERATED BY DEFAULT AS IDENTITY (
    SEQUENCE NAME public.wagtailcore_comment_id_seq
    START WITH 1
    INCREMENT BY 1
    NO MINVALUE
    NO MAXVALUE
    CACHE 1
);


--
-- Name: wagtailcore_commentreply; Type: TABLE; Schema: public; Owner: decos
--

CREATE TABLE public.wagtailcore_commentreply (
    id integer NOT NULL,
    text text NOT NULL,
    created_at timestamp with time zone NOT NULL,
    updated_at timestamp with time zone NOT NULL,
    comment_id integer NOT NULL,
    user_id integer NOT NULL
);


ALTER TABLE public.wagtailcore_commentreply OWNER TO decos;

--
-- Name: wagtailcore_commentreply_id_seq; Type: SEQUENCE; Schema: public; Owner: decos
--

ALTER TABLE public.wagtailcore_commentreply ALTER COLUMN id ADD GENERATED BY DEFAULT AS IDENTITY (
    SEQUENCE NAME public.wagtailcore_commentreply_id_seq
    START WITH 1
    INCREMENT BY 1
    NO MINVALUE
    NO MAXVALUE
    CACHE 1
);


--
-- Name: wagtailcore_groupapprovaltask; Type: TABLE; Schema: public; Owner: decos
--

CREATE TABLE public.wagtailcore_groupapprovaltask (
    task_ptr_id integer NOT NULL
);


ALTER TABLE public.wagtailcore_groupapprovaltask OWNER TO decos;

--
-- Name: wagtailcore_groupapprovaltask_groups; Type: TABLE; Schema: public; Owner: decos
--

CREATE TABLE public.wagtailcore_groupapprovaltask_groups (
    id bigint NOT NULL,
    groupapprovaltask_id integer NOT NULL,
    group_id integer NOT NULL
);


ALTER TABLE public.wagtailcore_groupapprovaltask_groups OWNER TO decos;

--
-- Name: wagtailcore_groupapprovaltask_groups_id_seq; Type: SEQUENCE; Schema: public; Owner: decos
--

ALTER TABLE public.wagtailcore_groupapprovaltask_groups ALTER COLUMN id ADD GENERATED BY DEFAULT AS IDENTITY (
    SEQUENCE NAME public.wagtailcore_groupapprovaltask_groups_id_seq
    START WITH 1
    INCREMENT BY 1
    NO MINVALUE
    NO MAXVALUE
    CACHE 1
);


--
-- Name: wagtailcore_groupcollectionpermission; Type: TABLE; Schema: public; Owner: decos
--

CREATE TABLE public.wagtailcore_groupcollectionpermission (
    id integer NOT NULL,
    collection_id integer NOT NULL,
    group_id integer NOT NULL,
    permission_id integer NOT NULL
);


ALTER TABLE public.wagtailcore_groupcollectionpermission OWNER TO decos;

--
-- Name: wagtailcore_groupcollectionpermission_id_seq; Type: SEQUENCE; Schema: public; Owner: decos
--

ALTER TABLE public.wagtailcore_groupcollectionpermission ALTER COLUMN id ADD GENERATED BY DEFAULT AS IDENTITY (
    SEQUENCE NAME public.wagtailcore_groupcollectionpermission_id_seq
    START WITH 1
    INCREMENT BY 1
    NO MINVALUE
    NO MAXVALUE
    CACHE 1
);


--
-- Name: wagtailcore_grouppagepermission; Type: TABLE; Schema: public; Owner: decos
--

CREATE TABLE public.wagtailcore_grouppagepermission (
    id integer NOT NULL,
    group_id integer NOT NULL,
    page_id integer NOT NULL,
    permission_id integer NOT NULL
);


ALTER TABLE public.wagtailcore_grouppagepermission OWNER TO decos;

--
-- Name: wagtailcore_grouppagepermission_id_seq; Type: SEQUENCE; Schema: public; Owner: decos
--

ALTER TABLE public.wagtailcore_grouppagepermission ALTER COLUMN id ADD GENERATED BY DEFAULT AS IDENTITY (
    SEQUENCE NAME public.wagtailcore_grouppagepermission_id_seq
    START WITH 1
    INCREMENT BY 1
    NO MINVALUE
    NO MAXVALUE
    CACHE 1
);


--
-- Name: wagtailcore_locale; Type: TABLE; Schema: public; Owner: decos
--

CREATE TABLE public.wagtailcore_locale (
    id integer NOT NULL,
    language_code character varying(100) NOT NULL
);


ALTER TABLE public.wagtailcore_locale OWNER TO decos;

--
-- Name: wagtailcore_locale_id_seq; Type: SEQUENCE; Schema: public; Owner: decos
--

ALTER TABLE public.wagtailcore_locale ALTER COLUMN id ADD GENERATED BY DEFAULT AS IDENTITY (
    SEQUENCE NAME public.wagtailcore_locale_id_seq
    START WITH 1
    INCREMENT BY 1
    NO MINVALUE
    NO MAXVALUE
    CACHE 1
);


--
-- Name: wagtailcore_modellogentry; Type: TABLE; Schema: public; Owner: decos
--

CREATE TABLE public.wagtailcore_modellogentry (
    id integer NOT NULL,
    label text NOT NULL,
    action character varying(255) NOT NULL,
    data jsonb NOT NULL,
    "timestamp" timestamp with time zone NOT NULL,
    content_changed boolean NOT NULL,
    deleted boolean NOT NULL,
    object_id character varying(255) NOT NULL,
    content_type_id integer,
    user_id integer,
    uuid uuid,
    revision_id integer
);


ALTER TABLE public.wagtailcore_modellogentry OWNER TO decos;

--
-- Name: wagtailcore_modellogentry_id_seq; Type: SEQUENCE; Schema: public; Owner: decos
--

ALTER TABLE public.wagtailcore_modellogentry ALTER COLUMN id ADD GENERATED BY DEFAULT AS IDENTITY (
    SEQUENCE NAME public.wagtailcore_modellogentry_id_seq
    START WITH 1
    INCREMENT BY 1
    NO MINVALUE
    NO MAXVALUE
    CACHE 1
);


--
-- Name: wagtailcore_page; Type: TABLE; Schema: public; Owner: decos
--

CREATE TABLE public.wagtailcore_page (
    id integer NOT NULL,
    path character varying(255) NOT NULL COLLATE pg_catalog."C",
    depth integer NOT NULL,
    numchild integer NOT NULL,
    title character varying(255) NOT NULL,
    slug character varying(255) NOT NULL,
    live boolean NOT NULL,
    has_unpublished_changes boolean NOT NULL,
    url_path text NOT NULL,
    seo_title character varying(255) NOT NULL,
    show_in_menus boolean NOT NULL,
    search_description text NOT NULL,
    go_live_at timestamp with time zone,
    expire_at timestamp with time zone,
    expired boolean NOT NULL,
    content_type_id integer NOT NULL,
    owner_id integer,
    locked boolean NOT NULL,
    latest_revision_created_at timestamp with time zone,
    first_published_at timestamp with time zone,
    live_revision_id integer,
    last_published_at timestamp with time zone,
    draft_title character varying(255) NOT NULL,
    locked_at timestamp with time zone,
    locked_by_id integer,
    translation_key uuid NOT NULL,
    locale_id integer NOT NULL,
    alias_of_id integer,
    latest_revision_id integer,
    CONSTRAINT wagtailcore_page_depth_check CHECK ((depth >= 0)),
    CONSTRAINT wagtailcore_page_numchild_check CHECK ((numchild >= 0))
);


ALTER TABLE public.wagtailcore_page OWNER TO decos;

--
-- Name: wagtailcore_page_id_seq; Type: SEQUENCE; Schema: public; Owner: decos
--

ALTER TABLE public.wagtailcore_page ALTER COLUMN id ADD GENERATED BY DEFAULT AS IDENTITY (
    SEQUENCE NAME public.wagtailcore_page_id_seq
    START WITH 1
    INCREMENT BY 1
    NO MINVALUE
    NO MAXVALUE
    CACHE 1
);


--
-- Name: wagtailcore_pagelogentry; Type: TABLE; Schema: public; Owner: decos
--

CREATE TABLE public.wagtailcore_pagelogentry (
    id integer NOT NULL,
    label text NOT NULL,
    action character varying(255) NOT NULL,
    data jsonb NOT NULL,
    "timestamp" timestamp with time zone NOT NULL,
    content_changed boolean NOT NULL,
    deleted boolean NOT NULL,
    content_type_id integer,
    page_id integer NOT NULL,
    revision_id integer,
    user_id integer,
    uuid uuid
);


ALTER TABLE public.wagtailcore_pagelogentry OWNER TO decos;

--
-- Name: wagtailcore_pagelogentry_id_seq; Type: SEQUENCE; Schema: public; Owner: decos
--

ALTER TABLE public.wagtailcore_pagelogentry ALTER COLUMN id ADD GENERATED BY DEFAULT AS IDENTITY (
    SEQUENCE NAME public.wagtailcore_pagelogentry_id_seq
    START WITH 1
    INCREMENT BY 1
    NO MINVALUE
    NO MAXVALUE
    CACHE 1
);


--
-- Name: wagtailcore_revision; Type: TABLE; Schema: public; Owner: decos
--

CREATE TABLE public.wagtailcore_revision (
    id integer NOT NULL,
    created_at timestamp with time zone NOT NULL,
    content jsonb NOT NULL,
    approved_go_live_at timestamp with time zone,
    object_id character varying(255) NOT NULL,
    user_id integer,
    content_type_id integer NOT NULL,
    base_content_type_id integer NOT NULL,
    object_str text NOT NULL
);


ALTER TABLE public.wagtailcore_revision OWNER TO decos;

--
-- Name: wagtailcore_pagerevision_id_seq; Type: SEQUENCE; Schema: public; Owner: decos
--

ALTER TABLE public.wagtailcore_revision ALTER COLUMN id ADD GENERATED BY DEFAULT AS IDENTITY (
    SEQUENCE NAME public.wagtailcore_pagerevision_id_seq
    START WITH 1
    INCREMENT BY 1
    NO MINVALUE
    NO MAXVALUE
    CACHE 1
);


--
-- Name: wagtailcore_pagesubscription; Type: TABLE; Schema: public; Owner: decos
--

CREATE TABLE public.wagtailcore_pagesubscription (
    id integer NOT NULL,
    comment_notifications boolean NOT NULL,
    page_id integer NOT NULL,
    user_id integer NOT NULL
);


ALTER TABLE public.wagtailcore_pagesubscription OWNER TO decos;

--
-- Name: wagtailcore_pagesubscription_id_seq; Type: SEQUENCE; Schema: public; Owner: decos
--

ALTER TABLE public.wagtailcore_pagesubscription ALTER COLUMN id ADD GENERATED BY DEFAULT AS IDENTITY (
    SEQUENCE NAME public.wagtailcore_pagesubscription_id_seq
    START WITH 1
    INCREMENT BY 1
    NO MINVALUE
    NO MAXVALUE
    CACHE 1
);


--
-- Name: wagtailcore_pageviewrestriction; Type: TABLE; Schema: public; Owner: decos
--

CREATE TABLE public.wagtailcore_pageviewrestriction (
    id integer NOT NULL,
    password character varying(255) NOT NULL,
    page_id integer NOT NULL,
    restriction_type character varying(20) NOT NULL
);


ALTER TABLE public.wagtailcore_pageviewrestriction OWNER TO decos;

--
-- Name: wagtailcore_pageviewrestriction_groups; Type: TABLE; Schema: public; Owner: decos
--

CREATE TABLE public.wagtailcore_pageviewrestriction_groups (
    id bigint NOT NULL,
    pageviewrestriction_id integer NOT NULL,
    group_id integer NOT NULL
);


ALTER TABLE public.wagtailcore_pageviewrestriction_groups OWNER TO decos;

--
-- Name: wagtailcore_pageviewrestriction_groups_id_seq; Type: SEQUENCE; Schema: public; Owner: decos
--

ALTER TABLE public.wagtailcore_pageviewrestriction_groups ALTER COLUMN id ADD GENERATED BY DEFAULT AS IDENTITY (
    SEQUENCE NAME public.wagtailcore_pageviewrestriction_groups_id_seq
    START WITH 1
    INCREMENT BY 1
    NO MINVALUE
    NO MAXVALUE
    CACHE 1
);


--
-- Name: wagtailcore_pageviewrestriction_id_seq; Type: SEQUENCE; Schema: public; Owner: decos
--

ALTER TABLE public.wagtailcore_pageviewrestriction ALTER COLUMN id ADD GENERATED BY DEFAULT AS IDENTITY (
    SEQUENCE NAME public.wagtailcore_pageviewrestriction_id_seq
    START WITH 1
    INCREMENT BY 1
    NO MINVALUE
    NO MAXVALUE
    CACHE 1
);


--
-- Name: wagtailcore_referenceindex; Type: TABLE; Schema: public; Owner: decos
--

CREATE TABLE public.wagtailcore_referenceindex (
    id integer NOT NULL,
    object_id character varying(255) NOT NULL,
    to_object_id character varying(255) NOT NULL,
    model_path text NOT NULL,
    content_path text NOT NULL,
    content_path_hash uuid NOT NULL,
    base_content_type_id integer NOT NULL,
    content_type_id integer NOT NULL,
    to_content_type_id integer NOT NULL
);


ALTER TABLE public.wagtailcore_referenceindex OWNER TO decos;

--
-- Name: wagtailcore_referenceindex_id_seq; Type: SEQUENCE; Schema: public; Owner: decos
--

ALTER TABLE public.wagtailcore_referenceindex ALTER COLUMN id ADD GENERATED BY DEFAULT AS IDENTITY (
    SEQUENCE NAME public.wagtailcore_referenceindex_id_seq
    START WITH 1
    INCREMENT BY 1
    NO MINVALUE
    NO MAXVALUE
    CACHE 1
);


--
-- Name: wagtailcore_site; Type: TABLE; Schema: public; Owner: decos
--

CREATE TABLE public.wagtailcore_site (
    id integer NOT NULL,
    hostname character varying(255) NOT NULL,
    port integer NOT NULL,
    is_default_site boolean NOT NULL,
    root_page_id integer NOT NULL,
    site_name character varying(255) NOT NULL
);


ALTER TABLE public.wagtailcore_site OWNER TO decos;

--
-- Name: wagtailcore_site_id_seq; Type: SEQUENCE; Schema: public; Owner: decos
--

ALTER TABLE public.wagtailcore_site ALTER COLUMN id ADD GENERATED BY DEFAULT AS IDENTITY (
    SEQUENCE NAME public.wagtailcore_site_id_seq
    START WITH 1
    INCREMENT BY 1
    NO MINVALUE
    NO MAXVALUE
    CACHE 1
);


--
-- Name: wagtailcore_task; Type: TABLE; Schema: public; Owner: decos
--

CREATE TABLE public.wagtailcore_task (
    id integer NOT NULL,
    name character varying(255) NOT NULL,
    active boolean NOT NULL,
    content_type_id integer NOT NULL
);


ALTER TABLE public.wagtailcore_task OWNER TO decos;

--
-- Name: wagtailcore_task_id_seq; Type: SEQUENCE; Schema: public; Owner: decos
--

ALTER TABLE public.wagtailcore_task ALTER COLUMN id ADD GENERATED BY DEFAULT AS IDENTITY (
    SEQUENCE NAME public.wagtailcore_task_id_seq
    START WITH 1
    INCREMENT BY 1
    NO MINVALUE
    NO MAXVALUE
    CACHE 1
);


--
-- Name: wagtailcore_taskstate; Type: TABLE; Schema: public; Owner: decos
--

CREATE TABLE public.wagtailcore_taskstate (
    id integer NOT NULL,
    status character varying(50) NOT NULL,
    started_at timestamp with time zone NOT NULL,
    finished_at timestamp with time zone,
    content_type_id integer NOT NULL,
    revision_id integer NOT NULL,
    task_id integer NOT NULL,
    workflow_state_id integer NOT NULL,
    finished_by_id integer,
    comment text NOT NULL
);


ALTER TABLE public.wagtailcore_taskstate OWNER TO decos;

--
-- Name: wagtailcore_taskstate_id_seq; Type: SEQUENCE; Schema: public; Owner: decos
--

ALTER TABLE public.wagtailcore_taskstate ALTER COLUMN id ADD GENERATED BY DEFAULT AS IDENTITY (
    SEQUENCE NAME public.wagtailcore_taskstate_id_seq
    START WITH 1
    INCREMENT BY 1
    NO MINVALUE
    NO MAXVALUE
    CACHE 1
);


--
-- Name: wagtailcore_uploadedfile; Type: TABLE; Schema: public; Owner: decos
--

CREATE TABLE public.wagtailcore_uploadedfile (
    id integer NOT NULL,
    file character varying(200) NOT NULL,
    for_content_type_id integer,
    uploaded_by_user_id integer
);


ALTER TABLE public.wagtailcore_uploadedfile OWNER TO decos;

--
-- Name: wagtailcore_uploadedfile_id_seq; Type: SEQUENCE; Schema: public; Owner: decos
--

ALTER TABLE public.wagtailcore_uploadedfile ALTER COLUMN id ADD GENERATED BY DEFAULT AS IDENTITY (
    SEQUENCE NAME public.wagtailcore_uploadedfile_id_seq
    START WITH 1
    INCREMENT BY 1
    NO MINVALUE
    NO MAXVALUE
    CACHE 1
);


--
-- Name: wagtailcore_workflow; Type: TABLE; Schema: public; Owner: decos
--

CREATE TABLE public.wagtailcore_workflow (
    id integer NOT NULL,
    name character varying(255) NOT NULL,
    active boolean NOT NULL
);


ALTER TABLE public.wagtailcore_workflow OWNER TO decos;

--
-- Name: wagtailcore_workflow_id_seq; Type: SEQUENCE; Schema: public; Owner: decos
--

ALTER TABLE public.wagtailcore_workflow ALTER COLUMN id ADD GENERATED BY DEFAULT AS IDENTITY (
    SEQUENCE NAME public.wagtailcore_workflow_id_seq
    START WITH 1
    INCREMENT BY 1
    NO MINVALUE
    NO MAXVALUE
    CACHE 1
);


--
-- Name: wagtailcore_workflowcontenttype; Type: TABLE; Schema: public; Owner: decos
--

CREATE TABLE public.wagtailcore_workflowcontenttype (
    content_type_id integer NOT NULL,
    workflow_id integer NOT NULL
);


ALTER TABLE public.wagtailcore_workflowcontenttype OWNER TO decos;

--
-- Name: wagtailcore_workflowpage; Type: TABLE; Schema: public; Owner: decos
--

CREATE TABLE public.wagtailcore_workflowpage (
    page_id integer NOT NULL,
    workflow_id integer NOT NULL
);


ALTER TABLE public.wagtailcore_workflowpage OWNER TO decos;

--
-- Name: wagtailcore_workflowstate; Type: TABLE; Schema: public; Owner: decos
--

CREATE TABLE public.wagtailcore_workflowstate (
    id integer NOT NULL,
    status character varying(50) NOT NULL,
    created_at timestamp with time zone NOT NULL,
    current_task_state_id integer,
    object_id character varying(255) NOT NULL,
    requested_by_id integer,
    workflow_id integer NOT NULL,
    content_type_id integer NOT NULL,
    base_content_type_id integer NOT NULL
);


ALTER TABLE public.wagtailcore_workflowstate OWNER TO decos;

--
-- Name: wagtailcore_workflowstate_id_seq; Type: SEQUENCE; Schema: public; Owner: decos
--

ALTER TABLE public.wagtailcore_workflowstate ALTER COLUMN id ADD GENERATED BY DEFAULT AS IDENTITY (
    SEQUENCE NAME public.wagtailcore_workflowstate_id_seq
    START WITH 1
    INCREMENT BY 1
    NO MINVALUE
    NO MAXVALUE
    CACHE 1
);


--
-- Name: wagtailcore_workflowtask; Type: TABLE; Schema: public; Owner: decos
--

CREATE TABLE public.wagtailcore_workflowtask (
    id integer NOT NULL,
    sort_order integer,
    task_id integer NOT NULL,
    workflow_id integer NOT NULL
);


ALTER TABLE public.wagtailcore_workflowtask OWNER TO decos;

--
-- Name: wagtailcore_workflowtask_id_seq; Type: SEQUENCE; Schema: public; Owner: decos
--

ALTER TABLE public.wagtailcore_workflowtask ALTER COLUMN id ADD GENERATED BY DEFAULT AS IDENTITY (
    SEQUENCE NAME public.wagtailcore_workflowtask_id_seq
    START WITH 1
    INCREMENT BY 1
    NO MINVALUE
    NO MAXVALUE
    CACHE 1
);


--
-- Name: wagtaildocs_document; Type: TABLE; Schema: public; Owner: decos
--

CREATE TABLE public.wagtaildocs_document (
    id integer NOT NULL,
    title character varying(255) NOT NULL,
    file character varying(100) NOT NULL,
    created_at timestamp with time zone NOT NULL,
    uploaded_by_user_id integer,
    collection_id integer NOT NULL,
    file_size bigint,
    file_hash character varying(40) NOT NULL,
    CONSTRAINT wagtaildocs_document_file_size_check CHECK ((file_size >= 0))
);


ALTER TABLE public.wagtaildocs_document OWNER TO decos;

--
-- Name: wagtaildocs_document_id_seq; Type: SEQUENCE; Schema: public; Owner: decos
--

ALTER TABLE public.wagtaildocs_document ALTER COLUMN id ADD GENERATED BY DEFAULT AS IDENTITY (
    SEQUENCE NAME public.wagtaildocs_document_id_seq
    START WITH 1
    INCREMENT BY 1
    NO MINVALUE
    NO MAXVALUE
    CACHE 1
);


--
-- Name: wagtailembeds_embed; Type: TABLE; Schema: public; Owner: decos
--

CREATE TABLE public.wagtailembeds_embed (
    id integer NOT NULL,
    url text NOT NULL,
    max_width smallint,
    type character varying(10) NOT NULL,
    html text NOT NULL,
    title text NOT NULL,
    author_name text NOT NULL,
    provider_name text NOT NULL,
    thumbnail_url text NOT NULL,
    width integer,
    height integer,
    last_updated timestamp with time zone NOT NULL,
    hash character varying(32) NOT NULL,
    cache_until timestamp with time zone
);


ALTER TABLE public.wagtailembeds_embed OWNER TO decos;

--
-- Name: wagtailembeds_embed_id_seq; Type: SEQUENCE; Schema: public; Owner: decos
--

ALTER TABLE public.wagtailembeds_embed ALTER COLUMN id ADD GENERATED BY DEFAULT AS IDENTITY (
    SEQUENCE NAME public.wagtailembeds_embed_id_seq
    START WITH 1
    INCREMENT BY 1
    NO MINVALUE
    NO MAXVALUE
    CACHE 1
);


--
-- Name: wagtailforms_formsubmission; Type: TABLE; Schema: public; Owner: decos
--

CREATE TABLE public.wagtailforms_formsubmission (
    id integer NOT NULL,
    form_data jsonb NOT NULL,
    submit_time timestamp with time zone NOT NULL,
    page_id integer NOT NULL
);


ALTER TABLE public.wagtailforms_formsubmission OWNER TO decos;

--
-- Name: wagtailforms_formsubmission_id_seq; Type: SEQUENCE; Schema: public; Owner: decos
--

ALTER TABLE public.wagtailforms_formsubmission ALTER COLUMN id ADD GENERATED BY DEFAULT AS IDENTITY (
    SEQUENCE NAME public.wagtailforms_formsubmission_id_seq
    START WITH 1
    INCREMENT BY 1
    NO MINVALUE
    NO MAXVALUE
    CACHE 1
);


--
-- Name: wagtailimages_image; Type: TABLE; Schema: public; Owner: decos
--

CREATE TABLE public.wagtailimages_image (
    id integer NOT NULL,
    title character varying(255) NOT NULL,
    file character varying(100) NOT NULL,
    width integer NOT NULL,
    height integer NOT NULL,
    created_at timestamp with time zone NOT NULL,
    focal_point_x integer,
    focal_point_y integer,
    focal_point_width integer,
    focal_point_height integer,
    uploaded_by_user_id integer,
    file_size integer,
    collection_id integer NOT NULL,
    file_hash character varying(40) NOT NULL,
    description character varying(255) NOT NULL,
    CONSTRAINT wagtailimages_image_file_size_check CHECK ((file_size >= 0)),
    CONSTRAINT wagtailimages_image_focal_point_height_check CHECK ((focal_point_height >= 0)),
    CONSTRAINT wagtailimages_image_focal_point_width_check CHECK ((focal_point_width >= 0)),
    CONSTRAINT wagtailimages_image_focal_point_x_check CHECK ((focal_point_x >= 0)),
    CONSTRAINT wagtailimages_image_focal_point_y_check CHECK ((focal_point_y >= 0))
);


ALTER TABLE public.wagtailimages_image OWNER TO decos;

--
-- Name: wagtailimages_image_id_seq; Type: SEQUENCE; Schema: public; Owner: decos
--

ALTER TABLE public.wagtailimages_image ALTER COLUMN id ADD GENERATED BY DEFAULT AS IDENTITY (
    SEQUENCE NAME public.wagtailimages_image_id_seq
    START WITH 1
    INCREMENT BY 1
    NO MINVALUE
    NO MAXVALUE
    CACHE 1
);


--
-- Name: wagtailimages_rendition; Type: TABLE; Schema: public; Owner: decos
--

CREATE TABLE public.wagtailimages_rendition (
    id integer NOT NULL,
    file character varying(100) NOT NULL,
    width integer NOT NULL,
    height integer NOT NULL,
    focal_point_key character varying(16) NOT NULL,
    filter_spec character varying(255) NOT NULL,
    image_id integer NOT NULL
);


ALTER TABLE public.wagtailimages_rendition OWNER TO decos;

--
-- Name: wagtailimages_rendition_id_seq; Type: SEQUENCE; Schema: public; Owner: decos
--

ALTER TABLE public.wagtailimages_rendition ALTER COLUMN id ADD GENERATED BY DEFAULT AS IDENTITY (
    SEQUENCE NAME public.wagtailimages_rendition_id_seq
    START WITH 1
    INCREMENT BY 1
    NO MINVALUE
    NO MAXVALUE
    CACHE 1
);


--
-- Name: wagtailredirects_redirect; Type: TABLE; Schema: public; Owner: decos
--

CREATE TABLE public.wagtailredirects_redirect (
    id integer NOT NULL,
    old_path character varying(255) NOT NULL,
    is_permanent boolean NOT NULL,
    redirect_link character varying(255) NOT NULL,
    redirect_page_id integer,
    site_id integer,
    automatically_created boolean NOT NULL,
    created_at timestamp with time zone,
    redirect_page_route_path character varying(255) NOT NULL
);


ALTER TABLE public.wagtailredirects_redirect OWNER TO decos;

--
-- Name: wagtailredirects_redirect_id_seq; Type: SEQUENCE; Schema: public; Owner: decos
--

ALTER TABLE public.wagtailredirects_redirect ALTER COLUMN id ADD GENERATED BY DEFAULT AS IDENTITY (
    SEQUENCE NAME public.wagtailredirects_redirect_id_seq
    START WITH 1
    INCREMENT BY 1
    NO MINVALUE
    NO MAXVALUE
    CACHE 1
);


--
-- Name: wagtailsearch_indexentry; Type: TABLE; Schema: public; Owner: decos
--

CREATE TABLE public.wagtailsearch_indexentry (
    id integer NOT NULL,
    object_id character varying(50) NOT NULL,
    title_norm double precision NOT NULL,
    content_type_id integer NOT NULL,
    autocomplete tsvector NOT NULL,
    title tsvector NOT NULL,
    body tsvector NOT NULL
);


ALTER TABLE public.wagtailsearch_indexentry OWNER TO decos;

--
-- Name: wagtailsearch_indexentry_id_seq; Type: SEQUENCE; Schema: public; Owner: decos
--

ALTER TABLE public.wagtailsearch_indexentry ALTER COLUMN id ADD GENERATED BY DEFAULT AS IDENTITY (
    SEQUENCE NAME public.wagtailsearch_indexentry_id_seq
    START WITH 1
    INCREMENT BY 1
    NO MINVALUE
    NO MAXVALUE
    CACHE 1
);


--
-- Name: wagtailusers_userprofile; Type: TABLE; Schema: public; Owner: decos
--

CREATE TABLE public.wagtailusers_userprofile (
    id integer NOT NULL,
    submitted_notifications boolean NOT NULL,
    approved_notifications boolean NOT NULL,
    rejected_notifications boolean NOT NULL,
    user_id integer NOT NULL,
    preferred_language character varying(10) NOT NULL,
    current_time_zone character varying(40) NOT NULL,
    avatar character varying(100) NOT NULL,
    updated_comments_notifications boolean NOT NULL,
    dismissibles jsonb NOT NULL,
    theme character varying(40) NOT NULL,
    density character varying(40) NOT NULL,
    contrast character varying(40) NOT NULL
);


ALTER TABLE public.wagtailusers_userprofile OWNER TO decos;

--
-- Name: wagtailusers_userprofile_id_seq; Type: SEQUENCE; Schema: public; Owner: decos
--

ALTER TABLE public.wagtailusers_userprofile ALTER COLUMN id ADD GENERATED BY DEFAULT AS IDENTITY (
    SEQUENCE NAME public.wagtailusers_userprofile_id_seq
    START WITH 1
    INCREMENT BY 1
    NO MINVALUE
    NO MAXVALUE
    CACHE 1
);


--
-- Data for Name: account_emailaddress; Type: TABLE DATA; Schema: public; Owner: decos
--

COPY public.account_emailaddress (id, email, verified, "primary", user_id) FROM stdin;
\.


--
-- Data for Name: account_emailconfirmation; Type: TABLE DATA; Schema: public; Owner: decos
--

COPY public.account_emailconfirmation (id, created, sent, key, email_address_id) FROM stdin;
\.


--
-- Data for Name: api_tokens; Type: TABLE DATA; Schema: public; Owner: decos
--

COPY public.api_tokens (id, user_id, laboratory, elab_token, jenkins_token) FROM stdin;
\.


--
-- Data for Name: auth_group; Type: TABLE DATA; Schema: public; Owner: decos
--

COPY public.auth_group (id, name, laboratory) FROM stdin;
1	Moderators	f
2	Editors	f
3	LAGE	t
4	LAME	t
\.


--
-- Data for Name: auth_group_permissions; Type: TABLE DATA; Schema: public; Owner: decos
--

COPY public.auth_group_permissions (id, group_id, permission_id) FROM stdin;
\.


--
-- Data for Name: auth_permission; Type: TABLE DATA; Schema: public; Owner: decos
--

COPY public.auth_permission (id, name, content_type_id, codename) FROM stdin;
1	Can add image	2	add_image
2	Can change image	2	change_image
3	Can delete image	2	delete_image
4	Can access Wagtail admin	3	access_admin
5	Can choose image	2	choose_image
6	Can add locale	5	add_locale
7	Can change locale	5	change_locale
8	Can delete locale	5	delete_locale
9	Can view locale	5	view_locale
10	Can add site	6	add_site
11	Can change site	6	change_site
12	Can delete site	6	delete_site
13	Can view site	6	view_site
14	Can add model log entry	7	add_modellogentry
15	Can change model log entry	7	change_modellogentry
16	Can delete model log entry	7	delete_modellogentry
17	Can view model log entry	7	view_modellogentry
18	Can add collection view restriction	8	add_collectionviewrestriction
19	Can change collection view restriction	8	change_collectionviewrestriction
20	Can delete collection view restriction	8	delete_collectionviewrestriction
21	Can view collection view restriction	8	view_collectionviewrestriction
22	Can add collection	9	add_collection
23	Can change collection	9	change_collection
24	Can delete collection	9	delete_collection
25	Can view collection	9	view_collection
26	Can add group collection permission	10	add_groupcollectionpermission
27	Can change group collection permission	10	change_groupcollectionpermission
28	Can delete group collection permission	10	delete_groupcollectionpermission
29	Can view group collection permission	10	view_groupcollectionpermission
30	Can add uploaded file	11	add_uploadedfile
31	Can change uploaded file	11	change_uploadedfile
32	Can delete uploaded file	11	delete_uploadedfile
33	Can view uploaded file	11	view_uploadedfile
34	Can add reference index	12	add_referenceindex
35	Can change reference index	12	change_referenceindex
36	Can delete reference index	12	delete_referenceindex
37	Can view reference index	12	view_referenceindex
38	Can add page	1	add_page
39	Can change page	1	change_page
40	Can delete page	1	delete_page
41	Can view page	1	view_page
42	Delete pages with children	1	bulk_delete_page
43	Lock/unlock pages you've locked	1	lock_page
44	Publish any page	1	publish_page
45	Unlock any page	1	unlock_page
46	Can add revision	13	add_revision
47	Can change revision	13	change_revision
48	Can delete revision	13	delete_revision
49	Can view revision	13	view_revision
50	Can add group page permission	14	add_grouppagepermission
51	Can change group page permission	14	change_grouppagepermission
52	Can delete group page permission	14	delete_grouppagepermission
53	Can view group page permission	14	view_grouppagepermission
54	Can add page view restriction	15	add_pageviewrestriction
55	Can change page view restriction	15	change_pageviewrestriction
56	Can delete page view restriction	15	delete_pageviewrestriction
57	Can view page view restriction	15	view_pageviewrestriction
58	Can add workflow page	16	add_workflowpage
59	Can change workflow page	16	change_workflowpage
60	Can delete workflow page	16	delete_workflowpage
61	Can view workflow page	16	view_workflowpage
62	Can add workflow content type	17	add_workflowcontenttype
63	Can change workflow content type	17	change_workflowcontenttype
64	Can delete workflow content type	17	delete_workflowcontenttype
65	Can view workflow content type	17	view_workflowcontenttype
66	Can add workflow task order	18	add_workflowtask
67	Can change workflow task order	18	change_workflowtask
68	Can delete workflow task order	18	delete_workflowtask
69	Can view workflow task order	18	view_workflowtask
70	Can add task	19	add_task
71	Can change task	19	change_task
72	Can delete task	19	delete_task
73	Can view task	19	view_task
74	Can add workflow	20	add_workflow
75	Can change workflow	20	change_workflow
76	Can delete workflow	20	delete_workflow
77	Can view workflow	20	view_workflow
78	Can add Group approval task	4	add_groupapprovaltask
79	Can change Group approval task	4	change_groupapprovaltask
80	Can delete Group approval task	4	delete_groupapprovaltask
81	Can view Group approval task	4	view_groupapprovaltask
82	Can add Workflow state	21	add_workflowstate
83	Can change Workflow state	21	change_workflowstate
84	Can delete Workflow state	21	delete_workflowstate
85	Can view Workflow state	21	view_workflowstate
86	Can add Task state	22	add_taskstate
87	Can change Task state	22	change_taskstate
88	Can delete Task state	22	delete_taskstate
89	Can view Task state	22	view_taskstate
90	Can add page log entry	23	add_pagelogentry
91	Can change page log entry	23	change_pagelogentry
92	Can delete page log entry	23	delete_pagelogentry
93	Can view page log entry	23	view_pagelogentry
94	Can add comment	24	add_comment
95	Can change comment	24	change_comment
96	Can delete comment	24	delete_comment
97	Can view comment	24	view_comment
98	Can add comment reply	25	add_commentreply
99	Can change comment reply	25	change_commentreply
100	Can delete comment reply	25	delete_commentreply
101	Can view comment reply	25	view_commentreply
102	Can add page subscription	26	add_pagesubscription
103	Can change page subscription	26	change_pagesubscription
104	Can delete page subscription	26	delete_pagesubscription
105	Can view page subscription	26	view_pagesubscription
106	Can add document	27	add_document
107	Can change document	27	change_document
108	Can delete document	27	delete_document
109	Can choose document	27	choose_document
110	Can add home page	28	add_homepage
111	Can change home page	28	change_homepage
112	Can delete home page	28	delete_homepage
113	Can view home page	28	view_homepage
114	Can add ap i_ tokens	29	add_api_tokens
115	Can change ap i_ tokens	29	change_api_tokens
116	Can delete ap i_ tokens	29	delete_api_tokens
117	Can view ap i_ tokens	29	view_api_tokens
118	Can add api settings	30	add_apisettings
119	Can change api settings	30	change_apisettings
120	Can delete api settings	30	delete_apisettings
121	Can view api settings	30	view_apisettings
122	Can add dmp page	31	add_dmppage
123	Can change dmp page	31	change_dmppage
124	Can delete dmp page	31	delete_dmppage
125	Can view dmp page	31	view_dmppage
126	Can add dmp search page	32	add_dmpsearchpage
127	Can change dmp search page	32	change_dmpsearchpage
128	Can delete dmp search page	32	delete_dmpsearchpage
129	Can view dmp search page	32	view_dmpsearchpage
130	Can add dmp view page	33	add_dmpviewpage
131	Can change dmp view page	33	change_dmpviewpage
132	Can delete dmp view page	33	delete_dmpviewpage
133	Can view dmp view page	33	view_dmpviewpage
134	Can add edit sample page	34	add_editsamplepage
135	Can change edit sample page	34	change_editsamplepage
136	Can delete edit sample page	34	delete_editsamplepage
137	Can view edit sample page	34	view_editsamplepage
138	Can add experiment dmp page	35	add_experimentdmppage
139	Can change experiment dmp page	35	change_experimentdmppage
140	Can delete experiment dmp page	35	delete_experimentdmppage
141	Can view experiment dmp page	35	view_experimentdmppage
142	Can add instruments page	36	add_instrumentspage
143	Can change instruments page	36	change_instrumentspage
144	Can delete instruments page	36	delete_instrumentspage
145	Can view instruments page	36	view_instrumentspage
146	Can add pipelines page	37	add_pipelinespage
147	Can change pipelines page	37	change_pipelinespage
148	Can delete pipelines page	37	delete_pipelinespage
149	Can view pipelines page	37	view_pipelinespage
150	Can add proposal list page	38	add_proposallistpage
151	Can change proposal list page	38	change_proposallistpage
152	Can delete proposal list page	38	delete_proposallistpage
153	Can view proposal list page	38	view_proposallistpage
154	Can add proposal submission page	39	add_proposalsubmissionpage
155	Can change proposal submission page	39	change_proposalsubmissionpage
156	Can delete proposal submission page	39	delete_proposalsubmissionpage
157	Can view proposal submission page	39	view_proposalsubmissionpage
158	Can add results list page	40	add_resultslistpage
159	Can change results list page	40	change_resultslistpage
160	Can delete results list page	40	delete_resultslistpage
161	Can view results list page	40	view_resultslistpage
162	Can add results page	41	add_resultspage
163	Can change results page	41	change_resultspage
164	Can delete results page	41	delete_resultspage
165	Can view results page	41	view_resultspage
166	Can add sample list page	42	add_samplelistpage
167	Can change sample list page	42	change_samplelistpage
168	Can delete sample list page	42	delete_samplelistpage
169	Can view sample list page	42	view_samplelistpage
170	Can add sample page	43	add_samplepage
171	Can change sample page	43	change_samplepage
172	Can delete sample page	43	delete_samplepage
173	Can view sample page	43	view_samplepage
174	Can add service request submission page	44	add_servicerequestsubmissionpage
175	Can change service request submission page	44	change_servicerequestsubmissionpage
176	Can delete service request submission page	44	delete_servicerequestsubmissionpage
177	Can view service request submission page	44	view_servicerequestsubmissionpage
178	Can add switch lab page	45	add_switchlabpage
179	Can change switch lab page	45	change_switchlabpage
180	Can delete switch lab page	45	delete_switchlabpage
181	Can view switch lab page	45	view_switchlabpage
182	Can add user data page	46	add_userdatapage
183	Can change user data page	46	change_userdatapage
184	Can delete user data page	46	delete_userdatapage
185	Can view user data page	46	view_userdatapage
186	Can add footer settings	47	add_footersettings
187	Can change footer settings	47	change_footersettings
188	Can delete footer settings	47	delete_footersettings
189	Can view footer settings	47	view_footersettings
190	Can add header settings	48	add_headersettings
191	Can change header settings	48	change_headersettings
192	Can delete header settings	48	delete_headersettings
193	Can view header settings	48	view_headersettings
194	Can add form submission	49	add_formsubmission
195	Can change form submission	49	change_formsubmission
196	Can delete form submission	49	delete_formsubmission
197	Can view form submission	49	view_formsubmission
198	Can add redirect	50	add_redirect
199	Can change redirect	50	change_redirect
200	Can delete redirect	50	delete_redirect
201	Can view redirect	50	view_redirect
202	Can add embed	51	add_embed
203	Can change embed	51	change_embed
204	Can delete embed	51	delete_embed
205	Can view embed	51	view_embed
206	Can add user profile	52	add_userprofile
207	Can change user profile	52	change_userprofile
208	Can delete user profile	52	delete_userprofile
209	Can view user profile	52	view_userprofile
210	Can view document	27	view_document
211	Can view image	2	view_image
212	Can add rendition	53	add_rendition
213	Can change rendition	53	change_rendition
214	Can delete rendition	53	delete_rendition
215	Can view rendition	53	view_rendition
216	Can add index entry	54	add_indexentry
217	Can change index entry	54	change_indexentry
218	Can delete index entry	54	delete_indexentry
219	Can view index entry	54	view_indexentry
220	Can add editing session	55	add_editingsession
221	Can change editing session	55	change_editingsession
222	Can delete editing session	55	delete_editingsession
223	Can view editing session	55	view_editingsession
224	Can add tag	56	add_tag
225	Can change tag	56	change_tag
226	Can delete tag	56	delete_tag
227	Can view tag	56	view_tag
228	Can add tagged item	57	add_taggeditem
229	Can change tagged item	57	change_taggeditem
230	Can delete tagged item	57	delete_taggeditem
231	Can view tagged item	57	view_taggeditem
232	Can add log entry	58	add_logentry
233	Can change log entry	58	change_logentry
234	Can delete log entry	58	delete_logentry
235	Can view log entry	58	view_logentry
236	Can add permission	59	add_permission
237	Can change permission	59	change_permission
238	Can delete permission	59	delete_permission
239	Can view permission	59	view_permission
240	Can add group	60	add_group
241	Can change group	60	change_group
242	Can delete group	60	delete_group
243	Can view group	60	view_group
244	Can add user	61	add_user
245	Can change user	61	change_user
246	Can delete user	61	delete_user
247	Can view user	61	view_user
248	Can add content type	62	add_contenttype
249	Can change content type	62	change_contenttype
250	Can delete content type	62	delete_contenttype
251	Can view content type	62	view_contenttype
252	Can add session	63	add_session
253	Can change session	63	change_session
254	Can delete session	63	delete_session
255	Can view session	63	view_session
256	Can add administration	64	add_administration
257	Can change administration	64	change_administration
258	Can delete administration	64	delete_administration
259	Can view administration	64	view_administration
260	Can add instruments	65	add_instruments
261	Can change instruments	65	change_instruments
262	Can delete instruments	65	delete_instruments
263	Can view instruments	65	view_instruments
264	Can add instrument x technique	66	add_instrumentxtechnique
265	Can change instrument x technique	66	change_instrumentxtechnique
266	Can delete instrument x technique	66	delete_instrumentxtechnique
267	Can view instrument x technique	66	view_instrumentxtechnique
268	Can add lab dmp	67	add_labdmp
269	Can change lab dmp	67	change_labdmp
270	Can delete lab dmp	67	delete_labdmp
271	Can view lab dmp	67	view_labdmp
272	Can add laboratories	68	add_laboratories
273	Can change laboratories	68	change_laboratories
274	Can delete laboratories	68	delete_laboratories
275	Can view laboratories	68	view_laboratories
276	Can add lab x instrument	69	add_labxinstrument
277	Can change lab x instrument	69	change_labxinstrument
278	Can delete lab x instrument	69	delete_labxinstrument
279	Can view lab x instrument	69	view_labxinstrument
280	Can add samples	70	add_samples
281	Can change samples	70	change_samples
282	Can delete samples	70	delete_samples
283	Can view samples	70	view_samples
284	Can add proposals	71	add_proposals
285	Can change proposals	71	change_proposals
286	Can delete proposals	71	delete_proposals
287	Can view proposals	71	view_proposals
288	Can add questions	72	add_questions
289	Can change questions	72	change_questions
290	Can delete questions	72	delete_questions
291	Can view questions	72	view_questions
292	Can add results	73	add_results
293	Can change results	73	change_results
294	Can delete results	73	delete_results
295	Can view results	73	view_results
296	Can add resultx instrument	74	add_resultxinstrument
297	Can change resultx instrument	74	change_resultxinstrument
298	Can delete resultx instrument	74	delete_resultxinstrument
299	Can view resultx instrument	74	view_resultxinstrument
300	Can add resultx lab	75	add_resultxlab
301	Can change resultx lab	75	change_resultxlab
302	Can delete resultx lab	75	delete_resultxlab
303	Can view resultx lab	75	view_resultxlab
304	Can add resultx sample	76	add_resultxsample
305	Can change resultx sample	76	change_resultxsample
306	Can delete resultx sample	76	delete_resultxsample
307	Can view resultx sample	76	view_resultxsample
308	Can add service requests	77	add_servicerequests
309	Can change service requests	77	change_servicerequests
310	Can delete service requests	77	delete_servicerequests
311	Can view service requests	77	view_servicerequests
312	Can add steps	78	add_steps
313	Can change steps	78	change_steps
314	Can delete steps	78	delete_steps
315	Can view steps	78	view_steps
316	Can add techniques	79	add_techniques
317	Can change techniques	79	change_techniques
318	Can delete techniques	79	delete_techniques
319	Can view techniques	79	view_techniques
320	Can add users	80	add_users
321	Can change users	80	change_users
322	Can delete users	80	delete_users
323	Can view users	80	view_users
324	Can add lage samples	81	add_lagesamples
325	Can change lage samples	81	change_lagesamples
326	Can delete lage samples	81	delete_lagesamples
327	Can view lage samples	81	view_lagesamples
328	Can add lame samples	82	add_lamesamples
329	Can change lame samples	82	change_lamesamples
330	Can delete lame samples	82	delete_lamesamples
331	Can view lame samples	82	view_lamesamples
332	Can add email address	83	add_emailaddress
333	Can change email address	83	change_emailaddress
334	Can delete email address	83	delete_emailaddress
335	Can view email address	83	view_emailaddress
336	Can add email confirmation	84	add_emailconfirmation
337	Can change email confirmation	84	change_emailconfirmation
338	Can delete email confirmation	84	delete_emailconfirmation
339	Can view email confirmation	84	view_emailconfirmation
340	Can add social account	85	add_socialaccount
341	Can change social account	85	change_socialaccount
342	Can delete social account	85	delete_socialaccount
343	Can view social account	85	view_socialaccount
344	Can add social application	86	add_socialapp
345	Can change social application	86	change_socialapp
346	Can delete social application	86	delete_socialapp
347	Can view social application	86	view_socialapp
348	Can add social application token	87	add_socialtoken
349	Can change social application token	87	change_socialtoken
350	Can delete social application token	87	delete_socialtoken
351	Can view social application token	87	view_socialtoken
\.


--
-- Data for Name: auth_user; Type: TABLE DATA; Schema: public; Owner: decos
--

COPY public.auth_user (id, password, last_login, is_superuser, username, first_name, last_name, email, is_staff, is_active, date_joined) FROM stdin;
1	pbkdf2_sha256$870000$G5poCkc4GQ5O1yAs5NYbBw$NR6vJ3vR8VOzGDfcA1KW9LnQjRHxpEhxLKwO3dO9ZME=	2025-02-12 15:06:49.915941+00	t	root	root	root	root@root.rt	t	t	2025-02-12 13:51:24.984367+00
\.


--
-- Data for Name: auth_user_groups; Type: TABLE DATA; Schema: public; Owner: decos
--

COPY public.auth_user_groups (id, user_id, group_id) FROM stdin;
\.


--
-- Data for Name: auth_user_user_permissions; Type: TABLE DATA; Schema: public; Owner: decos
--

COPY public.auth_user_user_permissions (id, user_id, permission_id) FROM stdin;
\.


--
-- Data for Name: django_admin_log; Type: TABLE DATA; Schema: public; Owner: decos
--

COPY public.django_admin_log (id, action_time, object_id, object_repr, action_flag, change_message, content_type_id, user_id) FROM stdin;
\.


--
-- Data for Name: django_content_type; Type: TABLE DATA; Schema: public; Owner: decos
--

COPY public.django_content_type (id, app_label, model) FROM stdin;
1	wagtailcore	page
2	wagtailimages	image
3	wagtailadmin	admin
4	wagtailcore	groupapprovaltask
5	wagtailcore	locale
6	wagtailcore	site
7	wagtailcore	modellogentry
8	wagtailcore	collectionviewrestriction
9	wagtailcore	collection
10	wagtailcore	groupcollectionpermission
11	wagtailcore	uploadedfile
12	wagtailcore	referenceindex
13	wagtailcore	revision
14	wagtailcore	grouppagepermission
15	wagtailcore	pageviewrestriction
16	wagtailcore	workflowpage
17	wagtailcore	workflowcontenttype
18	wagtailcore	workflowtask
19	wagtailcore	task
20	wagtailcore	workflow
21	wagtailcore	workflowstate
22	wagtailcore	taskstate
23	wagtailcore	pagelogentry
24	wagtailcore	comment
25	wagtailcore	commentreply
26	wagtailcore	pagesubscription
27	wagtaildocs	document
28	home	homepage
29	home	api_tokens
30	home	apisettings
31	home	dmppage
32	home	dmpsearchpage
33	home	dmpviewpage
34	home	editsamplepage
35	home	experimentdmppage
36	home	instrumentspage
37	home	pipelinespage
38	home	proposallistpage
39	home	proposalsubmissionpage
40	home	resultslistpage
41	home	resultspage
42	home	samplelistpage
43	home	samplepage
44	home	servicerequestsubmissionpage
45	home	switchlabpage
46	home	userdatapage
47	home	footersettings
48	home	headersettings
49	wagtailforms	formsubmission
50	wagtailredirects	redirect
51	wagtailembeds	embed
52	wagtailusers	userprofile
53	wagtailimages	rendition
54	wagtailsearch	indexentry
55	wagtailadmin	editingsession
56	taggit	tag
57	taggit	taggeditem
58	admin	logentry
59	auth	permission
60	auth	group
61	auth	user
62	contenttypes	contenttype
63	sessions	session
64	PRP_CDM_app	administration
65	PRP_CDM_app	instruments
66	PRP_CDM_app	instrumentxtechnique
67	PRP_CDM_app	labdmp
68	PRP_CDM_app	laboratories
69	PRP_CDM_app	labxinstrument
70	PRP_CDM_app	samples
71	PRP_CDM_app	proposals
72	PRP_CDM_app	questions
73	PRP_CDM_app	results
74	PRP_CDM_app	resultxinstrument
75	PRP_CDM_app	resultxlab
76	PRP_CDM_app	resultxsample
77	PRP_CDM_app	servicerequests
78	PRP_CDM_app	steps
79	PRP_CDM_app	techniques
80	PRP_CDM_app	users
81	PRP_CDM_app	lagesamples
82	PRP_CDM_app	lamesamples
83	account	emailaddress
84	account	emailconfirmation
85	socialaccount	socialaccount
86	socialaccount	socialapp
87	socialaccount	socialtoken
\.


--
-- Data for Name: django_migrations; Type: TABLE DATA; Schema: public; Owner: decos
--

COPY public.django_migrations (id, app, name, applied) FROM stdin;
1	PRP_CDM_app	0001_initial	2025-02-12 13:50:19.034783+00
2	PRP_CDM_app	0002_administration_instruments_instrumentxtechnique_and_more	2025-02-12 13:50:19.106288+00
3	contenttypes	0001_initial	2025-02-12 13:50:19.111638+00
4	auth	0001_initial	2025-02-12 13:50:19.144258+00
5	account	0001_initial	2025-02-12 13:50:19.161022+00
6	account	0002_email_max_length	2025-02-12 13:50:19.165729+00
7	account	0003_alter_emailaddress_create_unique_verified_email	2025-02-12 13:50:19.175608+00
8	account	0004_alter_emailaddress_drop_unique_email	2025-02-12 13:50:19.1906+00
9	account	0005_emailaddress_idx_upper_email	2025-02-12 13:50:19.195587+00
10	account	0006_emailaddress_lower	2025-02-12 13:50:19.202917+00
11	account	0007_emailaddress_idx_email	2025-02-12 13:50:19.212895+00
12	account	0008_emailaddress_unique_primary_email_fixup	2025-02-12 13:50:19.223686+00
13	account	0009_emailaddress_unique_primary_email	2025-02-12 13:50:19.227484+00
14	admin	0001_initial	2025-02-12 13:50:19.237101+00
15	admin	0002_logentry_remove_auto_add	2025-02-12 13:50:19.240377+00
16	admin	0003_logentry_add_action_flag_choices	2025-02-12 13:50:19.243502+00
17	contenttypes	0002_remove_content_type_name	2025-02-12 13:50:19.270614+00
18	auth	0002_alter_permission_name_max_length	2025-02-12 13:50:19.27572+00
19	auth	0003_alter_user_email_max_length	2025-02-12 13:50:19.280004+00
20	auth	0004_alter_user_username_opts	2025-02-12 13:50:19.284122+00
21	auth	0005_alter_user_last_login_null	2025-02-12 13:50:19.287301+00
22	auth	0006_require_contenttypes_0002	2025-02-12 13:50:19.287712+00
23	auth	0007_alter_validators_add_error_messages	2025-02-12 13:50:19.29092+00
24	auth	0008_alter_user_username_max_length	2025-02-12 13:50:19.300369+00
25	auth	0009_alter_user_last_name_max_length	2025-02-12 13:50:19.30585+00
26	auth	0010_alter_group_name_max_length	2025-02-12 13:50:19.312708+00
27	auth	0011_update_proxy_permissions	2025-02-12 13:50:19.344107+00
28	auth	0012_alter_user_first_name_max_length	2025-02-12 13:50:19.347923+00
29	auth	0013_group_laboratory	2025-02-12 13:50:19.351474+00
30	wagtailcore	0001_initial	2025-02-12 13:50:19.438613+00
31	wagtailcore	0002_initial_data	2025-02-12 13:50:19.439016+00
32	wagtailcore	0003_add_uniqueness_constraint_on_group_page_permission	2025-02-12 13:50:19.439265+00
33	wagtailcore	0004_page_locked	2025-02-12 13:50:19.439508+00
34	wagtailcore	0005_add_page_lock_permission_to_moderators	2025-02-12 13:50:19.439719+00
35	wagtailcore	0006_add_lock_page_permission	2025-02-12 13:50:19.439925+00
36	wagtailcore	0007_page_latest_revision_created_at	2025-02-12 13:50:19.440135+00
37	wagtailcore	0008_populate_latest_revision_created_at	2025-02-12 13:50:19.440364+00
38	wagtailcore	0009_remove_auto_now_add_from_pagerevision_created_at	2025-02-12 13:50:19.440609+00
39	wagtailcore	0010_change_page_owner_to_null_on_delete	2025-02-12 13:50:19.440813+00
40	wagtailcore	0011_page_first_published_at	2025-02-12 13:50:19.441023+00
41	wagtailcore	0012_extend_page_slug_field	2025-02-12 13:50:19.441225+00
42	wagtailcore	0013_update_golive_expire_help_text	2025-02-12 13:50:19.441427+00
43	wagtailcore	0014_add_verbose_name	2025-02-12 13:50:19.441619+00
44	wagtailcore	0015_add_more_verbose_names	2025-02-12 13:50:19.441807+00
45	wagtailcore	0016_change_page_url_path_to_text_field	2025-02-12 13:50:19.441999+00
46	wagtailcore	0017_change_edit_page_permission_description	2025-02-12 13:50:19.446093+00
47	wagtailcore	0018_pagerevision_submitted_for_moderation_index	2025-02-12 13:50:19.453224+00
48	wagtailcore	0019_verbose_names_cleanup	2025-02-12 13:50:19.476486+00
49	wagtailcore	0020_add_index_on_page_first_published_at	2025-02-12 13:50:19.482057+00
50	wagtailcore	0021_capitalizeverbose	2025-02-12 13:50:19.630732+00
51	wagtailcore	0022_add_site_name	2025-02-12 13:50:19.635027+00
52	wagtailcore	0023_alter_page_revision_on_delete_behaviour	2025-02-12 13:50:19.640558+00
53	wagtailcore	0024_collection	2025-02-12 13:50:19.646655+00
54	wagtailcore	0025_collection_initial_data	2025-02-12 13:50:19.6618+00
55	wagtailcore	0026_group_collection_permission	2025-02-12 13:50:19.712237+00
56	taggit	0001_initial	2025-02-12 13:50:19.727176+00
57	wagtailimages	0001_initial	2025-02-12 13:50:19.777142+00
58	wagtailimages	0002_initial_data	2025-02-12 13:50:19.777451+00
59	wagtailimages	0003_fix_focal_point_fields	2025-02-12 13:50:19.77768+00
60	wagtailimages	0004_make_focal_point_key_not_nullable	2025-02-12 13:50:19.777895+00
61	wagtailimages	0005_make_filter_spec_unique	2025-02-12 13:50:19.778117+00
62	wagtailimages	0006_add_verbose_names	2025-02-12 13:50:19.778325+00
63	wagtailimages	0007_image_file_size	2025-02-12 13:50:19.778517+00
64	wagtailimages	0008_image_created_at_index	2025-02-12 13:50:19.778713+00
65	wagtailimages	0009_capitalizeverbose	2025-02-12 13:50:19.778969+00
66	wagtailimages	0010_change_on_delete_behaviour	2025-02-12 13:50:19.779174+00
67	wagtailimages	0011_image_collection	2025-02-12 13:50:19.779369+00
68	wagtailimages	0012_copy_image_permissions_to_collections	2025-02-12 13:50:19.779579+00
69	wagtailimages	0013_make_rendition_upload_callable	2025-02-12 13:50:19.779781+00
70	wagtailimages	0014_add_filter_spec_field	2025-02-12 13:50:19.779979+00
71	wagtailimages	0015_fill_filter_spec_field	2025-02-12 13:50:19.780186+00
72	wagtailimages	0016_deprecate_rendition_filter_relation	2025-02-12 13:50:19.780377+00
73	wagtailimages	0017_reduce_focal_point_key_max_length	2025-02-12 13:50:19.780588+00
74	wagtailimages	0018_remove_rendition_filter	2025-02-12 13:50:19.780784+00
75	wagtailimages	0019_delete_filter	2025-02-12 13:50:19.780989+00
76	wagtailimages	0020_add-verbose-name	2025-02-12 13:50:19.781219+00
77	wagtailimages	0021_image_file_hash	2025-02-12 13:50:19.781431+00
78	wagtailimages	0022_uploadedimage	2025-02-12 13:50:19.790736+00
79	wagtailadmin	0001_create_admin_access_permissions	2025-02-12 13:50:19.801768+00
80	wagtailimages	0023_add_choose_permissions	2025-02-12 13:50:19.829546+00
81	wagtailimages	0024_index_image_file_hash	2025-02-12 13:50:19.837972+00
82	wagtailimages	0025_alter_image_file_alter_rendition_file	2025-02-12 13:50:19.845357+00
83	wagtailimages	0026_delete_uploadedimage	2025-02-12 13:50:19.847347+00
84	wagtailimages	0027_image_description	2025-02-12 13:50:19.853932+00
85	wagtailcore	0027_fix_collection_path_collation	2025-02-12 13:50:19.864896+00
86	wagtailcore	0024_alter_page_content_type_on_delete_behaviour	2025-02-12 13:50:19.872256+00
87	wagtailcore	0028_merge	2025-02-12 13:50:19.873112+00
88	wagtailcore	0029_unicode_slugfield_dj19	2025-02-12 13:50:19.87777+00
89	wagtailcore	0030_index_on_pagerevision_created_at	2025-02-12 13:50:19.884069+00
90	wagtailcore	0031_add_page_view_restriction_types	2025-02-12 13:50:19.904449+00
91	wagtailcore	0032_add_bulk_delete_page_permission	2025-02-12 13:50:19.908637+00
92	wagtailcore	0033_remove_golive_expiry_help_text	2025-02-12 13:50:19.919025+00
93	wagtailcore	0034_page_live_revision	2025-02-12 13:50:19.928028+00
94	wagtailcore	0035_page_last_published_at	2025-02-12 13:50:19.933137+00
95	wagtailcore	0036_populate_page_last_published_at	2025-02-12 13:50:19.943851+00
96	wagtailcore	0037_set_page_owner_editable	2025-02-12 13:50:19.953468+00
97	wagtailcore	0038_make_first_published_at_editable	2025-02-12 13:50:19.962773+00
98	wagtailcore	0039_collectionviewrestriction	2025-02-12 13:50:19.992931+00
99	wagtailcore	0040_page_draft_title	2025-02-12 13:50:20.048998+00
100	wagtailcore	0041_group_collection_permissions_verbose_name_plural	2025-02-12 13:50:20.053421+00
101	wagtailcore	0042_index_on_pagerevision_approved_go_live_at	2025-02-12 13:50:20.059211+00
102	wagtailcore	0043_lock_fields	2025-02-12 13:50:20.072553+00
103	wagtailcore	0044_add_unlock_grouppagepermission	2025-02-12 13:50:20.07698+00
104	wagtailcore	0045_assign_unlock_grouppagepermission	2025-02-12 13:50:20.088612+00
105	wagtailcore	0046_site_name_remove_null	2025-02-12 13:50:20.092792+00
106	wagtailcore	0047_add_workflow_models	2025-02-12 13:50:20.244254+00
107	wagtailcore	0048_add_default_workflows	2025-02-12 13:50:20.27338+00
108	wagtailcore	0049_taskstate_finished_by	2025-02-12 13:50:20.284857+00
109	wagtailcore	0050_workflow_rejected_to_needs_changes	2025-02-12 13:50:20.304291+00
110	wagtailcore	0051_taskstate_comment	2025-02-12 13:50:20.311453+00
111	wagtailcore	0052_pagelogentry	2025-02-12 13:50:20.331384+00
112	wagtailcore	0053_locale_model	2025-02-12 13:50:20.335568+00
113	wagtailcore	0054_initial_locale	2025-02-12 13:50:20.351385+00
114	wagtailcore	0055_page_locale_fields	2025-02-12 13:50:20.388725+00
115	wagtailcore	0056_page_locale_fields_populate	2025-02-12 13:50:20.445696+00
116	wagtailcore	0057_page_locale_fields_notnull	2025-02-12 13:50:20.467515+00
117	wagtailcore	0058_page_alias_of	2025-02-12 13:50:20.478715+00
118	wagtailcore	0059_apply_collection_ordering	2025-02-12 13:50:20.492523+00
119	wagtailcore	0060_fix_workflow_unique_constraint	2025-02-12 13:50:20.507689+00
120	wagtailcore	0061_change_promote_tab_helpt_text_and_verbose_names	2025-02-12 13:50:20.522799+00
121	wagtailcore	0062_comment_models_and_pagesubscription	2025-02-12 13:50:20.573588+00
122	wagtailcore	0063_modellogentry	2025-02-12 13:50:20.594461+00
123	wagtailcore	0064_log_timestamp_indexes	2025-02-12 13:50:20.611323+00
124	wagtailcore	0065_log_entry_uuid	2025-02-12 13:50:20.624965+00
125	wagtailcore	0066_collection_management_permissions	2025-02-12 13:50:20.640423+00
126	wagtailcore	0067_alter_pagerevision_content_json	2025-02-12 13:50:20.666661+00
127	wagtailcore	0068_log_entry_empty_object	2025-02-12 13:50:20.691981+00
128	wagtailcore	0069_log_entry_jsonfield	2025-02-12 13:50:20.803529+00
129	wagtailcore	0070_rename_pagerevision_revision	2025-02-12 13:50:20.936633+00
130	wagtailcore	0071_populate_revision_content_type	2025-02-12 13:50:20.951156+00
131	wagtailcore	0072_alter_revision_content_type_notnull	2025-02-12 13:50:20.975002+00
132	wagtailcore	0073_page_latest_revision	2025-02-12 13:50:20.988852+00
133	wagtailcore	0074_revision_object_str	2025-02-12 13:50:20.996822+00
134	wagtailcore	0075_populate_latest_revision_and_revision_object_str	2025-02-12 13:50:21.026808+00
135	wagtailcore	0076_modellogentry_revision	2025-02-12 13:50:21.137938+00
136	wagtailcore	0077_alter_revision_user	2025-02-12 13:50:21.14987+00
137	wagtailcore	0078_referenceindex	2025-02-12 13:50:21.169133+00
138	wagtailcore	0079_rename_taskstate_page_revision	2025-02-12 13:50:21.179564+00
139	wagtailcore	0080_generic_workflowstate	2025-02-12 13:50:21.271274+00
140	wagtailcore	0081_populate_workflowstate_content_type	2025-02-12 13:50:21.289863+00
141	wagtailcore	0082_alter_workflowstate_content_type_notnull	2025-02-12 13:50:21.323969+00
142	wagtailcore	0083_workflowcontenttype	2025-02-12 13:50:21.343686+00
143	wagtailcore	0084_add_default_page_permissions	2025-02-12 13:50:21.358056+00
144	wagtailcore	0085_add_grouppagepermission_permission	2025-02-12 13:50:21.381764+00
145	wagtailcore	0086_populate_grouppagepermission_permission	2025-02-12 13:50:21.453458+00
146	wagtailcore	0087_alter_grouppagepermission_unique_together_and_more	2025-02-12 13:50:21.48326+00
147	wagtailcore	0088_fix_log_entry_json_timestamps	2025-02-12 13:50:21.516639+00
148	wagtailcore	0089_log_entry_data_json_null_to_object	2025-02-12 13:50:21.532361+00
149	wagtailcore	0090_remove_grouppagepermission_permission_type	2025-02-12 13:50:21.564609+00
150	wagtailcore	0091_remove_revision_submitted_for_moderation	2025-02-12 13:50:21.573585+00
151	wagtailcore	0092_alter_collectionviewrestriction_password_and_more	2025-02-12 13:50:21.594421+00
152	wagtailcore	0093_uploadedfile	2025-02-12 13:50:21.612286+00
153	wagtailcore	0094_alter_page_locale	2025-02-12 13:50:21.624506+00
154	home	0001_initial	2025-02-12 13:50:21.640343+00
155	home	0002_api_tokens_apisettings_dmppage_dmpsearchpage_and_more	2025-02-12 13:50:22.036212+00
156	sessions	0001_initial	2025-02-12 13:50:22.042558+00
157	socialaccount	0001_initial	2025-02-12 13:50:22.099916+00
158	socialaccount	0002_token_max_lengths	2025-02-12 13:50:22.11263+00
159	socialaccount	0003_extra_data_default_dict	2025-02-12 13:50:22.12068+00
160	socialaccount	0004_app_provider_id_settings	2025-02-12 13:50:22.130668+00
161	socialaccount	0005_socialtoken_nullable_app	2025-02-12 13:50:22.154066+00
162	socialaccount	0006_alter_socialaccount_extra_data	2025-02-12 13:50:22.1658+00
163	taggit	0002_auto_20150616_2121	2025-02-12 13:50:22.174422+00
164	taggit	0003_taggeditem_add_unique_index	2025-02-12 13:50:22.181489+00
165	taggit	0004_alter_taggeditem_content_type_alter_taggeditem_tag	2025-02-12 13:50:22.214422+00
166	taggit	0005_auto_20220424_2025	2025-02-12 13:50:22.23096+00
167	taggit	0006_rename_taggeditem_content_type_object_id_taggit_tagg_content_8fc721_idx	2025-02-12 13:50:22.243333+00
168	wagtailadmin	0002_admin	2025-02-12 13:50:22.244473+00
169	wagtailadmin	0003_admin_managed	2025-02-12 13:50:22.247853+00
170	wagtailadmin	0004_editingsession	2025-02-12 13:50:22.271522+00
171	wagtailadmin	0005_editingsession_is_editing	2025-02-12 13:50:22.282529+00
172	wagtaildocs	0001_initial	2025-02-12 13:50:22.346483+00
173	wagtaildocs	0002_initial_data	2025-02-12 13:50:22.371804+00
174	wagtaildocs	0003_add_verbose_names	2025-02-12 13:50:22.410005+00
175	wagtaildocs	0004_capitalizeverbose	2025-02-12 13:50:22.475719+00
176	wagtaildocs	0005_document_collection	2025-02-12 13:50:22.495968+00
177	wagtaildocs	0006_copy_document_permissions_to_collections	2025-02-12 13:50:22.517561+00
178	wagtaildocs	0005_alter_uploaded_by_user_on_delete_action	2025-02-12 13:50:22.535105+00
179	wagtaildocs	0007_merge	2025-02-12 13:50:22.535882+00
180	wagtaildocs	0008_document_file_size	2025-02-12 13:50:22.544924+00
181	wagtaildocs	0009_document_verbose_name_plural	2025-02-12 13:50:22.591769+00
182	wagtaildocs	0010_document_file_hash	2025-02-12 13:50:22.60182+00
183	wagtaildocs	0011_add_choose_permissions	2025-02-12 13:50:22.65162+00
184	wagtaildocs	0012_uploadeddocument	2025-02-12 13:50:22.67115+00
185	wagtaildocs	0013_delete_uploadeddocument	2025-02-12 13:50:22.672318+00
186	wagtaildocs	0014_alter_document_file_size	2025-02-12 13:50:22.685381+00
187	wagtailembeds	0001_initial	2025-02-12 13:50:22.691474+00
188	wagtailembeds	0002_add_verbose_names	2025-02-12 13:50:22.692922+00
189	wagtailembeds	0003_capitalizeverbose	2025-02-12 13:50:22.694273+00
190	wagtailembeds	0004_embed_verbose_name_plural	2025-02-12 13:50:22.695504+00
191	wagtailembeds	0005_specify_thumbnail_url_max_length	2025-02-12 13:50:22.69764+00
192	wagtailembeds	0006_add_embed_hash	2025-02-12 13:50:22.699184+00
193	wagtailembeds	0007_populate_hash	2025-02-12 13:50:22.720186+00
194	wagtailembeds	0008_allow_long_urls	2025-02-12 13:50:22.730395+00
195	wagtailembeds	0009_embed_cache_until	2025-02-12 13:50:22.733256+00
196	wagtailforms	0001_initial	2025-02-12 13:50:22.755906+00
197	wagtailforms	0002_add_verbose_names	2025-02-12 13:50:22.772679+00
198	wagtailforms	0003_capitalizeverbose	2025-02-12 13:50:22.789716+00
199	wagtailforms	0004_add_verbose_name_plural	2025-02-12 13:50:22.80669+00
200	wagtailforms	0005_alter_formsubmission_form_data	2025-02-12 13:50:22.826769+00
201	wagtailredirects	0001_initial	2025-02-12 13:50:22.855399+00
202	wagtailredirects	0002_add_verbose_names	2025-02-12 13:50:22.939071+00
203	wagtailredirects	0003_make_site_field_editable	2025-02-12 13:50:22.958208+00
204	wagtailredirects	0004_set_unique_on_path_and_site	2025-02-12 13:50:22.985999+00
205	wagtailredirects	0005_capitalizeverbose	2025-02-12 13:50:23.055158+00
206	wagtailredirects	0006_redirect_increase_max_length	2025-02-12 13:50:23.065998+00
207	wagtailredirects	0007_add_autocreate_fields	2025-02-12 13:50:23.094372+00
208	wagtailredirects	0008_add_verbose_name_plural	2025-02-12 13:50:23.103412+00
209	wagtailsearch	0001_initial	2025-02-12 13:50:23.154426+00
210	wagtailsearch	0002_add_verbose_names	2025-02-12 13:50:23.229992+00
211	wagtailsearch	0003_remove_editors_pick	2025-02-12 13:50:23.23104+00
212	wagtailsearch	0004_querydailyhits_verbose_name_plural	2025-02-12 13:50:23.233378+00
213	wagtailsearch	0005_create_indexentry	2025-02-12 13:50:23.262107+00
214	wagtailsearch	0006_customise_indexentry	2025-02-12 13:50:23.300849+00
215	wagtailsearch	0007_delete_editorspick	2025-02-12 13:50:23.305578+00
216	wagtailsearch	0008_remove_query_and_querydailyhits_models	2025-02-12 13:50:23.320007+00
217	wagtailusers	0001_initial	2025-02-12 13:50:23.36215+00
218	wagtailusers	0002_add_verbose_name_on_userprofile	2025-02-12 13:50:23.403446+00
219	wagtailusers	0003_add_verbose_names	2025-02-12 13:50:23.414371+00
220	wagtailusers	0004_capitalizeverbose	2025-02-12 13:50:23.449458+00
221	wagtailusers	0005_make_related_name_wagtail_specific	2025-02-12 13:50:23.483105+00
222	wagtailusers	0006_userprofile_prefered_language	2025-02-12 13:50:23.495654+00
223	wagtailusers	0007_userprofile_current_time_zone	2025-02-12 13:50:23.506091+00
224	wagtailusers	0008_userprofile_avatar	2025-02-12 13:50:23.516625+00
225	wagtailusers	0009_userprofile_verbose_name_plural	2025-02-12 13:50:23.598251+00
226	wagtailusers	0010_userprofile_updated_comments_notifications	2025-02-12 13:50:23.611073+00
227	wagtailusers	0011_userprofile_dismissibles	2025-02-12 13:50:23.625983+00
228	wagtailusers	0012_userprofile_theme	2025-02-12 13:50:23.639783+00
229	wagtailusers	0013_userprofile_density	2025-02-12 13:50:23.649115+00
230	wagtailusers	0014_userprofile_contrast	2025-02-12 13:50:23.659186+00
231	wagtailimages	0001_squashed_0021	2025-02-12 13:50:23.660747+00
232	wagtailcore	0001_squashed_0016_change_page_url_path_to_text_field	2025-02-12 13:50:23.661161+00
\.


--
-- Data for Name: django_session; Type: TABLE DATA; Schema: public; Owner: decos
--

COPY public.django_session (session_key, session_data, expire_date) FROM stdin;
90ahk8tqxnqb2pzruep6sj086vf0bunp	.eJxVj0FOxDAMRe_idVU1aZo0XbLnBAhVbuzQAE1GTSpAo7k7Dcxmdpb_-0_6V0Dn0hHLjEdZOZbgsIQU543LmijD9HKF_xsmuGDOX2knaAALTML0tjdy7GxrhVBDbxo4Mu8RNz5ppC1EuL028CefazSH6hHw8FvQfXCsAb1jfEutS7HsYWkr0t7T3D4n4s-nO_sgWDGvZ9sOrLVnL0cmY4QbhSciJbVyvbNiEQs5r7x0xuNglLKyl8OJK9J2kairNHPOdT9_X8L-c26UndVdd_sFtz5h-A:1tiEK9:7vQq239_YuhDeY_HI8G-ZJ9R27aqlykmxrm2Aykiwq8	2025-02-26 15:06:49.920911+00
\.


--
-- Data for Name: home_apisettings; Type: TABLE DATA; Schema: public; Owner: decos
--

COPY public.home_apisettings (id, elab_base_url, jenkins_base_url) FROM stdin;
\.


--
-- Data for Name: home_dmppage; Type: TABLE DATA; Schema: public; Owner: decos
--

COPY public.home_dmppage (page_ptr_id, intro, thankyou_page_title) FROM stdin;
10	<p data-block-key="u9uwj">Create or modify your laboratory data management plan here</p>	Thank you!
\.


--
-- Data for Name: home_dmpsearchpage; Type: TABLE DATA; Schema: public; Owner: decos
--

COPY public.home_dmpsearchpage (page_ptr_id) FROM stdin;
\.


--
-- Data for Name: home_dmpviewpage; Type: TABLE DATA; Schema: public; Owner: decos
--

COPY public.home_dmpviewpage (page_ptr_id, intro) FROM stdin;
\.


--
-- Data for Name: home_editsamplepage; Type: TABLE DATA; Schema: public; Owner: decos
--

COPY public.home_editsamplepage (page_ptr_id, intro) FROM stdin;
9	<p data-block-key="abnjx">Modify your sample data</p>
\.


--
-- Data for Name: home_experimentdmppage; Type: TABLE DATA; Schema: public; Owner: decos
--

COPY public.home_experimentdmppage (page_ptr_id, intro) FROM stdin;
14	
\.


--
-- Data for Name: home_footersettings; Type: TABLE DATA; Schema: public; Owner: decos
--

COPY public.home_footersettings (id, footer_text, github_url, github_icon_id) FROM stdin;
1			\N
\.


--
-- Data for Name: home_headersettings; Type: TABLE DATA; Schema: public; Owner: decos
--

COPY public.home_headersettings (id, header_text, prp_icon_id) FROM stdin;
1		1
\.


--
-- Data for Name: home_homepage; Type: TABLE DATA; Schema: public; Owner: decos
--

COPY public.home_homepage (page_ptr_id, body, intro) FROM stdin;
3		easyDMP - Home Page
\.


--
-- Data for Name: home_instrumentspage; Type: TABLE DATA; Schema: public; Owner: decos
--

COPY public.home_instrumentspage (page_ptr_id, intro, thankyou_page_title) FROM stdin;
11	<p data-block-key="o0h1i">this is just a debug page as the device will be passed by EPIRO.</p>	Thank you!
\.


--
-- Data for Name: home_pipelinespage; Type: TABLE DATA; Schema: public; Owner: decos
--

COPY public.home_pipelinespage (page_ptr_id, intro) FROM stdin;
7	<p data-block-key="avz69">This is just a stub to check the functionality.</p>
\.


--
-- Data for Name: home_proposallistpage; Type: TABLE DATA; Schema: public; Owner: decos
--

COPY public.home_proposallistpage (page_ptr_id, intro) FROM stdin;
\.


--
-- Data for Name: home_proposalsubmissionpage; Type: TABLE DATA; Schema: public; Owner: decos
--

COPY public.home_proposalsubmissionpage (page_ptr_id, intro, thankyou_page_title) FROM stdin;
\.


--
-- Data for Name: home_resultslistpage; Type: TABLE DATA; Schema: public; Owner: decos
--

COPY public.home_resultslistpage (page_ptr_id, intro) FROM stdin;
13	<p data-block-key="8z5ho">Select a result to display the report on the metadata.</p>
\.


--
-- Data for Name: home_resultspage; Type: TABLE DATA; Schema: public; Owner: decos
--

COPY public.home_resultspage (page_ptr_id, intro, thankyou_page_title) FROM stdin;
12	<p data-block-key="q8i63">Use this page to add a results to the metadata catalog.</p>	Thank you!
\.


--
-- Data for Name: home_samplelistpage; Type: TABLE DATA; Schema: public; Owner: decos
--

COPY public.home_samplelistpage (page_ptr_id, intro) FROM stdin;
6	
\.


--
-- Data for Name: home_samplepage; Type: TABLE DATA; Schema: public; Owner: decos
--

COPY public.home_samplepage (page_ptr_id, intro, thankyou_page_title) FROM stdin;
5	<p data-block-key="oie8p">add a new sample information</p>	Thank you!
\.


--
-- Data for Name: home_servicerequestsubmissionpage; Type: TABLE DATA; Schema: public; Owner: decos
--

COPY public.home_servicerequestsubmissionpage (page_ptr_id, intro, thankyou_page_title) FROM stdin;
\.


--
-- Data for Name: home_switchlabpage; Type: TABLE DATA; Schema: public; Owner: decos
--

COPY public.home_switchlabpage (page_ptr_id, intro) FROM stdin;
4	<p data-block-key="vwbp8">Use this page to switch the active laboratory</p>
\.


--
-- Data for Name: home_userdatapage; Type: TABLE DATA; Schema: public; Owner: decos
--

COPY public.home_userdatapage (page_ptr_id, intro, thankyou_page_title) FROM stdin;
8	<p data-block-key="qz8kd">Insert or modify your user data and the API keys</p>	Thank you!
\.


--
-- Data for Name: socialaccount_socialaccount; Type: TABLE DATA; Schema: public; Owner: decos
--

COPY public.socialaccount_socialaccount (id, provider, uid, last_login, date_joined, extra_data, user_id) FROM stdin;
\.


--
-- Data for Name: socialaccount_socialapp; Type: TABLE DATA; Schema: public; Owner: decos
--

COPY public.socialaccount_socialapp (id, provider, name, client_id, secret, key, provider_id, settings) FROM stdin;
\.


--
-- Data for Name: socialaccount_socialtoken; Type: TABLE DATA; Schema: public; Owner: decos
--

COPY public.socialaccount_socialtoken (id, token, token_secret, expires_at, account_id, app_id) FROM stdin;
\.


--
-- Data for Name: taggit_tag; Type: TABLE DATA; Schema: public; Owner: decos
--

COPY public.taggit_tag (id, name, slug) FROM stdin;
\.


--
-- Data for Name: taggit_taggeditem; Type: TABLE DATA; Schema: public; Owner: decos
--

COPY public.taggit_taggeditem (id, object_id, content_type_id, tag_id) FROM stdin;
\.


--
-- Data for Name: wagtailadmin_admin; Type: TABLE DATA; Schema: public; Owner: decos
--

COPY public.wagtailadmin_admin (id) FROM stdin;
\.


--
-- Data for Name: wagtailadmin_editingsession; Type: TABLE DATA; Schema: public; Owner: decos
--

COPY public.wagtailadmin_editingsession (id, object_id, last_seen_at, content_type_id, user_id, is_editing) FROM stdin;
\.


--
-- Data for Name: wagtailcore_collection; Type: TABLE DATA; Schema: public; Owner: decos
--

COPY public.wagtailcore_collection (id, path, depth, numchild, name) FROM stdin;
1	0001	1	0	Root
\.


--
-- Data for Name: wagtailcore_collectionviewrestriction; Type: TABLE DATA; Schema: public; Owner: decos
--

COPY public.wagtailcore_collectionviewrestriction (id, restriction_type, password, collection_id) FROM stdin;
\.


--
-- Data for Name: wagtailcore_collectionviewrestriction_groups; Type: TABLE DATA; Schema: public; Owner: decos
--

COPY public.wagtailcore_collectionviewrestriction_groups (id, collectionviewrestriction_id, group_id) FROM stdin;
\.


--
-- Data for Name: wagtailcore_comment; Type: TABLE DATA; Schema: public; Owner: decos
--

COPY public.wagtailcore_comment (id, text, contentpath, "position", created_at, updated_at, resolved_at, page_id, resolved_by_id, revision_created_id, user_id) FROM stdin;
\.


--
-- Data for Name: wagtailcore_commentreply; Type: TABLE DATA; Schema: public; Owner: decos
--

COPY public.wagtailcore_commentreply (id, text, created_at, updated_at, comment_id, user_id) FROM stdin;
\.


--
-- Data for Name: wagtailcore_groupapprovaltask; Type: TABLE DATA; Schema: public; Owner: decos
--

COPY public.wagtailcore_groupapprovaltask (task_ptr_id) FROM stdin;
1
\.


--
-- Data for Name: wagtailcore_groupapprovaltask_groups; Type: TABLE DATA; Schema: public; Owner: decos
--

COPY public.wagtailcore_groupapprovaltask_groups (id, groupapprovaltask_id, group_id) FROM stdin;
1	1	1
\.


--
-- Data for Name: wagtailcore_groupcollectionpermission; Type: TABLE DATA; Schema: public; Owner: decos
--

COPY public.wagtailcore_groupcollectionpermission (id, collection_id, group_id, permission_id) FROM stdin;
1	1	1	1
2	1	2	1
3	1	1	2
4	1	2	2
5	1	1	5
6	1	2	5
7	1	1	106
8	1	2	106
9	1	1	107
10	1	2	107
11	1	1	109
12	1	2	109
\.


--
-- Data for Name: wagtailcore_grouppagepermission; Type: TABLE DATA; Schema: public; Owner: decos
--

COPY public.wagtailcore_grouppagepermission (id, group_id, page_id, permission_id) FROM stdin;
1	1	1	38
2	1	1	39
3	1	1	44
4	2	1	38
5	2	1	39
6	1	1	43
7	1	1	45
\.


--
-- Data for Name: wagtailcore_locale; Type: TABLE DATA; Schema: public; Owner: decos
--

COPY public.wagtailcore_locale (id, language_code) FROM stdin;
1	en
\.


--
-- Data for Name: wagtailcore_modellogentry; Type: TABLE DATA; Schema: public; Owner: decos
--

COPY public.wagtailcore_modellogentry (id, label, action, data, "timestamp", content_changed, deleted, object_id, content_type_id, user_id, uuid, revision_id) FROM stdin;
1	header settings	wagtail.edit	{}	2025-02-12 13:52:40.491385+00	t	f	1	48	1	5b94a07b-75f1-4728-ae9e-ce9af7ef6da5	\N
2	admin	wagtail.edit	{}	2025-02-12 13:52:53.70733+00	t	f	1	61	1	e284ff69-deb6-4b2c-a976-5af2ff7e3891	\N
3	admin	wagtail.edit	{}	2025-02-12 13:53:19.076188+00	t	f	1	61	1	2061c088-242f-458c-871d-bb95d5ce2e04	\N
4	easydmp [default]	wagtail.create	{}	2025-02-12 13:55:24.628207+00	t	f	2	6	1	0e01d159-cbe1-4c25-b666-c5b918c53dd9	\N
5	root	wagtail.edit	{}	2025-02-12 15:14:15.086406+00	t	f	1	61	1	03a5b492-8bfb-492c-a01b-c1a01bb286ed	\N
\.


--
-- Data for Name: wagtailcore_page; Type: TABLE DATA; Schema: public; Owner: decos
--

COPY public.wagtailcore_page (id, path, depth, numchild, title, slug, live, has_unpublished_changes, url_path, seo_title, show_in_menus, search_description, go_live_at, expire_at, expired, content_type_id, owner_id, locked, latest_revision_created_at, first_published_at, live_revision_id, last_published_at, draft_title, locked_at, locked_by_id, translation_key, locale_id, alias_of_id, latest_revision_id) FROM stdin;
8	000100010005	3	0	User data	user-data	t	f	/easydmp-home/user-data/		t		\N	\N	f	46	1	f	2025-02-12 14:02:07.434031+00	2025-02-12 14:02:07.449266+00	11	2025-02-12 14:02:07.449266+00	User data	\N	\N	25e92457-14c0-4c25-b898-081dc11fe495	1	\N	11
3	00010001	2	10	easyDMP - Home Page	easydmp-home	t	f	/easydmp-home/		f		\N	\N	f	28	1	f	2025-02-12 13:54:17.573128+00	2025-02-12 13:54:17.586309+00	1	2025-02-12 13:54:17.586309+00	easyDMP - Home Page	\N	\N	cf3f2902-842b-4f73-b292-1fe586e83f70	1	\N	1
1	0001	1	1	Root	root	t	f	/		f		\N	\N	f	1	\N	f	\N	\N	\N	\N	Root	\N	\N	a1dad65c-57e7-4262-89ab-b4fd651d428c	1	\N	\N
9	000100010006	3	0	Edit sample entry	edit-sample-entry	t	f	/easydmp-home/edit-sample-entry/		f		\N	\N	f	34	1	f	2025-02-12 14:05:18.206976+00	2025-02-12 14:05:18.216483+00	13	2025-02-12 14:05:18.216483+00	Edit sample entry	\N	\N	f97447bf-4678-4902-8b0c-e0438a830dd4	1	\N	13
4	000100010001	3	0	Switch laboratory	switch-laboratory	t	f	/easydmp-home/switch-laboratory/		f		\N	\N	f	45	1	f	2025-02-12 13:54:58.739485+00	2025-02-12 13:54:58.750296+00	3	2025-02-12 13:54:58.750296+00	Switch laboratory	\N	\N	055c6a35-55fb-4b88-b664-87ca58a84b4b	1	\N	3
5	000100010002	3	0	Add Sample	add-sample	t	f	/easydmp-home/add-sample/		t		\N	\N	f	43	1	f	2025-02-12 13:58:52.174568+00	2025-02-12 13:58:52.183518+00	5	2025-02-12 13:58:52.183518+00	Add Sample	\N	\N	54d570a5-a716-4378-be60-d1e23276b2f5	1	\N	5
6	000100010003	3	0	Sample List	sample-list	t	f	/easydmp-home/sample-list/		t		\N	\N	f	42	1	f	2025-02-12 14:00:30.414186+00	2025-02-12 14:00:30.423469+00	7	2025-02-12 14:00:30.423469+00	Sample List	\N	\N	6c7620af-0198-42d5-9a98-0b7001e2fef0	1	\N	7
10	000100010007	3	0	Core Data Management Plan	core-data-management-plan	t	f	/easydmp-home/core-data-management-plan/		t		\N	\N	f	31	1	f	2025-02-12 14:26:13.461325+00	2025-02-12 14:26:13.473254+00	15	2025-02-12 14:26:13.473254+00	Core Data Management Plan	\N	\N	d15c7ee1-e8fd-4cac-b816-57b07c495607	1	\N	15
7	000100010004	3	0	Pipelines view	pipelines	t	f	/easydmp-home/pipelines/		t		\N	\N	f	37	1	f	2025-02-12 14:01:21.460634+00	2025-02-12 14:01:21.471553+00	9	2025-02-12 14:01:21.471553+00	Pipelines view	\N	\N	829773b6-51d5-4163-a821-d25d36ed5130	1	\N	9
13	00010001000A	3	1	Result list	result-list	t	f	/easydmp-home/result-list/		t		\N	\N	f	40	1	f	2025-02-12 14:35:29.82397+00	2025-02-12 14:35:53.248414+00	21	2025-02-12 14:35:53.248414+00	Result list	\N	\N	274feb16-74dd-4e75-b94b-23eab681d08f	1	\N	21
11	000100010008	3	0	Add Instrument	add-instrument	t	f	/easydmp-home/add-instrument/		t		\N	\N	f	36	1	f	2025-02-12 14:33:24.320877+00	2025-02-12 14:33:24.329604+00	18	2025-02-12 14:33:24.329604+00	Add Instrument	\N	\N	4a422839-fab1-45df-8052-ab6fdbe905b7	1	\N	18
12	000100010009	3	0	Add Result	add-result	t	f	/easydmp-home/add-result/		t		\N	\N	f	41	1	f	2025-02-12 14:34:53.648001+00	2025-02-12 14:34:53.658141+00	20	2025-02-12 14:34:53.658141+00	Add Result	\N	\N	50491fd8-5ab6-454b-935f-b6e986702aab	1	\N	20
14	00010001000A0001	4	0	Experiment metadata	dmp	t	f	/easydmp-home/result-list/dmp/		t		\N	\N	f	35	1	f	2025-02-12 14:37:41.054976+00	2025-02-12 14:36:41.408952+00	24	2025-02-12 14:37:41.092269+00	Experiment metadata	\N	\N	bfd84a22-e19e-4b79-85f4-44feee289c7e	1	\N	24
\.


--
-- Data for Name: wagtailcore_pagelogentry; Type: TABLE DATA; Schema: public; Owner: decos
--

COPY public.wagtailcore_pagelogentry (id, label, action, data, "timestamp", content_changed, deleted, content_type_id, page_id, revision_id, user_id, uuid) FROM stdin;
1	Welcome to your new Wagtail site!	wagtail.delete	{}	2025-02-12 13:53:40.009758+00	f	t	1	2	\N	1	07c2e3fa-5e22-4ca0-9cf3-fb6f1389c153
2	easyDMP - Home Page	wagtail.create	{}	2025-02-12 13:54:17.547216+00	t	f	28	3	\N	1	3dd29159-bc11-4656-9886-85754fff7fc6
3	easyDMP - Home Page	wagtail.edit	{}	2025-02-12 13:54:17.579941+00	t	f	28	3	1	1	3dd29159-bc11-4656-9886-85754fff7fc6
4	easyDMP - Home Page	wagtail.publish	{}	2025-02-12 13:54:17.598227+00	t	f	28	3	1	1	3dd29159-bc11-4656-9886-85754fff7fc6
5	Switch laboratory	wagtail.create	{}	2025-02-12 13:54:52.965882+00	t	f	45	4	\N	1	b0aefdd8-d2d3-4bea-9070-e085468c2c95
6	Switch laboratory	wagtail.edit	{}	2025-02-12 13:54:52.993284+00	t	f	45	4	2	1	b0aefdd8-d2d3-4bea-9070-e085468c2c95
7	Switch laboratory	wagtail.view_restriction.create	{"restriction": {"type": "login", "title": "Private, accessible to any logged-in users"}}	2025-02-12 13:54:56.747824+00	f	f	45	4	\N	1	ab929a25-2231-4ccb-b8a2-515f7739664d
8	Switch laboratory	wagtail.edit	{}	2025-02-12 13:54:58.746254+00	t	f	45	4	3	1	67536615-844f-4948-bab7-a9f3da3307f5
9	Switch laboratory	wagtail.publish	{}	2025-02-12 13:54:58.766162+00	f	f	45	4	3	1	67536615-844f-4948-bab7-a9f3da3307f5
10	Add Sample	wagtail.create	{}	2025-02-12 13:58:45.167769+00	t	f	43	5	\N	1	e297960f-efe6-4e0c-b36d-ece2f31e7b7f
11	Add Sample	wagtail.edit	{}	2025-02-12 13:58:45.214311+00	t	f	43	5	4	1	e297960f-efe6-4e0c-b36d-ece2f31e7b7f
12	Add Sample	wagtail.view_restriction.create	{"restriction": {"type": "login", "title": "Private, accessible to any logged-in users"}}	2025-02-12 13:58:48.733318+00	f	f	43	5	\N	1	caa7ce22-22d3-41db-bd9d-897183fc7a6a
13	Add Sample	wagtail.edit	{}	2025-02-12 13:58:52.179737+00	t	f	43	5	5	1	b1d353b9-7646-4696-97e5-bc96e56ceb33
14	Add Sample	wagtail.publish	{}	2025-02-12 13:58:52.193276+00	f	f	43	5	5	1	b1d353b9-7646-4696-97e5-bc96e56ceb33
15	Sample List	wagtail.create	{}	2025-02-12 14:00:25.361+00	t	f	42	6	\N	1	cf5299b8-4fc9-43f6-ad17-11c363828659
16	Sample List	wagtail.edit	{}	2025-02-12 14:00:25.389711+00	t	f	42	6	6	1	cf5299b8-4fc9-43f6-ad17-11c363828659
17	Sample List	wagtail.view_restriction.create	{"restriction": {"type": "login", "title": "Private, accessible to any logged-in users"}}	2025-02-12 14:00:28.4798+00	f	f	42	6	\N	1	8497d844-df6e-49bf-b609-e11e3e3ce014
18	Sample List	wagtail.edit	{}	2025-02-12 14:00:30.42011+00	t	f	42	6	7	1	f5564453-2482-47e8-807a-7ee9a291d075
19	Sample List	wagtail.publish	{}	2025-02-12 14:00:30.433593+00	f	f	42	6	7	1	f5564453-2482-47e8-807a-7ee9a291d075
20	Pipelines view	wagtail.create	{}	2025-02-12 14:01:16.444786+00	t	f	37	7	\N	1	a4fa1418-6f7f-4156-9bf3-52c608af062a
21	Pipelines view	wagtail.edit	{}	2025-02-12 14:01:16.470176+00	t	f	37	7	8	1	a4fa1418-6f7f-4156-9bf3-52c608af062a
22	Pipelines view	wagtail.view_restriction.create	{"restriction": {"type": "login", "title": "Private, accessible to any logged-in users"}}	2025-02-12 14:01:19.526117+00	f	f	37	7	\N	1	ab0afb1f-b13c-4f0b-9562-6d0ec6740253
23	Pipelines view	wagtail.edit	{}	2025-02-12 14:01:21.468093+00	t	f	37	7	9	1	b5066f3c-16c2-4f6f-b387-ca6a6f6ad380
24	Pipelines view	wagtail.publish	{}	2025-02-12 14:01:21.481467+00	f	f	37	7	9	1	b5066f3c-16c2-4f6f-b387-ca6a6f6ad380
25	User data	wagtail.create	{}	2025-02-12 14:01:59.831411+00	t	f	46	8	\N	1	1f4f0678-3c0f-452d-a5cf-7d3269b8434b
26	User data	wagtail.edit	{}	2025-02-12 14:01:59.86908+00	t	f	46	8	10	1	1f4f0678-3c0f-452d-a5cf-7d3269b8434b
27	User data	wagtail.view_restriction.create	{"restriction": {"type": "login", "title": "Private, accessible to any logged-in users"}}	2025-02-12 14:02:05.696444+00	f	f	46	8	\N	1	c2e865ea-8e39-4dc3-864b-c2284a7308b8
28	User data	wagtail.edit	{}	2025-02-12 14:02:07.443359+00	t	f	46	8	11	1	d78cf66f-8705-4938-b4c7-ab31420a7179
29	User data	wagtail.publish	{}	2025-02-12 14:02:07.46689+00	f	f	46	8	11	1	d78cf66f-8705-4938-b4c7-ab31420a7179
30	Edit sample entry	wagtail.create	{}	2025-02-12 14:05:13.065887+00	t	f	34	9	\N	1	529aafe6-a7ea-48a1-b682-bcfa15e23aef
31	Edit sample entry	wagtail.edit	{}	2025-02-12 14:05:13.112178+00	t	f	34	9	12	1	529aafe6-a7ea-48a1-b682-bcfa15e23aef
32	Edit sample entry	wagtail.view_restriction.create	{"restriction": {"type": "login", "title": "Private, accessible to any logged-in users"}}	2025-02-12 14:05:16.467942+00	f	f	34	9	\N	1	f6dbde9a-e93a-47cc-8470-c97f23a8f9ec
33	Edit sample entry	wagtail.edit	{}	2025-02-12 14:05:18.212416+00	t	f	34	9	13	1	96d66fba-47f6-4474-ac1e-00662389b0c8
34	Edit sample entry	wagtail.publish	{}	2025-02-12 14:05:18.226312+00	f	f	34	9	13	1	96d66fba-47f6-4474-ac1e-00662389b0c8
35	Core Data Management Plan	wagtail.create	{}	2025-02-12 14:26:06.958035+00	t	f	31	10	\N	1	c0b02386-c0d8-4b25-a636-5f5b1c93e005
36	Core Data Management Plan	wagtail.edit	{}	2025-02-12 14:26:07.017238+00	t	f	31	10	14	1	c0b02386-c0d8-4b25-a636-5f5b1c93e005
37	Core Data Management Plan	wagtail.view_restriction.create	{"restriction": {"type": "login", "title": "Private, accessible to any logged-in users"}}	2025-02-12 14:26:10.504881+00	f	f	31	10	\N	1	ae9ff9aa-742c-40db-8b70-c218eb0a5195
38	Core Data Management Plan	wagtail.edit	{}	2025-02-12 14:26:13.467933+00	t	f	31	10	15	1	21873647-e773-4287-bf4f-05d88c217dbf
39	Core Data Management Plan	wagtail.publish	{}	2025-02-12 14:26:13.485342+00	f	f	31	10	15	1	21873647-e773-4287-bf4f-05d88c217dbf
40	Add Instrument	wagtail.create	{}	2025-02-12 14:33:04.388549+00	t	f	36	11	\N	1	46e0435c-43b1-40be-ada6-52217b75eeeb
41	Add Instrument	wagtail.edit	{}	2025-02-12 14:33:04.420641+00	t	f	36	11	16	1	46e0435c-43b1-40be-ada6-52217b75eeeb
42	Add Instrument	wagtail.edit	{}	2025-02-12 14:33:15.882155+00	t	f	36	11	17	1	f8061a9c-4fd2-4d67-99a2-855c7e648c4c
43	Add Instrument	wagtail.view_restriction.create	{"restriction": {"type": "login", "title": "Private, accessible to any logged-in users"}}	2025-02-12 14:33:19.950553+00	f	f	36	11	\N	1	b3b3c583-7a38-4e20-ab09-17800935ce3f
44	Add Instrument	wagtail.edit	{}	2025-02-12 14:33:24.326109+00	t	f	36	11	18	1	4aeed2fe-f6df-4ae1-94c8-319c5d5d634d
45	Add Instrument	wagtail.publish	{}	2025-02-12 14:33:24.339932+00	f	f	36	11	18	1	4aeed2fe-f6df-4ae1-94c8-319c5d5d634d
46	Add Result	wagtail.create	{}	2025-02-12 14:34:47.489076+00	t	f	41	12	\N	1	28477b8d-4050-4451-bddf-f155dcbd0c7a
47	Add Result	wagtail.edit	{}	2025-02-12 14:34:47.51528+00	t	f	41	12	19	1	28477b8d-4050-4451-bddf-f155dcbd0c7a
48	Add Result	wagtail.view_restriction.create	{"restriction": {"type": "login", "title": "Private, accessible to any logged-in users"}}	2025-02-12 14:34:51.803412+00	f	f	41	12	\N	1	684f4148-5c58-49ac-bcdf-9facc9c6787c
49	Add Result	wagtail.edit	{}	2025-02-12 14:34:53.653763+00	t	f	41	12	20	1	874a02cc-a27d-4e33-b6aa-7c4baec4b4a6
50	Add Result	wagtail.publish	{}	2025-02-12 14:34:53.66833+00	f	f	41	12	20	1	874a02cc-a27d-4e33-b6aa-7c4baec4b4a6
51	Result list	wagtail.create	{}	2025-02-12 14:35:29.807773+00	t	f	40	13	\N	1	d4b7656d-f809-4cac-8cb4-f67dafc93093
52	Result list	wagtail.edit	{}	2025-02-12 14:35:29.829451+00	t	f	40	13	21	1	d4b7656d-f809-4cac-8cb4-f67dafc93093
53	Result list	wagtail.workflow.start	{"workflow": {"id": 1, "next": {"id": 1, "title": "Moderators approval"}, "title": "Moderators approval", "status": "in_progress", "task_state_id": 1}}	2025-02-12 14:35:29.876919+00	f	f	40	13	21	1	d4b7656d-f809-4cac-8cb4-f67dafc93093
54	Result list	wagtail.view_restriction.create	{"restriction": {"type": "login", "title": "Private, accessible to any logged-in users"}}	2025-02-12 14:35:49.887035+00	f	f	40	13	\N	1	ff100daa-6879-47ae-8689-fb921cb29286
55	Result list	wagtail.workflow.approve	{"comment": "", "workflow": {"id": 1, "next": null, "task": {"id": 1, "title": "Moderators approval"}, "title": "Moderators approval", "status": "approved", "task_state_id": 1}}	2025-02-12 14:35:53.24039+00	f	f	40	13	21	1	fa19efb6-3bdf-46c1-a693-717d03dba2d5
56	Result list	wagtail.publish	{}	2025-02-12 14:35:53.256901+00	t	f	40	13	21	1	fa19efb6-3bdf-46c1-a693-717d03dba2d5
57	Experiment metadata	wagtail.create	{}	2025-02-12 14:36:35.67547+00	t	f	35	14	\N	1	3beca269-3f73-4fbd-b9cd-04bc1cdc4be2
58	Experiment metadata	wagtail.edit	{}	2025-02-12 14:36:35.705527+00	t	f	35	14	22	1	3beca269-3f73-4fbd-b9cd-04bc1cdc4be2
59	Experiment metadata	wagtail.view_restriction.create	{"restriction": {"type": "login", "title": "Private, accessible to any logged-in users"}}	2025-02-12 14:36:39.013467+00	f	f	35	14	\N	1	46e449ef-967e-42a5-a7e8-598cdf1369de
60	Experiment metadata	wagtail.edit	{}	2025-02-12 14:36:41.405687+00	t	f	35	14	23	1	1af6e791-5c83-4a6c-b323-d7a3d7cfcd54
61	Experiment metadata	wagtail.publish	{}	2025-02-12 14:36:41.418971+00	f	f	35	14	23	1	1af6e791-5c83-4a6c-b323-d7a3d7cfcd54
62	Experiment metadata	wagtail.edit	{}	2025-02-12 14:37:41.087416+00	t	f	35	14	24	1	5cbd9198-63f6-442b-ba83-03e4a77fee8b
63	Experiment metadata	wagtail.publish	{}	2025-02-12 14:37:41.110471+00	t	f	35	14	24	1	5cbd9198-63f6-442b-ba83-03e4a77fee8b
\.


--
-- Data for Name: wagtailcore_pagesubscription; Type: TABLE DATA; Schema: public; Owner: decos
--

COPY public.wagtailcore_pagesubscription (id, comment_notifications, page_id, user_id) FROM stdin;
1	t	3	1
2	t	4	1
3	t	5	1
4	t	6	1
5	t	7	1
6	t	8	1
7	t	9	1
8	t	10	1
9	t	11	1
10	t	12	1
11	t	13	1
12	t	14	1
\.


--
-- Data for Name: wagtailcore_pageviewrestriction; Type: TABLE DATA; Schema: public; Owner: decos
--

COPY public.wagtailcore_pageviewrestriction (id, password, page_id, restriction_type) FROM stdin;
1		4	login
2		5	login
3		6	login
4		7	login
5		8	login
6		9	login
7		10	login
8		11	login
9		12	login
10		13	login
11		14	login
\.


--
-- Data for Name: wagtailcore_pageviewrestriction_groups; Type: TABLE DATA; Schema: public; Owner: decos
--

COPY public.wagtailcore_pageviewrestriction_groups (id, pageviewrestriction_id, group_id) FROM stdin;
\.


--
-- Data for Name: wagtailcore_referenceindex; Type: TABLE DATA; Schema: public; Owner: decos
--

COPY public.wagtailcore_referenceindex (id, object_id, to_object_id, model_path, content_path, content_path_hash, base_content_type_id, content_type_id, to_content_type_id) FROM stdin;
1	1	1	collection	collection	b40b1263-e929-57f2-a7f8-9dbce56b887b	2	2	9
\.


--
-- Data for Name: wagtailcore_revision; Type: TABLE DATA; Schema: public; Owner: decos
--

COPY public.wagtailcore_revision (id, created_at, content, approved_go_live_at, object_id, user_id, content_type_id, base_content_type_id, object_str) FROM stdin;
1	2025-02-12 13:54:17.573128+00	{"pk": 3, "body": "", "live": true, "path": "00010001", "slug": "easydmp-home", "depth": 2, "intro": "easyDMP - Home Page", "owner": 1, "title": "easyDMP - Home Page", "locale": 1, "locked": false, "expired": false, "alias_of": null, "numchild": 0, "url_path": "/easydmp-home/", "expire_at": null, "locked_at": null, "locked_by": null, "seo_title": "", "go_live_at": null, "draft_title": "easyDMP - Home Page", "content_type": 28, "live_revision": null, "show_in_menus": false, "latest_revision": null, "translation_key": "cf3f2902-842b-4f73-b292-1fe586e83f70", "last_published_at": null, "first_published_at": null, "search_description": "", "wagtail_admin_comments": [], "has_unpublished_changes": false, "latest_revision_created_at": null}	\N	3	1	28	1	easyDMP - Home Page
2	2025-02-12 13:54:52.986736+00	{"pk": 4, "live": false, "path": "000100010001", "slug": "switch-laboratory", "depth": 3, "intro": "<p data-block-key=\\"vwbp8\\">Use this page to switch the active laboratory</p>", "owner": 1, "title": "Switch laboratory", "locale": 1, "locked": false, "expired": false, "alias_of": null, "numchild": 0, "url_path": "/easydmp-home/switch-laboratory/", "expire_at": null, "locked_at": null, "locked_by": null, "seo_title": "", "go_live_at": null, "draft_title": "Switch laboratory", "content_type": 45, "live_revision": null, "show_in_menus": false, "latest_revision": null, "translation_key": "055c6a35-55fb-4b88-b664-87ca58a84b4b", "last_published_at": null, "first_published_at": null, "search_description": "", "wagtail_admin_comments": [], "has_unpublished_changes": false, "latest_revision_created_at": null}	\N	4	1	45	1	Switch laboratory
3	2025-02-12 13:54:58.739485+00	{"pk": 4, "live": false, "path": "000100010001", "slug": "switch-laboratory", "depth": 3, "intro": "<p data-block-key=\\"vwbp8\\">Use this page to switch the active laboratory</p>", "owner": 1, "title": "Switch laboratory", "locale": 1, "locked": false, "expired": false, "alias_of": null, "numchild": 0, "url_path": "/easydmp-home/switch-laboratory/", "expire_at": null, "locked_at": null, "locked_by": null, "seo_title": "", "go_live_at": null, "draft_title": "Switch laboratory", "content_type": 45, "live_revision": null, "show_in_menus": false, "latest_revision": 2, "translation_key": "055c6a35-55fb-4b88-b664-87ca58a84b4b", "last_published_at": null, "first_published_at": null, "search_description": "", "wagtail_admin_comments": [], "has_unpublished_changes": true, "latest_revision_created_at": "2025-02-12T13:54:52.986Z"}	\N	4	1	45	1	Switch laboratory
4	2025-02-12 13:58:45.208437+00	{"pk": 5, "live": false, "path": "000100010002", "slug": "add-sample", "depth": 3, "intro": "<p data-block-key=\\"oie8p\\">add a new sample information</p>", "owner": 1, "title": "Add Sample", "locale": 1, "locked": false, "expired": false, "alias_of": null, "numchild": 0, "url_path": "/easydmp-home/add-sample/", "expire_at": null, "locked_at": null, "locked_by": null, "seo_title": "", "go_live_at": null, "draft_title": "Add Sample", "content_type": 43, "live_revision": null, "show_in_menus": true, "latest_revision": null, "translation_key": "54d570a5-a716-4378-be60-d1e23276b2f5", "last_published_at": null, "first_published_at": null, "search_description": "", "thankyou_page_title": "Thank you!", "wagtail_admin_comments": [], "has_unpublished_changes": false, "latest_revision_created_at": null}	\N	5	1	43	1	Add Sample
5	2025-02-12 13:58:52.174568+00	{"pk": 5, "live": false, "path": "000100010002", "slug": "add-sample", "depth": 3, "intro": "<p data-block-key=\\"oie8p\\">add a new sample information</p>", "owner": 1, "title": "Add Sample", "locale": 1, "locked": false, "expired": false, "alias_of": null, "numchild": 0, "url_path": "/easydmp-home/add-sample/", "expire_at": null, "locked_at": null, "locked_by": null, "seo_title": "", "go_live_at": null, "draft_title": "Add Sample", "content_type": 43, "live_revision": null, "show_in_menus": true, "latest_revision": 4, "translation_key": "54d570a5-a716-4378-be60-d1e23276b2f5", "last_published_at": null, "first_published_at": null, "search_description": "", "thankyou_page_title": "Thank you!", "wagtail_admin_comments": [], "has_unpublished_changes": true, "latest_revision_created_at": "2025-02-12T13:58:45.208Z"}	\N	5	1	43	1	Add Sample
6	2025-02-12 14:00:25.382976+00	{"pk": 6, "live": false, "path": "000100010003", "slug": "sample-list", "depth": 3, "intro": "", "owner": 1, "title": "Sample List", "locale": 1, "locked": false, "expired": false, "alias_of": null, "numchild": 0, "url_path": "/easydmp-home/sample-list/", "expire_at": null, "locked_at": null, "locked_by": null, "seo_title": "", "go_live_at": null, "draft_title": "Sample List", "content_type": 42, "live_revision": null, "show_in_menus": true, "latest_revision": null, "translation_key": "6c7620af-0198-42d5-9a98-0b7001e2fef0", "last_published_at": null, "first_published_at": null, "search_description": "", "wagtail_admin_comments": [], "has_unpublished_changes": false, "latest_revision_created_at": null}	\N	6	1	42	1	Sample List
7	2025-02-12 14:00:30.414186+00	{"pk": 6, "live": false, "path": "000100010003", "slug": "sample-list", "depth": 3, "intro": "", "owner": 1, "title": "Sample List", "locale": 1, "locked": false, "expired": false, "alias_of": null, "numchild": 0, "url_path": "/easydmp-home/sample-list/", "expire_at": null, "locked_at": null, "locked_by": null, "seo_title": "", "go_live_at": null, "draft_title": "Sample List", "content_type": 42, "live_revision": null, "show_in_menus": true, "latest_revision": 6, "translation_key": "6c7620af-0198-42d5-9a98-0b7001e2fef0", "last_published_at": null, "first_published_at": null, "search_description": "", "wagtail_admin_comments": [], "has_unpublished_changes": true, "latest_revision_created_at": "2025-02-12T14:00:25.382Z"}	\N	6	1	42	1	Sample List
8	2025-02-12 14:01:16.463048+00	{"pk": 7, "live": false, "path": "000100010004", "slug": "pipelines", "depth": 3, "intro": "<p data-block-key=\\"avz69\\">This is just a stub to check the functionality.</p>", "owner": 1, "title": "Pipelines view", "locale": 1, "locked": false, "expired": false, "alias_of": null, "numchild": 0, "url_path": "/easydmp-home/pipelines/", "expire_at": null, "locked_at": null, "locked_by": null, "seo_title": "", "go_live_at": null, "draft_title": "Pipelines view", "content_type": 37, "live_revision": null, "show_in_menus": true, "latest_revision": null, "translation_key": "829773b6-51d5-4163-a821-d25d36ed5130", "last_published_at": null, "first_published_at": null, "search_description": "", "wagtail_admin_comments": [], "has_unpublished_changes": false, "latest_revision_created_at": null}	\N	7	1	37	1	Pipelines view
9	2025-02-12 14:01:21.460634+00	{"pk": 7, "live": false, "path": "000100010004", "slug": "pipelines", "depth": 3, "intro": "<p data-block-key=\\"avz69\\">This is just a stub to check the functionality.</p>", "owner": 1, "title": "Pipelines view", "locale": 1, "locked": false, "expired": false, "alias_of": null, "numchild": 0, "url_path": "/easydmp-home/pipelines/", "expire_at": null, "locked_at": null, "locked_by": null, "seo_title": "", "go_live_at": null, "draft_title": "Pipelines view", "content_type": 37, "live_revision": null, "show_in_menus": true, "latest_revision": 8, "translation_key": "829773b6-51d5-4163-a821-d25d36ed5130", "last_published_at": null, "first_published_at": null, "search_description": "", "wagtail_admin_comments": [], "has_unpublished_changes": true, "latest_revision_created_at": "2025-02-12T14:01:16.463Z"}	\N	7	1	37	1	Pipelines view
10	2025-02-12 14:01:59.862409+00	{"pk": 8, "live": false, "path": "000100010005", "slug": "user-data", "depth": 3, "intro": "<p data-block-key=\\"qz8kd\\">Insert or modify your user data and the API keys</p>", "owner": 1, "title": "User data", "locale": 1, "locked": false, "expired": false, "alias_of": null, "numchild": 0, "url_path": "/easydmp-home/user-data/", "expire_at": null, "locked_at": null, "locked_by": null, "seo_title": "", "go_live_at": null, "draft_title": "User data", "content_type": 46, "live_revision": null, "show_in_menus": true, "latest_revision": null, "translation_key": "25e92457-14c0-4c25-b898-081dc11fe495", "last_published_at": null, "first_published_at": null, "search_description": "", "thankyou_page_title": "Thank you!", "wagtail_admin_comments": [], "has_unpublished_changes": false, "latest_revision_created_at": null}	\N	8	1	46	1	User data
11	2025-02-12 14:02:07.434031+00	{"pk": 8, "live": false, "path": "000100010005", "slug": "user-data", "depth": 3, "intro": "<p data-block-key=\\"qz8kd\\">Insert or modify your user data and the API keys</p>", "owner": 1, "title": "User data", "locale": 1, "locked": false, "expired": false, "alias_of": null, "numchild": 0, "url_path": "/easydmp-home/user-data/", "expire_at": null, "locked_at": null, "locked_by": null, "seo_title": "", "go_live_at": null, "draft_title": "User data", "content_type": 46, "live_revision": null, "show_in_menus": true, "latest_revision": 10, "translation_key": "25e92457-14c0-4c25-b898-081dc11fe495", "last_published_at": null, "first_published_at": null, "search_description": "", "thankyou_page_title": "Thank you!", "wagtail_admin_comments": [], "has_unpublished_changes": true, "latest_revision_created_at": "2025-02-12T14:01:59.862Z"}	\N	8	1	46	1	User data
12	2025-02-12 14:05:13.105109+00	{"pk": 9, "live": false, "path": "000100010006", "slug": "edit-sample-entry", "depth": 3, "intro": "<p data-block-key=\\"abnjx\\">Modify your sample data</p>", "owner": 1, "title": "Edit sample entry", "locale": 1, "locked": false, "expired": false, "alias_of": null, "numchild": 0, "url_path": "/easydmp-home/edit-sample-entry/", "expire_at": null, "locked_at": null, "locked_by": null, "seo_title": "", "go_live_at": null, "draft_title": "Edit sample entry", "content_type": 34, "live_revision": null, "show_in_menus": false, "latest_revision": null, "translation_key": "f97447bf-4678-4902-8b0c-e0438a830dd4", "last_published_at": null, "first_published_at": null, "search_description": "", "wagtail_admin_comments": [], "has_unpublished_changes": false, "latest_revision_created_at": null}	\N	9	1	34	1	Edit sample entry
13	2025-02-12 14:05:18.206976+00	{"pk": 9, "live": false, "path": "000100010006", "slug": "edit-sample-entry", "depth": 3, "intro": "<p data-block-key=\\"abnjx\\">Modify your sample data</p>", "owner": 1, "title": "Edit sample entry", "locale": 1, "locked": false, "expired": false, "alias_of": null, "numchild": 0, "url_path": "/easydmp-home/edit-sample-entry/", "expire_at": null, "locked_at": null, "locked_by": null, "seo_title": "", "go_live_at": null, "draft_title": "Edit sample entry", "content_type": 34, "live_revision": null, "show_in_menus": false, "latest_revision": 12, "translation_key": "f97447bf-4678-4902-8b0c-e0438a830dd4", "last_published_at": null, "first_published_at": null, "search_description": "", "wagtail_admin_comments": [], "has_unpublished_changes": true, "latest_revision_created_at": "2025-02-12T14:05:13.105Z"}	\N	9	1	34	1	Edit sample entry
14	2025-02-12 14:26:07.00995+00	{"pk": 10, "live": false, "path": "000100010007", "slug": "core-data-management-plan", "depth": 3, "intro": "<p data-block-key=\\"u9uwj\\">Create or modify your laboratory data management plan here</p>", "owner": 1, "title": "Core Data Management Plan", "locale": 1, "locked": false, "expired": false, "alias_of": null, "numchild": 0, "url_path": "/easydmp-home/core-data-management-plan/", "expire_at": null, "locked_at": null, "locked_by": null, "seo_title": "", "go_live_at": null, "draft_title": "Core Data Management Plan", "content_type": 31, "live_revision": null, "show_in_menus": true, "latest_revision": null, "translation_key": "d15c7ee1-e8fd-4cac-b816-57b07c495607", "last_published_at": null, "first_published_at": null, "search_description": "", "thankyou_page_title": "Thank you!", "wagtail_admin_comments": [], "has_unpublished_changes": false, "latest_revision_created_at": null}	\N	10	1	31	1	Core Data Management Plan
15	2025-02-12 14:26:13.461325+00	{"pk": 10, "live": false, "path": "000100010007", "slug": "core-data-management-plan", "depth": 3, "intro": "<p data-block-key=\\"u9uwj\\">Create or modify your laboratory data management plan here</p>", "owner": 1, "title": "Core Data Management Plan", "locale": 1, "locked": false, "expired": false, "alias_of": null, "numchild": 0, "url_path": "/easydmp-home/core-data-management-plan/", "expire_at": null, "locked_at": null, "locked_by": null, "seo_title": "", "go_live_at": null, "draft_title": "Core Data Management Plan", "content_type": 31, "live_revision": null, "show_in_menus": true, "latest_revision": 14, "translation_key": "d15c7ee1-e8fd-4cac-b816-57b07c495607", "last_published_at": null, "first_published_at": null, "search_description": "", "thankyou_page_title": "Thank you!", "wagtail_admin_comments": [], "has_unpublished_changes": true, "latest_revision_created_at": "2025-02-12T14:26:07.009Z"}	\N	10	1	31	1	Core Data Management Plan
16	2025-02-12 14:33:04.41318+00	{"pk": 11, "live": false, "path": "000100010008", "slug": "add-instrument", "depth": 3, "intro": "<p data-block-key=\\"o0h1i\\">this is just a test page as the device will be passed by EPIRO.</p>", "owner": 1, "title": "Add Instrument", "locale": 1, "locked": false, "expired": false, "alias_of": null, "numchild": 0, "url_path": "/easydmp-home/add-instrument/", "expire_at": null, "locked_at": null, "locked_by": null, "seo_title": "", "go_live_at": null, "draft_title": "Add Instrument", "content_type": 36, "live_revision": null, "show_in_menus": true, "latest_revision": null, "translation_key": "4a422839-fab1-45df-8052-ab6fdbe905b7", "last_published_at": null, "first_published_at": null, "search_description": "", "thankyou_page_title": "Thank you!", "wagtail_admin_comments": [], "has_unpublished_changes": false, "latest_revision_created_at": null}	\N	11	1	36	1	Add Instrument
17	2025-02-12 14:33:15.875408+00	{"pk": 11, "live": false, "path": "000100010008", "slug": "add-instrument", "depth": 3, "intro": "<p data-block-key=\\"o0h1i\\">this is just a debug page as the device will be passed by EPIRO.</p>", "owner": 1, "title": "Add Instrument", "locale": 1, "locked": false, "expired": false, "alias_of": null, "numchild": 0, "url_path": "/easydmp-home/add-instrument/", "expire_at": null, "locked_at": null, "locked_by": null, "seo_title": "", "go_live_at": null, "draft_title": "Add Instrument", "content_type": 36, "live_revision": null, "show_in_menus": true, "latest_revision": 16, "translation_key": "4a422839-fab1-45df-8052-ab6fdbe905b7", "last_published_at": null, "first_published_at": null, "search_description": "", "thankyou_page_title": "Thank you!", "wagtail_admin_comments": [], "has_unpublished_changes": true, "latest_revision_created_at": "2025-02-12T14:33:04.413Z"}	\N	11	1	36	1	Add Instrument
18	2025-02-12 14:33:24.320877+00	{"pk": 11, "live": false, "path": "000100010008", "slug": "add-instrument", "depth": 3, "intro": "<p data-block-key=\\"o0h1i\\">this is just a debug page as the device will be passed by EPIRO.</p>", "owner": 1, "title": "Add Instrument", "locale": 1, "locked": false, "expired": false, "alias_of": null, "numchild": 0, "url_path": "/easydmp-home/add-instrument/", "expire_at": null, "locked_at": null, "locked_by": null, "seo_title": "", "go_live_at": null, "draft_title": "Add Instrument", "content_type": 36, "live_revision": null, "show_in_menus": true, "latest_revision": 17, "translation_key": "4a422839-fab1-45df-8052-ab6fdbe905b7", "last_published_at": null, "first_published_at": null, "search_description": "", "thankyou_page_title": "Thank you!", "wagtail_admin_comments": [], "has_unpublished_changes": true, "latest_revision_created_at": "2025-02-12T14:33:15.875Z"}	\N	11	1	36	1	Add Instrument
19	2025-02-12 14:34:47.507388+00	{"pk": 12, "live": false, "path": "000100010009", "slug": "add-result", "depth": 3, "intro": "<p data-block-key=\\"q8i63\\">Use this page to add a results to the metadata catalog.</p>", "owner": 1, "title": "Add Result", "locale": 1, "locked": false, "expired": false, "alias_of": null, "numchild": 0, "url_path": "/easydmp-home/add-result/", "expire_at": null, "locked_at": null, "locked_by": null, "seo_title": "", "go_live_at": null, "draft_title": "Add Result", "content_type": 41, "live_revision": null, "show_in_menus": true, "latest_revision": null, "translation_key": "50491fd8-5ab6-454b-935f-b6e986702aab", "last_published_at": null, "first_published_at": null, "search_description": "", "thankyou_page_title": "Thank you!", "wagtail_admin_comments": [], "has_unpublished_changes": false, "latest_revision_created_at": null}	\N	12	1	41	1	Add Result
20	2025-02-12 14:34:53.648001+00	{"pk": 12, "live": false, "path": "000100010009", "slug": "add-result", "depth": 3, "intro": "<p data-block-key=\\"q8i63\\">Use this page to add a results to the metadata catalog.</p>", "owner": 1, "title": "Add Result", "locale": 1, "locked": false, "expired": false, "alias_of": null, "numchild": 0, "url_path": "/easydmp-home/add-result/", "expire_at": null, "locked_at": null, "locked_by": null, "seo_title": "", "go_live_at": null, "draft_title": "Add Result", "content_type": 41, "live_revision": null, "show_in_menus": true, "latest_revision": 19, "translation_key": "50491fd8-5ab6-454b-935f-b6e986702aab", "last_published_at": null, "first_published_at": null, "search_description": "", "thankyou_page_title": "Thank you!", "wagtail_admin_comments": [], "has_unpublished_changes": true, "latest_revision_created_at": "2025-02-12T14:34:47.507Z"}	\N	12	1	41	1	Add Result
21	2025-02-12 14:35:29.82397+00	{"pk": 13, "live": false, "path": "00010001000A", "slug": "result-list", "depth": 3, "intro": "<p data-block-key=\\"8z5ho\\">Select a result to display the report on the metadata.</p>", "owner": 1, "title": "Result list", "locale": 1, "locked": false, "expired": false, "alias_of": null, "numchild": 0, "url_path": "/easydmp-home/result-list/", "expire_at": null, "locked_at": null, "locked_by": null, "seo_title": "", "go_live_at": null, "draft_title": "Result list", "content_type": 40, "live_revision": null, "show_in_menus": true, "latest_revision": null, "translation_key": "274feb16-74dd-4e75-b94b-23eab681d08f", "last_published_at": null, "first_published_at": null, "search_description": "", "wagtail_admin_comments": [], "has_unpublished_changes": false, "latest_revision_created_at": null}	\N	13	1	40	1	Result list
22	2025-02-12 14:36:35.700094+00	{"pk": 14, "live": false, "path": "00010001000A0001", "slug": "experiment-metadata", "depth": 4, "intro": "", "owner": 1, "title": "Experiment metadata", "locale": 1, "locked": false, "expired": false, "alias_of": null, "numchild": 0, "url_path": "/easydmp-home/result-list/experiment-metadata/", "expire_at": null, "locked_at": null, "locked_by": null, "seo_title": "", "go_live_at": null, "draft_title": "Experiment metadata", "content_type": 35, "live_revision": null, "show_in_menus": true, "latest_revision": null, "translation_key": "bfd84a22-e19e-4b79-85f4-44feee289c7e", "last_published_at": null, "first_published_at": null, "search_description": "", "wagtail_admin_comments": [], "has_unpublished_changes": false, "latest_revision_created_at": null}	\N	14	1	35	1	Experiment metadata
23	2025-02-12 14:36:41.399526+00	{"pk": 14, "live": false, "path": "00010001000A0001", "slug": "experiment-metadata", "depth": 4, "intro": "", "owner": 1, "title": "Experiment metadata", "locale": 1, "locked": false, "expired": false, "alias_of": null, "numchild": 0, "url_path": "/easydmp-home/result-list/experiment-metadata/", "expire_at": null, "locked_at": null, "locked_by": null, "seo_title": "", "go_live_at": null, "draft_title": "Experiment metadata", "content_type": 35, "live_revision": null, "show_in_menus": true, "latest_revision": 22, "translation_key": "bfd84a22-e19e-4b79-85f4-44feee289c7e", "last_published_at": null, "first_published_at": null, "search_description": "", "wagtail_admin_comments": [], "has_unpublished_changes": true, "latest_revision_created_at": "2025-02-12T14:36:35.700Z"}	\N	14	1	35	1	Experiment metadata
24	2025-02-12 14:37:41.054976+00	{"pk": 14, "live": true, "path": "00010001000A0001", "slug": "dmp", "depth": 4, "intro": "", "owner": 1, "title": "Experiment metadata", "locale": 1, "locked": false, "expired": false, "alias_of": null, "numchild": 0, "url_path": "/easydmp-home/result-list/experiment-metadata/", "expire_at": null, "locked_at": null, "locked_by": null, "seo_title": "", "go_live_at": null, "draft_title": "Experiment metadata", "content_type": 35, "live_revision": 23, "show_in_menus": true, "latest_revision": 23, "translation_key": "bfd84a22-e19e-4b79-85f4-44feee289c7e", "last_published_at": "2025-02-12T14:36:41.408Z", "first_published_at": "2025-02-12T14:36:41.408Z", "search_description": "", "wagtail_admin_comments": [], "has_unpublished_changes": false, "latest_revision_created_at": "2025-02-12T14:36:41.399Z"}	\N	14	1	35	1	Experiment metadata
\.


--
-- Data for Name: wagtailcore_site; Type: TABLE DATA; Schema: public; Owner: decos
--

COPY public.wagtailcore_site (id, hostname, port, is_default_site, root_page_id, site_name) FROM stdin;
2	easydmp.localhost	8080	t	3	easydmp
\.


--
-- Data for Name: wagtailcore_task; Type: TABLE DATA; Schema: public; Owner: decos
--

COPY public.wagtailcore_task (id, name, active, content_type_id) FROM stdin;
1	Moderators approval	t	4
\.


--
-- Data for Name: wagtailcore_taskstate; Type: TABLE DATA; Schema: public; Owner: decos
--

COPY public.wagtailcore_taskstate (id, status, started_at, finished_at, content_type_id, revision_id, task_id, workflow_state_id, finished_by_id, comment) FROM stdin;
1	approved	2025-02-12 14:35:29.850286+00	2025-02-12 14:35:53.235945+00	22	21	1	1	1	
\.


--
-- Data for Name: wagtailcore_uploadedfile; Type: TABLE DATA; Schema: public; Owner: decos
--

COPY public.wagtailcore_uploadedfile (id, file, for_content_type_id, uploaded_by_user_id) FROM stdin;
\.


--
-- Data for Name: wagtailcore_workflow; Type: TABLE DATA; Schema: public; Owner: decos
--

COPY public.wagtailcore_workflow (id, name, active) FROM stdin;
1	Moderators approval	t
\.


--
-- Data for Name: wagtailcore_workflowcontenttype; Type: TABLE DATA; Schema: public; Owner: decos
--

COPY public.wagtailcore_workflowcontenttype (content_type_id, workflow_id) FROM stdin;
\.


--
-- Data for Name: wagtailcore_workflowpage; Type: TABLE DATA; Schema: public; Owner: decos
--

COPY public.wagtailcore_workflowpage (page_id, workflow_id) FROM stdin;
1	1
\.


--
-- Data for Name: wagtailcore_workflowstate; Type: TABLE DATA; Schema: public; Owner: decos
--

COPY public.wagtailcore_workflowstate (id, status, created_at, current_task_state_id, object_id, requested_by_id, workflow_id, content_type_id, base_content_type_id) FROM stdin;
1	approved	2025-02-12 14:35:29.836054+00	1	13	1	1	40	1
\.


--
-- Data for Name: wagtailcore_workflowtask; Type: TABLE DATA; Schema: public; Owner: decos
--

COPY public.wagtailcore_workflowtask (id, sort_order, task_id, workflow_id) FROM stdin;
1	0	1	1
\.


--
-- Data for Name: wagtaildocs_document; Type: TABLE DATA; Schema: public; Owner: decos
--

COPY public.wagtaildocs_document (id, title, file, created_at, uploaded_by_user_id, collection_id, file_size, file_hash) FROM stdin;
\.


--
-- Data for Name: wagtailembeds_embed; Type: TABLE DATA; Schema: public; Owner: decos
--

COPY public.wagtailembeds_embed (id, url, max_width, type, html, title, author_name, provider_name, thumbnail_url, width, height, last_updated, hash, cache_until) FROM stdin;
\.


--
-- Data for Name: wagtailforms_formsubmission; Type: TABLE DATA; Schema: public; Owner: decos
--

COPY public.wagtailforms_formsubmission (id, form_data, submit_time, page_id) FROM stdin;
\.


--
-- Data for Name: wagtailimages_image; Type: TABLE DATA; Schema: public; Owner: decos
--

COPY public.wagtailimages_image (id, title, file, width, height, created_at, focal_point_x, focal_point_y, focal_point_width, focal_point_height, uploaded_by_user_id, file_size, collection_id, file_hash, description) FROM stdin;
1	logo_prp_pathogen_ri_tzETPJY.max-165x165	original_images/logo_prp_pathogen_ri_tzETPJY_mZhldz0.max-165x165.png	165	57	2025-02-12 13:52:24.530577+00	\N	\N	\N	\N	1	8941	1	9cd4f8773c6535fff551e78c7f3f74e07edc161e	
\.


--
-- Data for Name: wagtailimages_rendition; Type: TABLE DATA; Schema: public; Owner: decos
--

COPY public.wagtailimages_rendition (id, file, width, height, focal_point_key, filter_spec, image_id) FROM stdin;
1	images/logo_prp_pathogen_ri_tzETPJY_mZhldz0.max-165.max-165x165.png	165	57		max-165x165	1
2	images/logo_prp_pathogen_ri_tzETPJY_mZhldz0.max-165.max-250x100.png	165	57		max-250x100	1
\.


--
-- Data for Name: wagtailredirects_redirect; Type: TABLE DATA; Schema: public; Owner: decos
--

COPY public.wagtailredirects_redirect (id, old_path, is_permanent, redirect_link, redirect_page_id, site_id, automatically_created, created_at, redirect_page_route_path) FROM stdin;
1	/result-list/experiment-metadata	t		14	2	t	2025-02-12 14:37:41.105795+00	
\.


--
-- Data for Name: wagtailsearch_indexentry; Type: TABLE DATA; Schema: public; Owner: decos
--

COPY public.wagtailsearch_indexentry (id, object_id, title_norm, content_type_id, autocomplete, title, body) FROM stdin;
1	1	0.6666666666666666	2	'-165':2 'logo_prp_pathogen_ri_tzetpjy.max':1 'x165':3	'-165':2A 'logo_prp_pathogen_ri_tzetpjy.max':1A 'x165':3A	
3	1	2	1	'root':1	'root':1B	
49	12	1.1666666666666667	41	'add':1 'result':2	'add':1B 'result':2B	
27	8	1.0625	46	'data':2 'user':1	'data':2B 'user':1B	
4	3	0.7777777777777778	28	'easydmp':1 'home':2 'page':3	'easydmp':1B 'home':2B 'page':3B	
54	13	1.1538461538461537	40	'list':2 'result':1	'list':2B 'result':1B	
7	4	1.125	45	'laboratory':2 'switch':1	'laboratori':2B 'switch':1B	
32	9	0.7407407407407408	34	'edit':1 'entry':3 'sample':2	'edit':1B 'entri':3B 'sampl':2B	
12	5	1.1	43	'add':1 'sample':2	'add':1B 'sampl':2B	
37	10	0.6	31	'core':1 'data':2 'management':3 'plan':4	'core':1B 'data':2B 'manag':3B 'plan':4B	
17	6	1.0833333333333333	42	'list':2 'sample':1	'list':2B 'sampl':1B	
58	14	1.1428571428571428	35	'experiment':1 'metadata':2	'experi':1B 'metadata':2B	
22	7	1.0714285714285714	37	'pipelines':1 'view':2	'pipelin':1B 'view':2B	
42	11	1.1818181818181819	36	'add':1 'instrument':2	'add':1B 'instrument':2B	
\.


--
-- Data for Name: wagtailusers_userprofile; Type: TABLE DATA; Schema: public; Owner: decos
--

COPY public.wagtailusers_userprofile (id, submitted_notifications, approved_notifications, rejected_notifications, user_id, preferred_language, current_time_zone, avatar, updated_comments_notifications, dismissibles, theme, density, contrast) FROM stdin;
\.


--
-- Name: account_emailaddress_id_seq; Type: SEQUENCE SET; Schema: public; Owner: decos
--

SELECT pg_catalog.setval('public.account_emailaddress_id_seq', 1, false);


--
-- Name: account_emailconfirmation_id_seq; Type: SEQUENCE SET; Schema: public; Owner: decos
--

SELECT pg_catalog.setval('public.account_emailconfirmation_id_seq', 1, false);


--
-- Name: api_tokens_id_seq; Type: SEQUENCE SET; Schema: public; Owner: decos
--

SELECT pg_catalog.setval('public.api_tokens_id_seq', 1, false);


--
-- Name: auth_group_id_seq; Type: SEQUENCE SET; Schema: public; Owner: decos
--

SELECT pg_catalog.setval('public.auth_group_id_seq', 4, true);


--
-- Name: auth_group_permissions_id_seq; Type: SEQUENCE SET; Schema: public; Owner: decos
--

SELECT pg_catalog.setval('public.auth_group_permissions_id_seq', 18, true);


--
-- Name: auth_permission_id_seq; Type: SEQUENCE SET; Schema: public; Owner: decos
--

SELECT pg_catalog.setval('public.auth_permission_id_seq', 351, true);


--
-- Name: auth_user_groups_id_seq; Type: SEQUENCE SET; Schema: public; Owner: decos
--

SELECT pg_catalog.setval('public.auth_user_groups_id_seq', 3, true);


--
-- Name: auth_user_id_seq; Type: SEQUENCE SET; Schema: public; Owner: decos
--

SELECT pg_catalog.setval('public.auth_user_id_seq', 1, true);


--
-- Name: auth_user_user_permissions_id_seq; Type: SEQUENCE SET; Schema: public; Owner: decos
--

SELECT pg_catalog.setval('public.auth_user_user_permissions_id_seq', 1, false);


--
-- Name: django_admin_log_id_seq; Type: SEQUENCE SET; Schema: public; Owner: decos
--

SELECT pg_catalog.setval('public.django_admin_log_id_seq', 1, false);


--
-- Name: django_content_type_id_seq; Type: SEQUENCE SET; Schema: public; Owner: decos
--

SELECT pg_catalog.setval('public.django_content_type_id_seq', 87, true);


--
-- Name: django_migrations_id_seq; Type: SEQUENCE SET; Schema: public; Owner: decos
--

SELECT pg_catalog.setval('public.django_migrations_id_seq', 232, true);


--
-- Name: home_apisettings_id_seq; Type: SEQUENCE SET; Schema: public; Owner: decos
--

SELECT pg_catalog.setval('public.home_apisettings_id_seq', 1, false);


--
-- Name: home_footersettings_id_seq; Type: SEQUENCE SET; Schema: public; Owner: decos
--

SELECT pg_catalog.setval('public.home_footersettings_id_seq', 1, true);


--
-- Name: home_headersettings_id_seq; Type: SEQUENCE SET; Schema: public; Owner: decos
--

SELECT pg_catalog.setval('public.home_headersettings_id_seq', 1, true);


--
-- Name: socialaccount_socialaccount_id_seq; Type: SEQUENCE SET; Schema: public; Owner: decos
--

SELECT pg_catalog.setval('public.socialaccount_socialaccount_id_seq', 1, false);


--
-- Name: socialaccount_socialapp_id_seq; Type: SEQUENCE SET; Schema: public; Owner: decos
--

SELECT pg_catalog.setval('public.socialaccount_socialapp_id_seq', 1, false);


--
-- Name: socialaccount_socialtoken_id_seq; Type: SEQUENCE SET; Schema: public; Owner: decos
--

SELECT pg_catalog.setval('public.socialaccount_socialtoken_id_seq', 1, false);


--
-- Name: taggit_tag_id_seq; Type: SEQUENCE SET; Schema: public; Owner: decos
--

SELECT pg_catalog.setval('public.taggit_tag_id_seq', 1, false);


--
-- Name: taggit_taggeditem_id_seq; Type: SEQUENCE SET; Schema: public; Owner: decos
--

SELECT pg_catalog.setval('public.taggit_taggeditem_id_seq', 1, false);


--
-- Name: wagtailadmin_admin_id_seq; Type: SEQUENCE SET; Schema: public; Owner: decos
--

SELECT pg_catalog.setval('public.wagtailadmin_admin_id_seq', 1, false);


--
-- Name: wagtailadmin_editingsession_id_seq; Type: SEQUENCE SET; Schema: public; Owner: decos
--

SELECT pg_catalog.setval('public.wagtailadmin_editingsession_id_seq', 14, true);


--
-- Name: wagtailcore_collection_id_seq; Type: SEQUENCE SET; Schema: public; Owner: decos
--

SELECT pg_catalog.setval('public.wagtailcore_collection_id_seq', 1, true);


--
-- Name: wagtailcore_collectionviewrestriction_groups_id_seq; Type: SEQUENCE SET; Schema: public; Owner: decos
--

SELECT pg_catalog.setval('public.wagtailcore_collectionviewrestriction_groups_id_seq', 1, false);


--
-- Name: wagtailcore_collectionviewrestriction_id_seq; Type: SEQUENCE SET; Schema: public; Owner: decos
--

SELECT pg_catalog.setval('public.wagtailcore_collectionviewrestriction_id_seq', 1, false);


--
-- Name: wagtailcore_comment_id_seq; Type: SEQUENCE SET; Schema: public; Owner: decos
--

SELECT pg_catalog.setval('public.wagtailcore_comment_id_seq', 1, false);


--
-- Name: wagtailcore_commentreply_id_seq; Type: SEQUENCE SET; Schema: public; Owner: decos
--

SELECT pg_catalog.setval('public.wagtailcore_commentreply_id_seq', 1, false);


--
-- Name: wagtailcore_groupapprovaltask_groups_id_seq; Type: SEQUENCE SET; Schema: public; Owner: decos
--

SELECT pg_catalog.setval('public.wagtailcore_groupapprovaltask_groups_id_seq', 1, true);


--
-- Name: wagtailcore_groupcollectionpermission_id_seq; Type: SEQUENCE SET; Schema: public; Owner: decos
--

SELECT pg_catalog.setval('public.wagtailcore_groupcollectionpermission_id_seq', 12, true);


--
-- Name: wagtailcore_grouppagepermission_id_seq; Type: SEQUENCE SET; Schema: public; Owner: decos
--

SELECT pg_catalog.setval('public.wagtailcore_grouppagepermission_id_seq', 7, true);


--
-- Name: wagtailcore_locale_id_seq; Type: SEQUENCE SET; Schema: public; Owner: decos
--

SELECT pg_catalog.setval('public.wagtailcore_locale_id_seq', 1, true);


--
-- Name: wagtailcore_modellogentry_id_seq; Type: SEQUENCE SET; Schema: public; Owner: decos
--

SELECT pg_catalog.setval('public.wagtailcore_modellogentry_id_seq', 5, true);


--
-- Name: wagtailcore_page_id_seq; Type: SEQUENCE SET; Schema: public; Owner: decos
--

SELECT pg_catalog.setval('public.wagtailcore_page_id_seq', 14, true);


--
-- Name: wagtailcore_pagelogentry_id_seq; Type: SEQUENCE SET; Schema: public; Owner: decos
--

SELECT pg_catalog.setval('public.wagtailcore_pagelogentry_id_seq', 63, true);


--
-- Name: wagtailcore_pagerevision_id_seq; Type: SEQUENCE SET; Schema: public; Owner: decos
--

SELECT pg_catalog.setval('public.wagtailcore_pagerevision_id_seq', 24, true);


--
-- Name: wagtailcore_pagesubscription_id_seq; Type: SEQUENCE SET; Schema: public; Owner: decos
--

SELECT pg_catalog.setval('public.wagtailcore_pagesubscription_id_seq', 12, true);


--
-- Name: wagtailcore_pageviewrestriction_groups_id_seq; Type: SEQUENCE SET; Schema: public; Owner: decos
--

SELECT pg_catalog.setval('public.wagtailcore_pageviewrestriction_groups_id_seq', 1, false);


--
-- Name: wagtailcore_pageviewrestriction_id_seq; Type: SEQUENCE SET; Schema: public; Owner: decos
--

SELECT pg_catalog.setval('public.wagtailcore_pageviewrestriction_id_seq', 11, true);


--
-- Name: wagtailcore_referenceindex_id_seq; Type: SEQUENCE SET; Schema: public; Owner: decos
--

SELECT pg_catalog.setval('public.wagtailcore_referenceindex_id_seq', 1, true);


--
-- Name: wagtailcore_site_id_seq; Type: SEQUENCE SET; Schema: public; Owner: decos
--

SELECT pg_catalog.setval('public.wagtailcore_site_id_seq', 2, true);


--
-- Name: wagtailcore_task_id_seq; Type: SEQUENCE SET; Schema: public; Owner: decos
--

SELECT pg_catalog.setval('public.wagtailcore_task_id_seq', 1, true);


--
-- Name: wagtailcore_taskstate_id_seq; Type: SEQUENCE SET; Schema: public; Owner: decos
--

SELECT pg_catalog.setval('public.wagtailcore_taskstate_id_seq', 1, true);


--
-- Name: wagtailcore_uploadedfile_id_seq; Type: SEQUENCE SET; Schema: public; Owner: decos
--

SELECT pg_catalog.setval('public.wagtailcore_uploadedfile_id_seq', 1, false);


--
-- Name: wagtailcore_workflow_id_seq; Type: SEQUENCE SET; Schema: public; Owner: decos
--

SELECT pg_catalog.setval('public.wagtailcore_workflow_id_seq', 1, true);


--
-- Name: wagtailcore_workflowstate_id_seq; Type: SEQUENCE SET; Schema: public; Owner: decos
--

SELECT pg_catalog.setval('public.wagtailcore_workflowstate_id_seq', 1, true);


--
-- Name: wagtailcore_workflowtask_id_seq; Type: SEQUENCE SET; Schema: public; Owner: decos
--

SELECT pg_catalog.setval('public.wagtailcore_workflowtask_id_seq', 1, true);


--
-- Name: wagtaildocs_document_id_seq; Type: SEQUENCE SET; Schema: public; Owner: decos
--

SELECT pg_catalog.setval('public.wagtaildocs_document_id_seq', 1, false);


--
-- Name: wagtailembeds_embed_id_seq; Type: SEQUENCE SET; Schema: public; Owner: decos
--

SELECT pg_catalog.setval('public.wagtailembeds_embed_id_seq', 1, false);


--
-- Name: wagtailforms_formsubmission_id_seq; Type: SEQUENCE SET; Schema: public; Owner: decos
--

SELECT pg_catalog.setval('public.wagtailforms_formsubmission_id_seq', 1, false);


--
-- Name: wagtailimages_image_id_seq; Type: SEQUENCE SET; Schema: public; Owner: decos
--

SELECT pg_catalog.setval('public.wagtailimages_image_id_seq', 1, true);


--
-- Name: wagtailimages_rendition_id_seq; Type: SEQUENCE SET; Schema: public; Owner: decos
--

SELECT pg_catalog.setval('public.wagtailimages_rendition_id_seq', 2, true);


--
-- Name: wagtailredirects_redirect_id_seq; Type: SEQUENCE SET; Schema: public; Owner: decos
--

SELECT pg_catalog.setval('public.wagtailredirects_redirect_id_seq', 1, true);


--
-- Name: wagtailsearch_indexentry_id_seq; Type: SEQUENCE SET; Schema: public; Owner: decos
--

SELECT pg_catalog.setval('public.wagtailsearch_indexentry_id_seq', 64, true);


--
-- Name: wagtailusers_userprofile_id_seq; Type: SEQUENCE SET; Schema: public; Owner: decos
--

SELECT pg_catalog.setval('public.wagtailusers_userprofile_id_seq', 1, true);


--
-- Name: account_emailaddress account_emailaddress_pkey; Type: CONSTRAINT; Schema: public; Owner: decos
--

ALTER TABLE ONLY public.account_emailaddress
    ADD CONSTRAINT account_emailaddress_pkey PRIMARY KEY (id);


--
-- Name: account_emailaddress account_emailaddress_user_id_email_987c8728_uniq; Type: CONSTRAINT; Schema: public; Owner: decos
--

ALTER TABLE ONLY public.account_emailaddress
    ADD CONSTRAINT account_emailaddress_user_id_email_987c8728_uniq UNIQUE (user_id, email);


--
-- Name: account_emailconfirmation account_emailconfirmation_key_key; Type: CONSTRAINT; Schema: public; Owner: decos
--

ALTER TABLE ONLY public.account_emailconfirmation
    ADD CONSTRAINT account_emailconfirmation_key_key UNIQUE (key);


--
-- Name: account_emailconfirmation account_emailconfirmation_pkey; Type: CONSTRAINT; Schema: public; Owner: decos
--

ALTER TABLE ONLY public.account_emailconfirmation
    ADD CONSTRAINT account_emailconfirmation_pkey PRIMARY KEY (id);


--
-- Name: api_tokens api_tokens_pkey; Type: CONSTRAINT; Schema: public; Owner: decos
--

ALTER TABLE ONLY public.api_tokens
    ADD CONSTRAINT api_tokens_pkey PRIMARY KEY (id);


--
-- Name: auth_group auth_group_name_key; Type: CONSTRAINT; Schema: public; Owner: decos
--

ALTER TABLE ONLY public.auth_group
    ADD CONSTRAINT auth_group_name_key UNIQUE (name);


--
-- Name: auth_group_permissions auth_group_permissions_group_id_permission_id_0cd325b0_uniq; Type: CONSTRAINT; Schema: public; Owner: decos
--

ALTER TABLE ONLY public.auth_group_permissions
    ADD CONSTRAINT auth_group_permissions_group_id_permission_id_0cd325b0_uniq UNIQUE (group_id, permission_id);


--
-- Name: auth_group_permissions auth_group_permissions_pkey; Type: CONSTRAINT; Schema: public; Owner: decos
--

ALTER TABLE ONLY public.auth_group_permissions
    ADD CONSTRAINT auth_group_permissions_pkey PRIMARY KEY (id);


--
-- Name: auth_group auth_group_pkey; Type: CONSTRAINT; Schema: public; Owner: decos
--

ALTER TABLE ONLY public.auth_group
    ADD CONSTRAINT auth_group_pkey PRIMARY KEY (id);


--
-- Name: auth_permission auth_permission_content_type_id_codename_01ab375a_uniq; Type: CONSTRAINT; Schema: public; Owner: decos
--

ALTER TABLE ONLY public.auth_permission
    ADD CONSTRAINT auth_permission_content_type_id_codename_01ab375a_uniq UNIQUE (content_type_id, codename);


--
-- Name: auth_permission auth_permission_pkey; Type: CONSTRAINT; Schema: public; Owner: decos
--

ALTER TABLE ONLY public.auth_permission
    ADD CONSTRAINT auth_permission_pkey PRIMARY KEY (id);


--
-- Name: auth_user_groups auth_user_groups_pkey; Type: CONSTRAINT; Schema: public; Owner: decos
--

ALTER TABLE ONLY public.auth_user_groups
    ADD CONSTRAINT auth_user_groups_pkey PRIMARY KEY (id);


--
-- Name: auth_user_groups auth_user_groups_user_id_group_id_94350c0c_uniq; Type: CONSTRAINT; Schema: public; Owner: decos
--

ALTER TABLE ONLY public.auth_user_groups
    ADD CONSTRAINT auth_user_groups_user_id_group_id_94350c0c_uniq UNIQUE (user_id, group_id);


--
-- Name: auth_user auth_user_pkey; Type: CONSTRAINT; Schema: public; Owner: decos
--

ALTER TABLE ONLY public.auth_user
    ADD CONSTRAINT auth_user_pkey PRIMARY KEY (id);


--
-- Name: auth_user_user_permissions auth_user_user_permissions_pkey; Type: CONSTRAINT; Schema: public; Owner: decos
--

ALTER TABLE ONLY public.auth_user_user_permissions
    ADD CONSTRAINT auth_user_user_permissions_pkey PRIMARY KEY (id);


--
-- Name: auth_user_user_permissions auth_user_user_permissions_user_id_permission_id_14a6b632_uniq; Type: CONSTRAINT; Schema: public; Owner: decos
--

ALTER TABLE ONLY public.auth_user_user_permissions
    ADD CONSTRAINT auth_user_user_permissions_user_id_permission_id_14a6b632_uniq UNIQUE (user_id, permission_id);


--
-- Name: auth_user auth_user_username_key; Type: CONSTRAINT; Schema: public; Owner: decos
--

ALTER TABLE ONLY public.auth_user
    ADD CONSTRAINT auth_user_username_key UNIQUE (username);


--
-- Name: django_admin_log django_admin_log_pkey; Type: CONSTRAINT; Schema: public; Owner: decos
--

ALTER TABLE ONLY public.django_admin_log
    ADD CONSTRAINT django_admin_log_pkey PRIMARY KEY (id);


--
-- Name: django_content_type django_content_type_app_label_model_76bd3d3b_uniq; Type: CONSTRAINT; Schema: public; Owner: decos
--

ALTER TABLE ONLY public.django_content_type
    ADD CONSTRAINT django_content_type_app_label_model_76bd3d3b_uniq UNIQUE (app_label, model);


--
-- Name: django_content_type django_content_type_pkey; Type: CONSTRAINT; Schema: public; Owner: decos
--

ALTER TABLE ONLY public.django_content_type
    ADD CONSTRAINT django_content_type_pkey PRIMARY KEY (id);


--
-- Name: django_migrations django_migrations_pkey; Type: CONSTRAINT; Schema: public; Owner: decos
--

ALTER TABLE ONLY public.django_migrations
    ADD CONSTRAINT django_migrations_pkey PRIMARY KEY (id);


--
-- Name: django_session django_session_pkey; Type: CONSTRAINT; Schema: public; Owner: decos
--

ALTER TABLE ONLY public.django_session
    ADD CONSTRAINT django_session_pkey PRIMARY KEY (session_key);


--
-- Name: home_apisettings home_apisettings_pkey; Type: CONSTRAINT; Schema: public; Owner: decos
--

ALTER TABLE ONLY public.home_apisettings
    ADD CONSTRAINT home_apisettings_pkey PRIMARY KEY (id);


--
-- Name: home_dmppage home_dmppage_pkey; Type: CONSTRAINT; Schema: public; Owner: decos
--

ALTER TABLE ONLY public.home_dmppage
    ADD CONSTRAINT home_dmppage_pkey PRIMARY KEY (page_ptr_id);


--
-- Name: home_dmpsearchpage home_dmpsearchpage_pkey; Type: CONSTRAINT; Schema: public; Owner: decos
--

ALTER TABLE ONLY public.home_dmpsearchpage
    ADD CONSTRAINT home_dmpsearchpage_pkey PRIMARY KEY (page_ptr_id);


--
-- Name: home_dmpviewpage home_dmpviewpage_pkey; Type: CONSTRAINT; Schema: public; Owner: decos
--

ALTER TABLE ONLY public.home_dmpviewpage
    ADD CONSTRAINT home_dmpviewpage_pkey PRIMARY KEY (page_ptr_id);


--
-- Name: home_editsamplepage home_editsamplepage_pkey; Type: CONSTRAINT; Schema: public; Owner: decos
--

ALTER TABLE ONLY public.home_editsamplepage
    ADD CONSTRAINT home_editsamplepage_pkey PRIMARY KEY (page_ptr_id);


--
-- Name: home_experimentdmppage home_experimentdmppage_pkey; Type: CONSTRAINT; Schema: public; Owner: decos
--

ALTER TABLE ONLY public.home_experimentdmppage
    ADD CONSTRAINT home_experimentdmppage_pkey PRIMARY KEY (page_ptr_id);


--
-- Name: home_footersettings home_footersettings_pkey; Type: CONSTRAINT; Schema: public; Owner: decos
--

ALTER TABLE ONLY public.home_footersettings
    ADD CONSTRAINT home_footersettings_pkey PRIMARY KEY (id);


--
-- Name: home_headersettings home_headersettings_pkey; Type: CONSTRAINT; Schema: public; Owner: decos
--

ALTER TABLE ONLY public.home_headersettings
    ADD CONSTRAINT home_headersettings_pkey PRIMARY KEY (id);


--
-- Name: home_homepage home_homepage_pkey; Type: CONSTRAINT; Schema: public; Owner: decos
--

ALTER TABLE ONLY public.home_homepage
    ADD CONSTRAINT home_homepage_pkey PRIMARY KEY (page_ptr_id);


--
-- Name: home_instrumentspage home_instrumentspage_pkey; Type: CONSTRAINT; Schema: public; Owner: decos
--

ALTER TABLE ONLY public.home_instrumentspage
    ADD CONSTRAINT home_instrumentspage_pkey PRIMARY KEY (page_ptr_id);


--
-- Name: home_pipelinespage home_pipelinespage_pkey; Type: CONSTRAINT; Schema: public; Owner: decos
--

ALTER TABLE ONLY public.home_pipelinespage
    ADD CONSTRAINT home_pipelinespage_pkey PRIMARY KEY (page_ptr_id);


--
-- Name: home_proposallistpage home_proposallistpage_pkey; Type: CONSTRAINT; Schema: public; Owner: decos
--

ALTER TABLE ONLY public.home_proposallistpage
    ADD CONSTRAINT home_proposallistpage_pkey PRIMARY KEY (page_ptr_id);


--
-- Name: home_proposalsubmissionpage home_proposalsubmissionpage_pkey; Type: CONSTRAINT; Schema: public; Owner: decos
--

ALTER TABLE ONLY public.home_proposalsubmissionpage
    ADD CONSTRAINT home_proposalsubmissionpage_pkey PRIMARY KEY (page_ptr_id);


--
-- Name: home_resultslistpage home_resultslistpage_pkey; Type: CONSTRAINT; Schema: public; Owner: decos
--

ALTER TABLE ONLY public.home_resultslistpage
    ADD CONSTRAINT home_resultslistpage_pkey PRIMARY KEY (page_ptr_id);


--
-- Name: home_resultspage home_resultspage_pkey; Type: CONSTRAINT; Schema: public; Owner: decos
--

ALTER TABLE ONLY public.home_resultspage
    ADD CONSTRAINT home_resultspage_pkey PRIMARY KEY (page_ptr_id);


--
-- Name: home_samplelistpage home_samplelistpage_pkey; Type: CONSTRAINT; Schema: public; Owner: decos
--

ALTER TABLE ONLY public.home_samplelistpage
    ADD CONSTRAINT home_samplelistpage_pkey PRIMARY KEY (page_ptr_id);


--
-- Name: home_samplepage home_samplepage_pkey; Type: CONSTRAINT; Schema: public; Owner: decos
--

ALTER TABLE ONLY public.home_samplepage
    ADD CONSTRAINT home_samplepage_pkey PRIMARY KEY (page_ptr_id);


--
-- Name: home_servicerequestsubmissionpage home_servicerequestsubmissionpage_pkey; Type: CONSTRAINT; Schema: public; Owner: decos
--

ALTER TABLE ONLY public.home_servicerequestsubmissionpage
    ADD CONSTRAINT home_servicerequestsubmissionpage_pkey PRIMARY KEY (page_ptr_id);


--
-- Name: home_switchlabpage home_switchlabpage_pkey; Type: CONSTRAINT; Schema: public; Owner: decos
--

ALTER TABLE ONLY public.home_switchlabpage
    ADD CONSTRAINT home_switchlabpage_pkey PRIMARY KEY (page_ptr_id);


--
-- Name: home_userdatapage home_userdatapage_pkey; Type: CONSTRAINT; Schema: public; Owner: decos
--

ALTER TABLE ONLY public.home_userdatapage
    ADD CONSTRAINT home_userdatapage_pkey PRIMARY KEY (page_ptr_id);


--
-- Name: socialaccount_socialaccount socialaccount_socialaccount_pkey; Type: CONSTRAINT; Schema: public; Owner: decos
--

ALTER TABLE ONLY public.socialaccount_socialaccount
    ADD CONSTRAINT socialaccount_socialaccount_pkey PRIMARY KEY (id);


--
-- Name: socialaccount_socialaccount socialaccount_socialaccount_provider_uid_fc810c6e_uniq; Type: CONSTRAINT; Schema: public; Owner: decos
--

ALTER TABLE ONLY public.socialaccount_socialaccount
    ADD CONSTRAINT socialaccount_socialaccount_provider_uid_fc810c6e_uniq UNIQUE (provider, uid);


--
-- Name: socialaccount_socialapp socialaccount_socialapp_pkey; Type: CONSTRAINT; Schema: public; Owner: decos
--

ALTER TABLE ONLY public.socialaccount_socialapp
    ADD CONSTRAINT socialaccount_socialapp_pkey PRIMARY KEY (id);


--
-- Name: socialaccount_socialtoken socialaccount_socialtoken_app_id_account_id_fca4e0ac_uniq; Type: CONSTRAINT; Schema: public; Owner: decos
--

ALTER TABLE ONLY public.socialaccount_socialtoken
    ADD CONSTRAINT socialaccount_socialtoken_app_id_account_id_fca4e0ac_uniq UNIQUE (app_id, account_id);


--
-- Name: socialaccount_socialtoken socialaccount_socialtoken_pkey; Type: CONSTRAINT; Schema: public; Owner: decos
--

ALTER TABLE ONLY public.socialaccount_socialtoken
    ADD CONSTRAINT socialaccount_socialtoken_pkey PRIMARY KEY (id);


--
-- Name: taggit_tag taggit_tag_name_key; Type: CONSTRAINT; Schema: public; Owner: decos
--

ALTER TABLE ONLY public.taggit_tag
    ADD CONSTRAINT taggit_tag_name_key UNIQUE (name);


--
-- Name: taggit_tag taggit_tag_pkey; Type: CONSTRAINT; Schema: public; Owner: decos
--

ALTER TABLE ONLY public.taggit_tag
    ADD CONSTRAINT taggit_tag_pkey PRIMARY KEY (id);


--
-- Name: taggit_tag taggit_tag_slug_key; Type: CONSTRAINT; Schema: public; Owner: decos
--

ALTER TABLE ONLY public.taggit_tag
    ADD CONSTRAINT taggit_tag_slug_key UNIQUE (slug);


--
-- Name: taggit_taggeditem taggit_taggeditem_content_type_id_object_id_tag_id_4bb97a8e_uni; Type: CONSTRAINT; Schema: public; Owner: decos
--

ALTER TABLE ONLY public.taggit_taggeditem
    ADD CONSTRAINT taggit_taggeditem_content_type_id_object_id_tag_id_4bb97a8e_uni UNIQUE (content_type_id, object_id, tag_id);


--
-- Name: taggit_taggeditem taggit_taggeditem_pkey; Type: CONSTRAINT; Schema: public; Owner: decos
--

ALTER TABLE ONLY public.taggit_taggeditem
    ADD CONSTRAINT taggit_taggeditem_pkey PRIMARY KEY (id);


--
-- Name: wagtailcore_grouppagepermission unique_permission; Type: CONSTRAINT; Schema: public; Owner: decos
--

ALTER TABLE ONLY public.wagtailcore_grouppagepermission
    ADD CONSTRAINT unique_permission UNIQUE (group_id, page_id, permission_id);


--
-- Name: wagtailadmin_admin wagtailadmin_admin_pkey; Type: CONSTRAINT; Schema: public; Owner: decos
--

ALTER TABLE ONLY public.wagtailadmin_admin
    ADD CONSTRAINT wagtailadmin_admin_pkey PRIMARY KEY (id);


--
-- Name: wagtailadmin_editingsession wagtailadmin_editingsession_pkey; Type: CONSTRAINT; Schema: public; Owner: decos
--

ALTER TABLE ONLY public.wagtailadmin_editingsession
    ADD CONSTRAINT wagtailadmin_editingsession_pkey PRIMARY KEY (id);


--
-- Name: wagtailcore_collection wagtailcore_collection_path_key; Type: CONSTRAINT; Schema: public; Owner: decos
--

ALTER TABLE ONLY public.wagtailcore_collection
    ADD CONSTRAINT wagtailcore_collection_path_key UNIQUE (path);


--
-- Name: wagtailcore_collection wagtailcore_collection_pkey; Type: CONSTRAINT; Schema: public; Owner: decos
--

ALTER TABLE ONLY public.wagtailcore_collection
    ADD CONSTRAINT wagtailcore_collection_pkey PRIMARY KEY (id);


--
-- Name: wagtailcore_collectionviewrestriction_groups wagtailcore_collectionvi_collectionviewrestrictio_988995ae_uniq; Type: CONSTRAINT; Schema: public; Owner: decos
--

ALTER TABLE ONLY public.wagtailcore_collectionviewrestriction_groups
    ADD CONSTRAINT wagtailcore_collectionvi_collectionviewrestrictio_988995ae_uniq UNIQUE (collectionviewrestriction_id, group_id);


--
-- Name: wagtailcore_collectionviewrestriction_groups wagtailcore_collectionviewrestriction_groups_pkey; Type: CONSTRAINT; Schema: public; Owner: decos
--

ALTER TABLE ONLY public.wagtailcore_collectionviewrestriction_groups
    ADD CONSTRAINT wagtailcore_collectionviewrestriction_groups_pkey PRIMARY KEY (id);


--
-- Name: wagtailcore_collectionviewrestriction wagtailcore_collectionviewrestriction_pkey; Type: CONSTRAINT; Schema: public; Owner: decos
--

ALTER TABLE ONLY public.wagtailcore_collectionviewrestriction
    ADD CONSTRAINT wagtailcore_collectionviewrestriction_pkey PRIMARY KEY (id);


--
-- Name: wagtailcore_comment wagtailcore_comment_pkey; Type: CONSTRAINT; Schema: public; Owner: decos
--

ALTER TABLE ONLY public.wagtailcore_comment
    ADD CONSTRAINT wagtailcore_comment_pkey PRIMARY KEY (id);


--
-- Name: wagtailcore_commentreply wagtailcore_commentreply_pkey; Type: CONSTRAINT; Schema: public; Owner: decos
--

ALTER TABLE ONLY public.wagtailcore_commentreply
    ADD CONSTRAINT wagtailcore_commentreply_pkey PRIMARY KEY (id);


--
-- Name: wagtailcore_groupapprovaltask_groups wagtailcore_groupapprova_groupapprovaltask_id_gro_bb5ee7eb_uniq; Type: CONSTRAINT; Schema: public; Owner: decos
--

ALTER TABLE ONLY public.wagtailcore_groupapprovaltask_groups
    ADD CONSTRAINT wagtailcore_groupapprova_groupapprovaltask_id_gro_bb5ee7eb_uniq UNIQUE (groupapprovaltask_id, group_id);


--
-- Name: wagtailcore_groupapprovaltask_groups wagtailcore_groupapprovaltask_groups_pkey; Type: CONSTRAINT; Schema: public; Owner: decos
--

ALTER TABLE ONLY public.wagtailcore_groupapprovaltask_groups
    ADD CONSTRAINT wagtailcore_groupapprovaltask_groups_pkey PRIMARY KEY (id);


--
-- Name: wagtailcore_groupapprovaltask wagtailcore_groupapprovaltask_pkey; Type: CONSTRAINT; Schema: public; Owner: decos
--

ALTER TABLE ONLY public.wagtailcore_groupapprovaltask
    ADD CONSTRAINT wagtailcore_groupapprovaltask_pkey PRIMARY KEY (task_ptr_id);


--
-- Name: wagtailcore_groupcollectionpermission wagtailcore_groupcollect_group_id_collection_id_p_a21cefe9_uniq; Type: CONSTRAINT; Schema: public; Owner: decos
--

ALTER TABLE ONLY public.wagtailcore_groupcollectionpermission
    ADD CONSTRAINT wagtailcore_groupcollect_group_id_collection_id_p_a21cefe9_uniq UNIQUE (group_id, collection_id, permission_id);


--
-- Name: wagtailcore_groupcollectionpermission wagtailcore_groupcollectionpermission_pkey; Type: CONSTRAINT; Schema: public; Owner: decos
--

ALTER TABLE ONLY public.wagtailcore_groupcollectionpermission
    ADD CONSTRAINT wagtailcore_groupcollectionpermission_pkey PRIMARY KEY (id);


--
-- Name: wagtailcore_grouppagepermission wagtailcore_grouppagepermission_pkey; Type: CONSTRAINT; Schema: public; Owner: decos
--

ALTER TABLE ONLY public.wagtailcore_grouppagepermission
    ADD CONSTRAINT wagtailcore_grouppagepermission_pkey PRIMARY KEY (id);


--
-- Name: wagtailcore_locale wagtailcore_locale_language_code_key; Type: CONSTRAINT; Schema: public; Owner: decos
--

ALTER TABLE ONLY public.wagtailcore_locale
    ADD CONSTRAINT wagtailcore_locale_language_code_key UNIQUE (language_code);


--
-- Name: wagtailcore_locale wagtailcore_locale_pkey; Type: CONSTRAINT; Schema: public; Owner: decos
--

ALTER TABLE ONLY public.wagtailcore_locale
    ADD CONSTRAINT wagtailcore_locale_pkey PRIMARY KEY (id);


--
-- Name: wagtailcore_modellogentry wagtailcore_modellogentry_pkey; Type: CONSTRAINT; Schema: public; Owner: decos
--

ALTER TABLE ONLY public.wagtailcore_modellogentry
    ADD CONSTRAINT wagtailcore_modellogentry_pkey PRIMARY KEY (id);


--
-- Name: wagtailcore_page wagtailcore_page_path_key; Type: CONSTRAINT; Schema: public; Owner: decos
--

ALTER TABLE ONLY public.wagtailcore_page
    ADD CONSTRAINT wagtailcore_page_path_key UNIQUE (path);


--
-- Name: wagtailcore_page wagtailcore_page_pkey; Type: CONSTRAINT; Schema: public; Owner: decos
--

ALTER TABLE ONLY public.wagtailcore_page
    ADD CONSTRAINT wagtailcore_page_pkey PRIMARY KEY (id);


--
-- Name: wagtailcore_page wagtailcore_page_translation_key_locale_id_9b041bad_uniq; Type: CONSTRAINT; Schema: public; Owner: decos
--

ALTER TABLE ONLY public.wagtailcore_page
    ADD CONSTRAINT wagtailcore_page_translation_key_locale_id_9b041bad_uniq UNIQUE (translation_key, locale_id);


--
-- Name: wagtailcore_pagelogentry wagtailcore_pagelogentry_pkey; Type: CONSTRAINT; Schema: public; Owner: decos
--

ALTER TABLE ONLY public.wagtailcore_pagelogentry
    ADD CONSTRAINT wagtailcore_pagelogentry_pkey PRIMARY KEY (id);


--
-- Name: wagtailcore_revision wagtailcore_pagerevision_pkey; Type: CONSTRAINT; Schema: public; Owner: decos
--

ALTER TABLE ONLY public.wagtailcore_revision
    ADD CONSTRAINT wagtailcore_pagerevision_pkey PRIMARY KEY (id);


--
-- Name: wagtailcore_pagesubscription wagtailcore_pagesubscription_page_id_user_id_0cef73ed_uniq; Type: CONSTRAINT; Schema: public; Owner: decos
--

ALTER TABLE ONLY public.wagtailcore_pagesubscription
    ADD CONSTRAINT wagtailcore_pagesubscription_page_id_user_id_0cef73ed_uniq UNIQUE (page_id, user_id);


--
-- Name: wagtailcore_pagesubscription wagtailcore_pagesubscription_pkey; Type: CONSTRAINT; Schema: public; Owner: decos
--

ALTER TABLE ONLY public.wagtailcore_pagesubscription
    ADD CONSTRAINT wagtailcore_pagesubscription_pkey PRIMARY KEY (id);


--
-- Name: wagtailcore_pageviewrestriction_groups wagtailcore_pageviewrest_pageviewrestriction_id_g_d23f80bb_uniq; Type: CONSTRAINT; Schema: public; Owner: decos
--

ALTER TABLE ONLY public.wagtailcore_pageviewrestriction_groups
    ADD CONSTRAINT wagtailcore_pageviewrest_pageviewrestriction_id_g_d23f80bb_uniq UNIQUE (pageviewrestriction_id, group_id);


--
-- Name: wagtailcore_pageviewrestriction_groups wagtailcore_pageviewrestriction_groups_pkey; Type: CONSTRAINT; Schema: public; Owner: decos
--

ALTER TABLE ONLY public.wagtailcore_pageviewrestriction_groups
    ADD CONSTRAINT wagtailcore_pageviewrestriction_groups_pkey PRIMARY KEY (id);


--
-- Name: wagtailcore_pageviewrestriction wagtailcore_pageviewrestriction_pkey; Type: CONSTRAINT; Schema: public; Owner: decos
--

ALTER TABLE ONLY public.wagtailcore_pageviewrestriction
    ADD CONSTRAINT wagtailcore_pageviewrestriction_pkey PRIMARY KEY (id);


--
-- Name: wagtailcore_referenceindex wagtailcore_referenceind_base_content_type_id_obj_9e6ccd6a_uniq; Type: CONSTRAINT; Schema: public; Owner: decos
--

ALTER TABLE ONLY public.wagtailcore_referenceindex
    ADD CONSTRAINT wagtailcore_referenceind_base_content_type_id_obj_9e6ccd6a_uniq UNIQUE (base_content_type_id, object_id, to_content_type_id, to_object_id, content_path_hash);


--
-- Name: wagtailcore_referenceindex wagtailcore_referenceindex_pkey; Type: CONSTRAINT; Schema: public; Owner: decos
--

ALTER TABLE ONLY public.wagtailcore_referenceindex
    ADD CONSTRAINT wagtailcore_referenceindex_pkey PRIMARY KEY (id);


--
-- Name: wagtailcore_site wagtailcore_site_hostname_port_2c626d70_uniq; Type: CONSTRAINT; Schema: public; Owner: decos
--

ALTER TABLE ONLY public.wagtailcore_site
    ADD CONSTRAINT wagtailcore_site_hostname_port_2c626d70_uniq UNIQUE (hostname, port);


--
-- Name: wagtailcore_site wagtailcore_site_pkey; Type: CONSTRAINT; Schema: public; Owner: decos
--

ALTER TABLE ONLY public.wagtailcore_site
    ADD CONSTRAINT wagtailcore_site_pkey PRIMARY KEY (id);


--
-- Name: wagtailcore_task wagtailcore_task_pkey; Type: CONSTRAINT; Schema: public; Owner: decos
--

ALTER TABLE ONLY public.wagtailcore_task
    ADD CONSTRAINT wagtailcore_task_pkey PRIMARY KEY (id);


--
-- Name: wagtailcore_taskstate wagtailcore_taskstate_pkey; Type: CONSTRAINT; Schema: public; Owner: decos
--

ALTER TABLE ONLY public.wagtailcore_taskstate
    ADD CONSTRAINT wagtailcore_taskstate_pkey PRIMARY KEY (id);


--
-- Name: wagtailcore_uploadedfile wagtailcore_uploadedfile_pkey; Type: CONSTRAINT; Schema: public; Owner: decos
--

ALTER TABLE ONLY public.wagtailcore_uploadedfile
    ADD CONSTRAINT wagtailcore_uploadedfile_pkey PRIMARY KEY (id);


--
-- Name: wagtailcore_workflow wagtailcore_workflow_pkey; Type: CONSTRAINT; Schema: public; Owner: decos
--

ALTER TABLE ONLY public.wagtailcore_workflow
    ADD CONSTRAINT wagtailcore_workflow_pkey PRIMARY KEY (id);


--
-- Name: wagtailcore_workflowcontenttype wagtailcore_workflowcontenttype_pkey; Type: CONSTRAINT; Schema: public; Owner: decos
--

ALTER TABLE ONLY public.wagtailcore_workflowcontenttype
    ADD CONSTRAINT wagtailcore_workflowcontenttype_pkey PRIMARY KEY (content_type_id);


--
-- Name: wagtailcore_workflowpage wagtailcore_workflowpage_pkey; Type: CONSTRAINT; Schema: public; Owner: decos
--

ALTER TABLE ONLY public.wagtailcore_workflowpage
    ADD CONSTRAINT wagtailcore_workflowpage_pkey PRIMARY KEY (page_id);


--
-- Name: wagtailcore_workflowstate wagtailcore_workflowstate_current_task_state_id_key; Type: CONSTRAINT; Schema: public; Owner: decos
--

ALTER TABLE ONLY public.wagtailcore_workflowstate
    ADD CONSTRAINT wagtailcore_workflowstate_current_task_state_id_key UNIQUE (current_task_state_id);


--
-- Name: wagtailcore_workflowstate wagtailcore_workflowstate_pkey; Type: CONSTRAINT; Schema: public; Owner: decos
--

ALTER TABLE ONLY public.wagtailcore_workflowstate
    ADD CONSTRAINT wagtailcore_workflowstate_pkey PRIMARY KEY (id);


--
-- Name: wagtailcore_workflowtask wagtailcore_workflowtask_pkey; Type: CONSTRAINT; Schema: public; Owner: decos
--

ALTER TABLE ONLY public.wagtailcore_workflowtask
    ADD CONSTRAINT wagtailcore_workflowtask_pkey PRIMARY KEY (id);


--
-- Name: wagtailcore_workflowtask wagtailcore_workflowtask_workflow_id_task_id_4ec7a62b_uniq; Type: CONSTRAINT; Schema: public; Owner: decos
--

ALTER TABLE ONLY public.wagtailcore_workflowtask
    ADD CONSTRAINT wagtailcore_workflowtask_workflow_id_task_id_4ec7a62b_uniq UNIQUE (workflow_id, task_id);


--
-- Name: wagtaildocs_document wagtaildocs_document_pkey; Type: CONSTRAINT; Schema: public; Owner: decos
--

ALTER TABLE ONLY public.wagtaildocs_document
    ADD CONSTRAINT wagtaildocs_document_pkey PRIMARY KEY (id);


--
-- Name: wagtailembeds_embed wagtailembeds_embed_hash_c9bd8c9a_uniq; Type: CONSTRAINT; Schema: public; Owner: decos
--

ALTER TABLE ONLY public.wagtailembeds_embed
    ADD CONSTRAINT wagtailembeds_embed_hash_c9bd8c9a_uniq UNIQUE (hash);


--
-- Name: wagtailembeds_embed wagtailembeds_embed_pkey; Type: CONSTRAINT; Schema: public; Owner: decos
--

ALTER TABLE ONLY public.wagtailembeds_embed
    ADD CONSTRAINT wagtailembeds_embed_pkey PRIMARY KEY (id);


--
-- Name: wagtailforms_formsubmission wagtailforms_formsubmission_pkey; Type: CONSTRAINT; Schema: public; Owner: decos
--

ALTER TABLE ONLY public.wagtailforms_formsubmission
    ADD CONSTRAINT wagtailforms_formsubmission_pkey PRIMARY KEY (id);


--
-- Name: wagtailimages_image wagtailimages_image_pkey; Type: CONSTRAINT; Schema: public; Owner: decos
--

ALTER TABLE ONLY public.wagtailimages_image
    ADD CONSTRAINT wagtailimages_image_pkey PRIMARY KEY (id);


--
-- Name: wagtailimages_rendition wagtailimages_rendition_image_id_filter_spec_foc_323c8fe0_uniq; Type: CONSTRAINT; Schema: public; Owner: decos
--

ALTER TABLE ONLY public.wagtailimages_rendition
    ADD CONSTRAINT wagtailimages_rendition_image_id_filter_spec_foc_323c8fe0_uniq UNIQUE (image_id, filter_spec, focal_point_key);


--
-- Name: wagtailimages_rendition wagtailimages_rendition_pkey; Type: CONSTRAINT; Schema: public; Owner: decos
--

ALTER TABLE ONLY public.wagtailimages_rendition
    ADD CONSTRAINT wagtailimages_rendition_pkey PRIMARY KEY (id);


--
-- Name: wagtailredirects_redirect wagtailredirects_redirect_old_path_site_id_783622d7_uniq; Type: CONSTRAINT; Schema: public; Owner: decos
--

ALTER TABLE ONLY public.wagtailredirects_redirect
    ADD CONSTRAINT wagtailredirects_redirect_old_path_site_id_783622d7_uniq UNIQUE (old_path, site_id);


--
-- Name: wagtailredirects_redirect wagtailredirects_redirect_pkey; Type: CONSTRAINT; Schema: public; Owner: decos
--

ALTER TABLE ONLY public.wagtailredirects_redirect
    ADD CONSTRAINT wagtailredirects_redirect_pkey PRIMARY KEY (id);


--
-- Name: wagtailsearch_indexentry wagtailsearch_indexentry_content_type_id_object_i_bcd7ba73_uniq; Type: CONSTRAINT; Schema: public; Owner: decos
--

ALTER TABLE ONLY public.wagtailsearch_indexentry
    ADD CONSTRAINT wagtailsearch_indexentry_content_type_id_object_i_bcd7ba73_uniq UNIQUE (content_type_id, object_id);


--
-- Name: wagtailsearch_indexentry wagtailsearch_indexentry_pkey; Type: CONSTRAINT; Schema: public; Owner: decos
--

ALTER TABLE ONLY public.wagtailsearch_indexentry
    ADD CONSTRAINT wagtailsearch_indexentry_pkey PRIMARY KEY (id);


--
-- Name: wagtailusers_userprofile wagtailusers_userprofile_pkey; Type: CONSTRAINT; Schema: public; Owner: decos
--

ALTER TABLE ONLY public.wagtailusers_userprofile
    ADD CONSTRAINT wagtailusers_userprofile_pkey PRIMARY KEY (id);


--
-- Name: wagtailusers_userprofile wagtailusers_userprofile_user_id_key; Type: CONSTRAINT; Schema: public; Owner: decos
--

ALTER TABLE ONLY public.wagtailusers_userprofile
    ADD CONSTRAINT wagtailusers_userprofile_user_id_key UNIQUE (user_id);


--
-- Name: account_emailaddress_email_03be32b2; Type: INDEX; Schema: public; Owner: decos
--

CREATE INDEX account_emailaddress_email_03be32b2 ON public.account_emailaddress USING btree (email);


--
-- Name: account_emailaddress_email_03be32b2_like; Type: INDEX; Schema: public; Owner: decos
--

CREATE INDEX account_emailaddress_email_03be32b2_like ON public.account_emailaddress USING btree (email varchar_pattern_ops);


--
-- Name: account_emailaddress_user_id_2c513194; Type: INDEX; Schema: public; Owner: decos
--

CREATE INDEX account_emailaddress_user_id_2c513194 ON public.account_emailaddress USING btree (user_id);


--
-- Name: account_emailconfirmation_email_address_id_5b7f8c58; Type: INDEX; Schema: public; Owner: decos
--

CREATE INDEX account_emailconfirmation_email_address_id_5b7f8c58 ON public.account_emailconfirmation USING btree (email_address_id);


--
-- Name: account_emailconfirmation_key_f43612bd_like; Type: INDEX; Schema: public; Owner: decos
--

CREATE INDEX account_emailconfirmation_key_f43612bd_like ON public.account_emailconfirmation USING btree (key varchar_pattern_ops);


--
-- Name: auth_group_name_a6ea08ec_like; Type: INDEX; Schema: public; Owner: decos
--

CREATE INDEX auth_group_name_a6ea08ec_like ON public.auth_group USING btree (name varchar_pattern_ops);


--
-- Name: auth_group_permissions_group_id_b120cbf9; Type: INDEX; Schema: public; Owner: decos
--

CREATE INDEX auth_group_permissions_group_id_b120cbf9 ON public.auth_group_permissions USING btree (group_id);


--
-- Name: auth_group_permissions_permission_id_84c5c92e; Type: INDEX; Schema: public; Owner: decos
--

CREATE INDEX auth_group_permissions_permission_id_84c5c92e ON public.auth_group_permissions USING btree (permission_id);


--
-- Name: auth_permission_content_type_id_2f476e4b; Type: INDEX; Schema: public; Owner: decos
--

CREATE INDEX auth_permission_content_type_id_2f476e4b ON public.auth_permission USING btree (content_type_id);


--
-- Name: auth_user_groups_group_id_97559544; Type: INDEX; Schema: public; Owner: decos
--

CREATE INDEX auth_user_groups_group_id_97559544 ON public.auth_user_groups USING btree (group_id);


--
-- Name: auth_user_groups_user_id_6a12ed8b; Type: INDEX; Schema: public; Owner: decos
--

CREATE INDEX auth_user_groups_user_id_6a12ed8b ON public.auth_user_groups USING btree (user_id);


--
-- Name: auth_user_user_permissions_permission_id_1fbb5f2c; Type: INDEX; Schema: public; Owner: decos
--

CREATE INDEX auth_user_user_permissions_permission_id_1fbb5f2c ON public.auth_user_user_permissions USING btree (permission_id);


--
-- Name: auth_user_user_permissions_user_id_a95ead1b; Type: INDEX; Schema: public; Owner: decos
--

CREATE INDEX auth_user_user_permissions_user_id_a95ead1b ON public.auth_user_user_permissions USING btree (user_id);


--
-- Name: auth_user_username_6821ab7c_like; Type: INDEX; Schema: public; Owner: decos
--

CREATE INDEX auth_user_username_6821ab7c_like ON public.auth_user USING btree (username varchar_pattern_ops);


--
-- Name: base_content_object_idx; Type: INDEX; Schema: public; Owner: decos
--

CREATE INDEX base_content_object_idx ON public.wagtailcore_revision USING btree (base_content_type_id, object_id);


--
-- Name: content_object_idx; Type: INDEX; Schema: public; Owner: decos
--

CREATE INDEX content_object_idx ON public.wagtailcore_revision USING btree (content_type_id, object_id);


--
-- Name: django_admin_log_content_type_id_c4bce8eb; Type: INDEX; Schema: public; Owner: decos
--

CREATE INDEX django_admin_log_content_type_id_c4bce8eb ON public.django_admin_log USING btree (content_type_id);


--
-- Name: django_admin_log_user_id_c564eba6; Type: INDEX; Schema: public; Owner: decos
--

CREATE INDEX django_admin_log_user_id_c564eba6 ON public.django_admin_log USING btree (user_id);


--
-- Name: django_session_expire_date_a5c62663; Type: INDEX; Schema: public; Owner: decos
--

CREATE INDEX django_session_expire_date_a5c62663 ON public.django_session USING btree (expire_date);


--
-- Name: django_session_session_key_c0390e0f_like; Type: INDEX; Schema: public; Owner: decos
--

CREATE INDEX django_session_session_key_c0390e0f_like ON public.django_session USING btree (session_key varchar_pattern_ops);


--
-- Name: home_footersettings_github_icon_id_0c0eda4c; Type: INDEX; Schema: public; Owner: decos
--

CREATE INDEX home_footersettings_github_icon_id_0c0eda4c ON public.home_footersettings USING btree (github_icon_id);


--
-- Name: home_headersettings_prp_icon_id_730a9cab; Type: INDEX; Schema: public; Owner: decos
--

CREATE INDEX home_headersettings_prp_icon_id_730a9cab ON public.home_headersettings USING btree (prp_icon_id);


--
-- Name: socialaccount_socialaccount_user_id_8146e70c; Type: INDEX; Schema: public; Owner: decos
--

CREATE INDEX socialaccount_socialaccount_user_id_8146e70c ON public.socialaccount_socialaccount USING btree (user_id);


--
-- Name: socialaccount_socialtoken_account_id_951f210e; Type: INDEX; Schema: public; Owner: decos
--

CREATE INDEX socialaccount_socialtoken_account_id_951f210e ON public.socialaccount_socialtoken USING btree (account_id);


--
-- Name: socialaccount_socialtoken_app_id_636a42d7; Type: INDEX; Schema: public; Owner: decos
--

CREATE INDEX socialaccount_socialtoken_app_id_636a42d7 ON public.socialaccount_socialtoken USING btree (app_id);


--
-- Name: taggit_tag_name_58eb2ed9_like; Type: INDEX; Schema: public; Owner: decos
--

CREATE INDEX taggit_tag_name_58eb2ed9_like ON public.taggit_tag USING btree (name varchar_pattern_ops);


--
-- Name: taggit_tag_slug_6be58b2c_like; Type: INDEX; Schema: public; Owner: decos
--

CREATE INDEX taggit_tag_slug_6be58b2c_like ON public.taggit_tag USING btree (slug varchar_pattern_ops);


--
-- Name: taggit_tagg_content_8fc721_idx; Type: INDEX; Schema: public; Owner: decos
--

CREATE INDEX taggit_tagg_content_8fc721_idx ON public.taggit_taggeditem USING btree (content_type_id, object_id);


--
-- Name: taggit_taggeditem_content_type_id_9957a03c; Type: INDEX; Schema: public; Owner: decos
--

CREATE INDEX taggit_taggeditem_content_type_id_9957a03c ON public.taggit_taggeditem USING btree (content_type_id);


--
-- Name: taggit_taggeditem_object_id_e2d7d1df; Type: INDEX; Schema: public; Owner: decos
--

CREATE INDEX taggit_taggeditem_object_id_e2d7d1df ON public.taggit_taggeditem USING btree (object_id);


--
-- Name: taggit_taggeditem_tag_id_f4f5b767; Type: INDEX; Schema: public; Owner: decos
--

CREATE INDEX taggit_taggeditem_tag_id_f4f5b767 ON public.taggit_taggeditem USING btree (tag_id);


--
-- Name: unique_in_progress_workflow; Type: INDEX; Schema: public; Owner: decos
--

CREATE UNIQUE INDEX unique_in_progress_workflow ON public.wagtailcore_workflowstate USING btree (base_content_type_id, object_id) WHERE ((status)::text = ANY (ARRAY[('in_progress'::character varying)::text, ('needs_changes'::character varying)::text]));


--
-- Name: unique_primary_email; Type: INDEX; Schema: public; Owner: decos
--

CREATE UNIQUE INDEX unique_primary_email ON public.account_emailaddress USING btree (user_id, "primary") WHERE "primary";


--
-- Name: unique_verified_email; Type: INDEX; Schema: public; Owner: decos
--

CREATE UNIQUE INDEX unique_verified_email ON public.account_emailaddress USING btree (email) WHERE verified;


--
-- Name: wagtailadmi_content_717955_idx; Type: INDEX; Schema: public; Owner: decos
--

CREATE INDEX wagtailadmi_content_717955_idx ON public.wagtailadmin_editingsession USING btree (content_type_id, object_id);


--
-- Name: wagtailadmin_editingsession_content_type_id_4df7730e; Type: INDEX; Schema: public; Owner: decos
--

CREATE INDEX wagtailadmin_editingsession_content_type_id_4df7730e ON public.wagtailadmin_editingsession USING btree (content_type_id);


--
-- Name: wagtailadmin_editingsession_user_id_6e1a9b70; Type: INDEX; Schema: public; Owner: decos
--

CREATE INDEX wagtailadmin_editingsession_user_id_6e1a9b70 ON public.wagtailadmin_editingsession USING btree (user_id);


--
-- Name: wagtailcore_collection_path_d848dc19_like; Type: INDEX; Schema: public; Owner: decos
--

CREATE INDEX wagtailcore_collection_path_d848dc19_like ON public.wagtailcore_collection USING btree (path varchar_pattern_ops);


--
-- Name: wagtailcore_collectionview_collectionviewrestriction__47320efd; Type: INDEX; Schema: public; Owner: decos
--

CREATE INDEX wagtailcore_collectionview_collectionviewrestriction__47320efd ON public.wagtailcore_collectionviewrestriction_groups USING btree (collectionviewrestriction_id);


--
-- Name: wagtailcore_collectionviewrestriction_collection_id_761908ec; Type: INDEX; Schema: public; Owner: decos
--

CREATE INDEX wagtailcore_collectionviewrestriction_collection_id_761908ec ON public.wagtailcore_collectionviewrestriction USING btree (collection_id);


--
-- Name: wagtailcore_collectionviewrestriction_groups_group_id_1823f2a3; Type: INDEX; Schema: public; Owner: decos
--

CREATE INDEX wagtailcore_collectionviewrestriction_groups_group_id_1823f2a3 ON public.wagtailcore_collectionviewrestriction_groups USING btree (group_id);


--
-- Name: wagtailcore_comment_page_id_108444b5; Type: INDEX; Schema: public; Owner: decos
--

CREATE INDEX wagtailcore_comment_page_id_108444b5 ON public.wagtailcore_comment USING btree (page_id);


--
-- Name: wagtailcore_comment_resolved_by_id_a282aa0e; Type: INDEX; Schema: public; Owner: decos
--

CREATE INDEX wagtailcore_comment_resolved_by_id_a282aa0e ON public.wagtailcore_comment USING btree (resolved_by_id);


--
-- Name: wagtailcore_comment_revision_created_id_1d058279; Type: INDEX; Schema: public; Owner: decos
--

CREATE INDEX wagtailcore_comment_revision_created_id_1d058279 ON public.wagtailcore_comment USING btree (revision_created_id);


--
-- Name: wagtailcore_comment_user_id_0c577ca6; Type: INDEX; Schema: public; Owner: decos
--

CREATE INDEX wagtailcore_comment_user_id_0c577ca6 ON public.wagtailcore_comment USING btree (user_id);


--
-- Name: wagtailcore_commentreply_comment_id_afc7e027; Type: INDEX; Schema: public; Owner: decos
--

CREATE INDEX wagtailcore_commentreply_comment_id_afc7e027 ON public.wagtailcore_commentreply USING btree (comment_id);


--
-- Name: wagtailcore_commentreply_user_id_d0b3b9c3; Type: INDEX; Schema: public; Owner: decos
--

CREATE INDEX wagtailcore_commentreply_user_id_d0b3b9c3 ON public.wagtailcore_commentreply USING btree (user_id);


--
-- Name: wagtailcore_groupapprovalt_groupapprovaltask_id_9a9255ea; Type: INDEX; Schema: public; Owner: decos
--

CREATE INDEX wagtailcore_groupapprovalt_groupapprovaltask_id_9a9255ea ON public.wagtailcore_groupapprovaltask_groups USING btree (groupapprovaltask_id);


--
-- Name: wagtailcore_groupapprovaltask_groups_group_id_2e64b61f; Type: INDEX; Schema: public; Owner: decos
--

CREATE INDEX wagtailcore_groupapprovaltask_groups_group_id_2e64b61f ON public.wagtailcore_groupapprovaltask_groups USING btree (group_id);


--
-- Name: wagtailcore_groupcollectionpermission_collection_id_5423575a; Type: INDEX; Schema: public; Owner: decos
--

CREATE INDEX wagtailcore_groupcollectionpermission_collection_id_5423575a ON public.wagtailcore_groupcollectionpermission USING btree (collection_id);


--
-- Name: wagtailcore_groupcollectionpermission_group_id_05d61460; Type: INDEX; Schema: public; Owner: decos
--

CREATE INDEX wagtailcore_groupcollectionpermission_group_id_05d61460 ON public.wagtailcore_groupcollectionpermission USING btree (group_id);


--
-- Name: wagtailcore_groupcollectionpermission_permission_id_1b626275; Type: INDEX; Schema: public; Owner: decos
--

CREATE INDEX wagtailcore_groupcollectionpermission_permission_id_1b626275 ON public.wagtailcore_groupcollectionpermission USING btree (permission_id);


--
-- Name: wagtailcore_grouppagepermission_group_id_fc07e671; Type: INDEX; Schema: public; Owner: decos
--

CREATE INDEX wagtailcore_grouppagepermission_group_id_fc07e671 ON public.wagtailcore_grouppagepermission USING btree (group_id);


--
-- Name: wagtailcore_grouppagepermission_page_id_710b114a; Type: INDEX; Schema: public; Owner: decos
--

CREATE INDEX wagtailcore_grouppagepermission_page_id_710b114a ON public.wagtailcore_grouppagepermission USING btree (page_id);


--
-- Name: wagtailcore_grouppagepermission_permission_id_05acb22e; Type: INDEX; Schema: public; Owner: decos
--

CREATE INDEX wagtailcore_grouppagepermission_permission_id_05acb22e ON public.wagtailcore_grouppagepermission USING btree (permission_id);


--
-- Name: wagtailcore_locale_language_code_03149338_like; Type: INDEX; Schema: public; Owner: decos
--

CREATE INDEX wagtailcore_locale_language_code_03149338_like ON public.wagtailcore_locale USING btree (language_code varchar_pattern_ops);


--
-- Name: wagtailcore_modellogentry_action_d2d856ee; Type: INDEX; Schema: public; Owner: decos
--

CREATE INDEX wagtailcore_modellogentry_action_d2d856ee ON public.wagtailcore_modellogentry USING btree (action);


--
-- Name: wagtailcore_modellogentry_action_d2d856ee_like; Type: INDEX; Schema: public; Owner: decos
--

CREATE INDEX wagtailcore_modellogentry_action_d2d856ee_like ON public.wagtailcore_modellogentry USING btree (action varchar_pattern_ops);


--
-- Name: wagtailcore_modellogentry_content_changed_8bc39742; Type: INDEX; Schema: public; Owner: decos
--

CREATE INDEX wagtailcore_modellogentry_content_changed_8bc39742 ON public.wagtailcore_modellogentry USING btree (content_changed);


--
-- Name: wagtailcore_modellogentry_content_type_id_68849e77; Type: INDEX; Schema: public; Owner: decos
--

CREATE INDEX wagtailcore_modellogentry_content_type_id_68849e77 ON public.wagtailcore_modellogentry USING btree (content_type_id);


--
-- Name: wagtailcore_modellogentry_object_id_e0e7d4ef; Type: INDEX; Schema: public; Owner: decos
--

CREATE INDEX wagtailcore_modellogentry_object_id_e0e7d4ef ON public.wagtailcore_modellogentry USING btree (object_id);


--
-- Name: wagtailcore_modellogentry_object_id_e0e7d4ef_like; Type: INDEX; Schema: public; Owner: decos
--

CREATE INDEX wagtailcore_modellogentry_object_id_e0e7d4ef_like ON public.wagtailcore_modellogentry USING btree (object_id varchar_pattern_ops);


--
-- Name: wagtailcore_modellogentry_revision_id_df6ca33a; Type: INDEX; Schema: public; Owner: decos
--

CREATE INDEX wagtailcore_modellogentry_revision_id_df6ca33a ON public.wagtailcore_modellogentry USING btree (revision_id);


--
-- Name: wagtailcore_modellogentry_timestamp_9694521b; Type: INDEX; Schema: public; Owner: decos
--

CREATE INDEX wagtailcore_modellogentry_timestamp_9694521b ON public.wagtailcore_modellogentry USING btree ("timestamp");


--
-- Name: wagtailcore_modellogentry_user_id_0278d1bf; Type: INDEX; Schema: public; Owner: decos
--

CREATE INDEX wagtailcore_modellogentry_user_id_0278d1bf ON public.wagtailcore_modellogentry USING btree (user_id);


--
-- Name: wagtailcore_page_alias_of_id_12945502; Type: INDEX; Schema: public; Owner: decos
--

CREATE INDEX wagtailcore_page_alias_of_id_12945502 ON public.wagtailcore_page USING btree (alias_of_id);


--
-- Name: wagtailcore_page_content_type_id_c28424df; Type: INDEX; Schema: public; Owner: decos
--

CREATE INDEX wagtailcore_page_content_type_id_c28424df ON public.wagtailcore_page USING btree (content_type_id);


--
-- Name: wagtailcore_page_first_published_at_2b5dd637; Type: INDEX; Schema: public; Owner: decos
--

CREATE INDEX wagtailcore_page_first_published_at_2b5dd637 ON public.wagtailcore_page USING btree (first_published_at);


--
-- Name: wagtailcore_page_latest_revision_id_e60fef51; Type: INDEX; Schema: public; Owner: decos
--

CREATE INDEX wagtailcore_page_latest_revision_id_e60fef51 ON public.wagtailcore_page USING btree (latest_revision_id);


--
-- Name: wagtailcore_page_live_revision_id_930bd822; Type: INDEX; Schema: public; Owner: decos
--

CREATE INDEX wagtailcore_page_live_revision_id_930bd822 ON public.wagtailcore_page USING btree (live_revision_id);


--
-- Name: wagtailcore_page_locale_id_3c7e30a6; Type: INDEX; Schema: public; Owner: decos
--

CREATE INDEX wagtailcore_page_locale_id_3c7e30a6 ON public.wagtailcore_page USING btree (locale_id);


--
-- Name: wagtailcore_page_locked_by_id_bcb86245; Type: INDEX; Schema: public; Owner: decos
--

CREATE INDEX wagtailcore_page_locked_by_id_bcb86245 ON public.wagtailcore_page USING btree (locked_by_id);


--
-- Name: wagtailcore_page_owner_id_fbf7c332; Type: INDEX; Schema: public; Owner: decos
--

CREATE INDEX wagtailcore_page_owner_id_fbf7c332 ON public.wagtailcore_page USING btree (owner_id);


--
-- Name: wagtailcore_page_path_98eba2c8_like; Type: INDEX; Schema: public; Owner: decos
--

CREATE INDEX wagtailcore_page_path_98eba2c8_like ON public.wagtailcore_page USING btree (path varchar_pattern_ops);


--
-- Name: wagtailcore_page_slug_e7c11b8f; Type: INDEX; Schema: public; Owner: decos
--

CREATE INDEX wagtailcore_page_slug_e7c11b8f ON public.wagtailcore_page USING btree (slug);


--
-- Name: wagtailcore_page_slug_e7c11b8f_like; Type: INDEX; Schema: public; Owner: decos
--

CREATE INDEX wagtailcore_page_slug_e7c11b8f_like ON public.wagtailcore_page USING btree (slug varchar_pattern_ops);


--
-- Name: wagtailcore_pagelogentry_action_c2408198; Type: INDEX; Schema: public; Owner: decos
--

CREATE INDEX wagtailcore_pagelogentry_action_c2408198 ON public.wagtailcore_pagelogentry USING btree (action);


--
-- Name: wagtailcore_pagelogentry_action_c2408198_like; Type: INDEX; Schema: public; Owner: decos
--

CREATE INDEX wagtailcore_pagelogentry_action_c2408198_like ON public.wagtailcore_pagelogentry USING btree (action varchar_pattern_ops);


--
-- Name: wagtailcore_pagelogentry_content_changed_99f27ade; Type: INDEX; Schema: public; Owner: decos
--

CREATE INDEX wagtailcore_pagelogentry_content_changed_99f27ade ON public.wagtailcore_pagelogentry USING btree (content_changed);


--
-- Name: wagtailcore_pagelogentry_content_type_id_74e7708a; Type: INDEX; Schema: public; Owner: decos
--

CREATE INDEX wagtailcore_pagelogentry_content_type_id_74e7708a ON public.wagtailcore_pagelogentry USING btree (content_type_id);


--
-- Name: wagtailcore_pagelogentry_page_id_8464e327; Type: INDEX; Schema: public; Owner: decos
--

CREATE INDEX wagtailcore_pagelogentry_page_id_8464e327 ON public.wagtailcore_pagelogentry USING btree (page_id);


--
-- Name: wagtailcore_pagelogentry_revision_id_8043d103; Type: INDEX; Schema: public; Owner: decos
--

CREATE INDEX wagtailcore_pagelogentry_revision_id_8043d103 ON public.wagtailcore_pagelogentry USING btree (revision_id);


--
-- Name: wagtailcore_pagelogentry_timestamp_deb774c4; Type: INDEX; Schema: public; Owner: decos
--

CREATE INDEX wagtailcore_pagelogentry_timestamp_deb774c4 ON public.wagtailcore_pagelogentry USING btree ("timestamp");


--
-- Name: wagtailcore_pagelogentry_user_id_604ccfd8; Type: INDEX; Schema: public; Owner: decos
--

CREATE INDEX wagtailcore_pagelogentry_user_id_604ccfd8 ON public.wagtailcore_pagelogentry USING btree (user_id);


--
-- Name: wagtailcore_pagerevision_approved_go_live_at_e56afc67; Type: INDEX; Schema: public; Owner: decos
--

CREATE INDEX wagtailcore_pagerevision_approved_go_live_at_e56afc67 ON public.wagtailcore_revision USING btree (approved_go_live_at);


--
-- Name: wagtailcore_pagerevision_created_at_66954e3b; Type: INDEX; Schema: public; Owner: decos
--

CREATE INDEX wagtailcore_pagerevision_created_at_66954e3b ON public.wagtailcore_revision USING btree (created_at);


--
-- Name: wagtailcore_pagerevision_user_id_2409d2f4; Type: INDEX; Schema: public; Owner: decos
--

CREATE INDEX wagtailcore_pagerevision_user_id_2409d2f4 ON public.wagtailcore_revision USING btree (user_id);


--
-- Name: wagtailcore_pagesubscription_page_id_a085e7a6; Type: INDEX; Schema: public; Owner: decos
--

CREATE INDEX wagtailcore_pagesubscription_page_id_a085e7a6 ON public.wagtailcore_pagesubscription USING btree (page_id);


--
-- Name: wagtailcore_pagesubscription_user_id_89d7def9; Type: INDEX; Schema: public; Owner: decos
--

CREATE INDEX wagtailcore_pagesubscription_user_id_89d7def9 ON public.wagtailcore_pagesubscription USING btree (user_id);


--
-- Name: wagtailcore_pageviewrestri_pageviewrestriction_id_f147a99a; Type: INDEX; Schema: public; Owner: decos
--

CREATE INDEX wagtailcore_pageviewrestri_pageviewrestriction_id_f147a99a ON public.wagtailcore_pageviewrestriction_groups USING btree (pageviewrestriction_id);


--
-- Name: wagtailcore_pageviewrestriction_groups_group_id_6460f223; Type: INDEX; Schema: public; Owner: decos
--

CREATE INDEX wagtailcore_pageviewrestriction_groups_group_id_6460f223 ON public.wagtailcore_pageviewrestriction_groups USING btree (group_id);


--
-- Name: wagtailcore_pageviewrestriction_page_id_15a8bea6; Type: INDEX; Schema: public; Owner: decos
--

CREATE INDEX wagtailcore_pageviewrestriction_page_id_15a8bea6 ON public.wagtailcore_pageviewrestriction USING btree (page_id);


--
-- Name: wagtailcore_referenceindex_base_content_type_id_313cf40f; Type: INDEX; Schema: public; Owner: decos
--

CREATE INDEX wagtailcore_referenceindex_base_content_type_id_313cf40f ON public.wagtailcore_referenceindex USING btree (base_content_type_id);


--
-- Name: wagtailcore_referenceindex_content_type_id_766e0336; Type: INDEX; Schema: public; Owner: decos
--

CREATE INDEX wagtailcore_referenceindex_content_type_id_766e0336 ON public.wagtailcore_referenceindex USING btree (content_type_id);


--
-- Name: wagtailcore_referenceindex_to_content_type_id_93690bbd; Type: INDEX; Schema: public; Owner: decos
--

CREATE INDEX wagtailcore_referenceindex_to_content_type_id_93690bbd ON public.wagtailcore_referenceindex USING btree (to_content_type_id);


--
-- Name: wagtailcore_revision_base_content_type_id_5b4ef7bd; Type: INDEX; Schema: public; Owner: decos
--

CREATE INDEX wagtailcore_revision_base_content_type_id_5b4ef7bd ON public.wagtailcore_revision USING btree (base_content_type_id);


--
-- Name: wagtailcore_revision_content_type_id_c8cb69c0; Type: INDEX; Schema: public; Owner: decos
--

CREATE INDEX wagtailcore_revision_content_type_id_c8cb69c0 ON public.wagtailcore_revision USING btree (content_type_id);


--
-- Name: wagtailcore_site_hostname_96b20b46; Type: INDEX; Schema: public; Owner: decos
--

CREATE INDEX wagtailcore_site_hostname_96b20b46 ON public.wagtailcore_site USING btree (hostname);


--
-- Name: wagtailcore_site_hostname_96b20b46_like; Type: INDEX; Schema: public; Owner: decos
--

CREATE INDEX wagtailcore_site_hostname_96b20b46_like ON public.wagtailcore_site USING btree (hostname varchar_pattern_ops);


--
-- Name: wagtailcore_site_root_page_id_e02fb95c; Type: INDEX; Schema: public; Owner: decos
--

CREATE INDEX wagtailcore_site_root_page_id_e02fb95c ON public.wagtailcore_site USING btree (root_page_id);


--
-- Name: wagtailcore_task_content_type_id_249ab8ba; Type: INDEX; Schema: public; Owner: decos
--

CREATE INDEX wagtailcore_task_content_type_id_249ab8ba ON public.wagtailcore_task USING btree (content_type_id);


--
-- Name: wagtailcore_taskstate_content_type_id_0a758fdc; Type: INDEX; Schema: public; Owner: decos
--

CREATE INDEX wagtailcore_taskstate_content_type_id_0a758fdc ON public.wagtailcore_taskstate USING btree (content_type_id);


--
-- Name: wagtailcore_taskstate_finished_by_id_13f98229; Type: INDEX; Schema: public; Owner: decos
--

CREATE INDEX wagtailcore_taskstate_finished_by_id_13f98229 ON public.wagtailcore_taskstate USING btree (finished_by_id);


--
-- Name: wagtailcore_taskstate_page_revision_id_9f52c88e; Type: INDEX; Schema: public; Owner: decos
--

CREATE INDEX wagtailcore_taskstate_page_revision_id_9f52c88e ON public.wagtailcore_taskstate USING btree (revision_id);


--
-- Name: wagtailcore_taskstate_task_id_c3677c34; Type: INDEX; Schema: public; Owner: decos
--

CREATE INDEX wagtailcore_taskstate_task_id_c3677c34 ON public.wagtailcore_taskstate USING btree (task_id);


--
-- Name: wagtailcore_taskstate_workflow_state_id_9239a775; Type: INDEX; Schema: public; Owner: decos
--

CREATE INDEX wagtailcore_taskstate_workflow_state_id_9239a775 ON public.wagtailcore_taskstate USING btree (workflow_state_id);


--
-- Name: wagtailcore_uploadedfile_for_content_type_id_b0fc87b2; Type: INDEX; Schema: public; Owner: decos
--

CREATE INDEX wagtailcore_uploadedfile_for_content_type_id_b0fc87b2 ON public.wagtailcore_uploadedfile USING btree (for_content_type_id);


--
-- Name: wagtailcore_uploadedfile_uploaded_by_user_id_c7580fe8; Type: INDEX; Schema: public; Owner: decos
--

CREATE INDEX wagtailcore_uploadedfile_uploaded_by_user_id_c7580fe8 ON public.wagtailcore_uploadedfile USING btree (uploaded_by_user_id);


--
-- Name: wagtailcore_workflowcontenttype_workflow_id_9aad7cd2; Type: INDEX; Schema: public; Owner: decos
--

CREATE INDEX wagtailcore_workflowcontenttype_workflow_id_9aad7cd2 ON public.wagtailcore_workflowcontenttype USING btree (workflow_id);


--
-- Name: wagtailcore_workflowpage_workflow_id_56f56ff6; Type: INDEX; Schema: public; Owner: decos
--

CREATE INDEX wagtailcore_workflowpage_workflow_id_56f56ff6 ON public.wagtailcore_workflowpage USING btree (workflow_id);


--
-- Name: wagtailcore_workflowstate_base_content_type_id_a30dc576; Type: INDEX; Schema: public; Owner: decos
--

CREATE INDEX wagtailcore_workflowstate_base_content_type_id_a30dc576 ON public.wagtailcore_workflowstate USING btree (base_content_type_id);


--
-- Name: wagtailcore_workflowstate_content_type_id_2bb78ce1; Type: INDEX; Schema: public; Owner: decos
--

CREATE INDEX wagtailcore_workflowstate_content_type_id_2bb78ce1 ON public.wagtailcore_workflowstate USING btree (content_type_id);


--
-- Name: wagtailcore_workflowstate_requested_by_id_4090bca3; Type: INDEX; Schema: public; Owner: decos
--

CREATE INDEX wagtailcore_workflowstate_requested_by_id_4090bca3 ON public.wagtailcore_workflowstate USING btree (requested_by_id);


--
-- Name: wagtailcore_workflowstate_workflow_id_1f18378f; Type: INDEX; Schema: public; Owner: decos
--

CREATE INDEX wagtailcore_workflowstate_workflow_id_1f18378f ON public.wagtailcore_workflowstate USING btree (workflow_id);


--
-- Name: wagtailcore_workflowtask_task_id_ce7716fe; Type: INDEX; Schema: public; Owner: decos
--

CREATE INDEX wagtailcore_workflowtask_task_id_ce7716fe ON public.wagtailcore_workflowtask USING btree (task_id);


--
-- Name: wagtailcore_workflowtask_workflow_id_b9717175; Type: INDEX; Schema: public; Owner: decos
--

CREATE INDEX wagtailcore_workflowtask_workflow_id_b9717175 ON public.wagtailcore_workflowtask USING btree (workflow_id);


--
-- Name: wagtaildocs_document_collection_id_23881625; Type: INDEX; Schema: public; Owner: decos
--

CREATE INDEX wagtaildocs_document_collection_id_23881625 ON public.wagtaildocs_document USING btree (collection_id);


--
-- Name: wagtaildocs_document_uploaded_by_user_id_17258b41; Type: INDEX; Schema: public; Owner: decos
--

CREATE INDEX wagtaildocs_document_uploaded_by_user_id_17258b41 ON public.wagtaildocs_document USING btree (uploaded_by_user_id);


--
-- Name: wagtailembeds_embed_cache_until_26c94bb0; Type: INDEX; Schema: public; Owner: decos
--

CREATE INDEX wagtailembeds_embed_cache_until_26c94bb0 ON public.wagtailembeds_embed USING btree (cache_until);


--
-- Name: wagtailembeds_embed_hash_c9bd8c9a_like; Type: INDEX; Schema: public; Owner: decos
--

CREATE INDEX wagtailembeds_embed_hash_c9bd8c9a_like ON public.wagtailembeds_embed USING btree (hash varchar_pattern_ops);


--
-- Name: wagtailforms_formsubmission_page_id_e48e93e7; Type: INDEX; Schema: public; Owner: decos
--

CREATE INDEX wagtailforms_formsubmission_page_id_e48e93e7 ON public.wagtailforms_formsubmission USING btree (page_id);


--
-- Name: wagtailimages_image_collection_id_c2f8af7e; Type: INDEX; Schema: public; Owner: decos
--

CREATE INDEX wagtailimages_image_collection_id_c2f8af7e ON public.wagtailimages_image USING btree (collection_id);


--
-- Name: wagtailimages_image_created_at_86fa6cd4; Type: INDEX; Schema: public; Owner: decos
--

CREATE INDEX wagtailimages_image_created_at_86fa6cd4 ON public.wagtailimages_image USING btree (created_at);


--
-- Name: wagtailimages_image_file_hash_fb5bbb23; Type: INDEX; Schema: public; Owner: decos
--

CREATE INDEX wagtailimages_image_file_hash_fb5bbb23 ON public.wagtailimages_image USING btree (file_hash);


--
-- Name: wagtailimages_image_file_hash_fb5bbb23_like; Type: INDEX; Schema: public; Owner: decos
--

CREATE INDEX wagtailimages_image_file_hash_fb5bbb23_like ON public.wagtailimages_image USING btree (file_hash varchar_pattern_ops);


--
-- Name: wagtailimages_image_uploaded_by_user_id_5d73dc75; Type: INDEX; Schema: public; Owner: decos
--

CREATE INDEX wagtailimages_image_uploaded_by_user_id_5d73dc75 ON public.wagtailimages_image USING btree (uploaded_by_user_id);


--
-- Name: wagtailimages_rendition_filter_spec_1cba3201; Type: INDEX; Schema: public; Owner: decos
--

CREATE INDEX wagtailimages_rendition_filter_spec_1cba3201 ON public.wagtailimages_rendition USING btree (filter_spec);


--
-- Name: wagtailimages_rendition_filter_spec_1cba3201_like; Type: INDEX; Schema: public; Owner: decos
--

CREATE INDEX wagtailimages_rendition_filter_spec_1cba3201_like ON public.wagtailimages_rendition USING btree (filter_spec varchar_pattern_ops);


--
-- Name: wagtailimages_rendition_image_id_3e1fd774; Type: INDEX; Schema: public; Owner: decos
--

CREATE INDEX wagtailimages_rendition_image_id_3e1fd774 ON public.wagtailimages_rendition USING btree (image_id);


--
-- Name: wagtailredirects_redirect_old_path_bb35247b; Type: INDEX; Schema: public; Owner: decos
--

CREATE INDEX wagtailredirects_redirect_old_path_bb35247b ON public.wagtailredirects_redirect USING btree (old_path);


--
-- Name: wagtailredirects_redirect_old_path_bb35247b_like; Type: INDEX; Schema: public; Owner: decos
--

CREATE INDEX wagtailredirects_redirect_old_path_bb35247b_like ON public.wagtailredirects_redirect USING btree (old_path varchar_pattern_ops);


--
-- Name: wagtailredirects_redirect_redirect_page_id_b5728a8f; Type: INDEX; Schema: public; Owner: decos
--

CREATE INDEX wagtailredirects_redirect_redirect_page_id_b5728a8f ON public.wagtailredirects_redirect USING btree (redirect_page_id);


--
-- Name: wagtailredirects_redirect_site_id_780a0e1e; Type: INDEX; Schema: public; Owner: decos
--

CREATE INDEX wagtailredirects_redirect_site_id_780a0e1e ON public.wagtailredirects_redirect USING btree (site_id);


--
-- Name: wagtailsear_autocom_476c89_gin; Type: INDEX; Schema: public; Owner: decos
--

CREATE INDEX wagtailsear_autocom_476c89_gin ON public.wagtailsearch_indexentry USING gin (autocomplete);


--
-- Name: wagtailsear_body_90c85d_gin; Type: INDEX; Schema: public; Owner: decos
--

CREATE INDEX wagtailsear_body_90c85d_gin ON public.wagtailsearch_indexentry USING gin (body);


--
-- Name: wagtailsear_title_9caae0_gin; Type: INDEX; Schema: public; Owner: decos
--

CREATE INDEX wagtailsear_title_9caae0_gin ON public.wagtailsearch_indexentry USING gin (title);


--
-- Name: wagtailsearch_indexentry_content_type_id_62ed694f; Type: INDEX; Schema: public; Owner: decos
--

CREATE INDEX wagtailsearch_indexentry_content_type_id_62ed694f ON public.wagtailsearch_indexentry USING btree (content_type_id);


--
-- Name: workflowstate_base_ct_id_idx; Type: INDEX; Schema: public; Owner: decos
--

CREATE INDEX workflowstate_base_ct_id_idx ON public.wagtailcore_workflowstate USING btree (base_content_type_id, object_id);


--
-- Name: workflowstate_ct_id_idx; Type: INDEX; Schema: public; Owner: decos
--

CREATE INDEX workflowstate_ct_id_idx ON public.wagtailcore_workflowstate USING btree (content_type_id, object_id);


--
-- Name: account_emailaddress account_emailaddress_user_id_2c513194_fk_auth_user_id; Type: FK CONSTRAINT; Schema: public; Owner: decos
--

ALTER TABLE ONLY public.account_emailaddress
    ADD CONSTRAINT account_emailaddress_user_id_2c513194_fk_auth_user_id FOREIGN KEY (user_id) REFERENCES public.auth_user(id) DEFERRABLE INITIALLY DEFERRED;


--
-- Name: account_emailconfirmation account_emailconfirm_email_address_id_5b7f8c58_fk_account_e; Type: FK CONSTRAINT; Schema: public; Owner: decos
--

ALTER TABLE ONLY public.account_emailconfirmation
    ADD CONSTRAINT account_emailconfirm_email_address_id_5b7f8c58_fk_account_e FOREIGN KEY (email_address_id) REFERENCES public.account_emailaddress(id) DEFERRABLE INITIALLY DEFERRED;


--
-- Name: auth_group_permissions auth_group_permissio_permission_id_84c5c92e_fk_auth_perm; Type: FK CONSTRAINT; Schema: public; Owner: decos
--

ALTER TABLE ONLY public.auth_group_permissions
    ADD CONSTRAINT auth_group_permissio_permission_id_84c5c92e_fk_auth_perm FOREIGN KEY (permission_id) REFERENCES public.auth_permission(id) DEFERRABLE INITIALLY DEFERRED;


--
-- Name: auth_group_permissions auth_group_permissions_group_id_b120cbf9_fk_auth_group_id; Type: FK CONSTRAINT; Schema: public; Owner: decos
--

ALTER TABLE ONLY public.auth_group_permissions
    ADD CONSTRAINT auth_group_permissions_group_id_b120cbf9_fk_auth_group_id FOREIGN KEY (group_id) REFERENCES public.auth_group(id) DEFERRABLE INITIALLY DEFERRED;


--
-- Name: auth_permission auth_permission_content_type_id_2f476e4b_fk_django_co; Type: FK CONSTRAINT; Schema: public; Owner: decos
--

ALTER TABLE ONLY public.auth_permission
    ADD CONSTRAINT auth_permission_content_type_id_2f476e4b_fk_django_co FOREIGN KEY (content_type_id) REFERENCES public.django_content_type(id) DEFERRABLE INITIALLY DEFERRED;


--
-- Name: auth_user_groups auth_user_groups_group_id_97559544_fk_auth_group_id; Type: FK CONSTRAINT; Schema: public; Owner: decos
--

ALTER TABLE ONLY public.auth_user_groups
    ADD CONSTRAINT auth_user_groups_group_id_97559544_fk_auth_group_id FOREIGN KEY (group_id) REFERENCES public.auth_group(id) DEFERRABLE INITIALLY DEFERRED;


--
-- Name: auth_user_groups auth_user_groups_user_id_6a12ed8b_fk_auth_user_id; Type: FK CONSTRAINT; Schema: public; Owner: decos
--

ALTER TABLE ONLY public.auth_user_groups
    ADD CONSTRAINT auth_user_groups_user_id_6a12ed8b_fk_auth_user_id FOREIGN KEY (user_id) REFERENCES public.auth_user(id) DEFERRABLE INITIALLY DEFERRED;


--
-- Name: auth_user_user_permissions auth_user_user_permi_permission_id_1fbb5f2c_fk_auth_perm; Type: FK CONSTRAINT; Schema: public; Owner: decos
--

ALTER TABLE ONLY public.auth_user_user_permissions
    ADD CONSTRAINT auth_user_user_permi_permission_id_1fbb5f2c_fk_auth_perm FOREIGN KEY (permission_id) REFERENCES public.auth_permission(id) DEFERRABLE INITIALLY DEFERRED;


--
-- Name: auth_user_user_permissions auth_user_user_permissions_user_id_a95ead1b_fk_auth_user_id; Type: FK CONSTRAINT; Schema: public; Owner: decos
--

ALTER TABLE ONLY public.auth_user_user_permissions
    ADD CONSTRAINT auth_user_user_permissions_user_id_a95ead1b_fk_auth_user_id FOREIGN KEY (user_id) REFERENCES public.auth_user(id) DEFERRABLE INITIALLY DEFERRED;


--
-- Name: django_admin_log django_admin_log_content_type_id_c4bce8eb_fk_django_co; Type: FK CONSTRAINT; Schema: public; Owner: decos
--

ALTER TABLE ONLY public.django_admin_log
    ADD CONSTRAINT django_admin_log_content_type_id_c4bce8eb_fk_django_co FOREIGN KEY (content_type_id) REFERENCES public.django_content_type(id) DEFERRABLE INITIALLY DEFERRED;


--
-- Name: django_admin_log django_admin_log_user_id_c564eba6_fk_auth_user_id; Type: FK CONSTRAINT; Schema: public; Owner: decos
--

ALTER TABLE ONLY public.django_admin_log
    ADD CONSTRAINT django_admin_log_user_id_c564eba6_fk_auth_user_id FOREIGN KEY (user_id) REFERENCES public.auth_user(id) DEFERRABLE INITIALLY DEFERRED;


--
-- Name: home_dmppage home_dmppage_page_ptr_id_71cc66eb_fk_wagtailcore_page_id; Type: FK CONSTRAINT; Schema: public; Owner: decos
--

ALTER TABLE ONLY public.home_dmppage
    ADD CONSTRAINT home_dmppage_page_ptr_id_71cc66eb_fk_wagtailcore_page_id FOREIGN KEY (page_ptr_id) REFERENCES public.wagtailcore_page(id) DEFERRABLE INITIALLY DEFERRED;


--
-- Name: home_dmpsearchpage home_dmpsearchpage_page_ptr_id_1ad9ce83_fk_wagtailcore_page_id; Type: FK CONSTRAINT; Schema: public; Owner: decos
--

ALTER TABLE ONLY public.home_dmpsearchpage
    ADD CONSTRAINT home_dmpsearchpage_page_ptr_id_1ad9ce83_fk_wagtailcore_page_id FOREIGN KEY (page_ptr_id) REFERENCES public.wagtailcore_page(id) DEFERRABLE INITIALLY DEFERRED;


--
-- Name: home_dmpviewpage home_dmpviewpage_page_ptr_id_b3c1cd37_fk_wagtailcore_page_id; Type: FK CONSTRAINT; Schema: public; Owner: decos
--

ALTER TABLE ONLY public.home_dmpviewpage
    ADD CONSTRAINT home_dmpviewpage_page_ptr_id_b3c1cd37_fk_wagtailcore_page_id FOREIGN KEY (page_ptr_id) REFERENCES public.wagtailcore_page(id) DEFERRABLE INITIALLY DEFERRED;


--
-- Name: home_editsamplepage home_editsamplepage_page_ptr_id_db314954_fk_wagtailcore_page_id; Type: FK CONSTRAINT; Schema: public; Owner: decos
--

ALTER TABLE ONLY public.home_editsamplepage
    ADD CONSTRAINT home_editsamplepage_page_ptr_id_db314954_fk_wagtailcore_page_id FOREIGN KEY (page_ptr_id) REFERENCES public.wagtailcore_page(id) DEFERRABLE INITIALLY DEFERRED;


--
-- Name: home_experimentdmppage home_experimentdmppa_page_ptr_id_bc786606_fk_wagtailco; Type: FK CONSTRAINT; Schema: public; Owner: decos
--

ALTER TABLE ONLY public.home_experimentdmppage
    ADD CONSTRAINT home_experimentdmppa_page_ptr_id_bc786606_fk_wagtailco FOREIGN KEY (page_ptr_id) REFERENCES public.wagtailcore_page(id) DEFERRABLE INITIALLY DEFERRED;


--
-- Name: home_footersettings home_footersettings_github_icon_id_0c0eda4c_fk_wagtailim; Type: FK CONSTRAINT; Schema: public; Owner: decos
--

ALTER TABLE ONLY public.home_footersettings
    ADD CONSTRAINT home_footersettings_github_icon_id_0c0eda4c_fk_wagtailim FOREIGN KEY (github_icon_id) REFERENCES public.wagtailimages_image(id) DEFERRABLE INITIALLY DEFERRED;


--
-- Name: home_headersettings home_headersettings_prp_icon_id_730a9cab_fk_wagtailim; Type: FK CONSTRAINT; Schema: public; Owner: decos
--

ALTER TABLE ONLY public.home_headersettings
    ADD CONSTRAINT home_headersettings_prp_icon_id_730a9cab_fk_wagtailim FOREIGN KEY (prp_icon_id) REFERENCES public.wagtailimages_image(id) DEFERRABLE INITIALLY DEFERRED;


--
-- Name: home_homepage home_homepage_page_ptr_id_e5b77cf7_fk_wagtailcore_page_id; Type: FK CONSTRAINT; Schema: public; Owner: decos
--

ALTER TABLE ONLY public.home_homepage
    ADD CONSTRAINT home_homepage_page_ptr_id_e5b77cf7_fk_wagtailcore_page_id FOREIGN KEY (page_ptr_id) REFERENCES public.wagtailcore_page(id) DEFERRABLE INITIALLY DEFERRED;


--
-- Name: home_instrumentspage home_instrumentspage_page_ptr_id_1d3f375b_fk_wagtailco; Type: FK CONSTRAINT; Schema: public; Owner: decos
--

ALTER TABLE ONLY public.home_instrumentspage
    ADD CONSTRAINT home_instrumentspage_page_ptr_id_1d3f375b_fk_wagtailco FOREIGN KEY (page_ptr_id) REFERENCES public.wagtailcore_page(id) DEFERRABLE INITIALLY DEFERRED;


--
-- Name: home_pipelinespage home_pipelinespage_page_ptr_id_f4265999_fk_wagtailcore_page_id; Type: FK CONSTRAINT; Schema: public; Owner: decos
--

ALTER TABLE ONLY public.home_pipelinespage
    ADD CONSTRAINT home_pipelinespage_page_ptr_id_f4265999_fk_wagtailcore_page_id FOREIGN KEY (page_ptr_id) REFERENCES public.wagtailcore_page(id) DEFERRABLE INITIALLY DEFERRED;


--
-- Name: home_proposallistpage home_proposallistpag_page_ptr_id_5d02f52a_fk_wagtailco; Type: FK CONSTRAINT; Schema: public; Owner: decos
--

ALTER TABLE ONLY public.home_proposallistpage
    ADD CONSTRAINT home_proposallistpag_page_ptr_id_5d02f52a_fk_wagtailco FOREIGN KEY (page_ptr_id) REFERENCES public.wagtailcore_page(id) DEFERRABLE INITIALLY DEFERRED;


--
-- Name: home_proposalsubmissionpage home_proposalsubmiss_page_ptr_id_8ec55625_fk_wagtailco; Type: FK CONSTRAINT; Schema: public; Owner: decos
--

ALTER TABLE ONLY public.home_proposalsubmissionpage
    ADD CONSTRAINT home_proposalsubmiss_page_ptr_id_8ec55625_fk_wagtailco FOREIGN KEY (page_ptr_id) REFERENCES public.wagtailcore_page(id) DEFERRABLE INITIALLY DEFERRED;


--
-- Name: home_resultslistpage home_resultslistpage_page_ptr_id_edb25fb4_fk_wagtailco; Type: FK CONSTRAINT; Schema: public; Owner: decos
--

ALTER TABLE ONLY public.home_resultslistpage
    ADD CONSTRAINT home_resultslistpage_page_ptr_id_edb25fb4_fk_wagtailco FOREIGN KEY (page_ptr_id) REFERENCES public.wagtailcore_page(id) DEFERRABLE INITIALLY DEFERRED;


--
-- Name: home_resultspage home_resultspage_page_ptr_id_e5ad2dbc_fk_wagtailcore_page_id; Type: FK CONSTRAINT; Schema: public; Owner: decos
--

ALTER TABLE ONLY public.home_resultspage
    ADD CONSTRAINT home_resultspage_page_ptr_id_e5ad2dbc_fk_wagtailcore_page_id FOREIGN KEY (page_ptr_id) REFERENCES public.wagtailcore_page(id) DEFERRABLE INITIALLY DEFERRED;


--
-- Name: home_samplelistpage home_samplelistpage_page_ptr_id_ea75f30b_fk_wagtailcore_page_id; Type: FK CONSTRAINT; Schema: public; Owner: decos
--

ALTER TABLE ONLY public.home_samplelistpage
    ADD CONSTRAINT home_samplelistpage_page_ptr_id_ea75f30b_fk_wagtailcore_page_id FOREIGN KEY (page_ptr_id) REFERENCES public.wagtailcore_page(id) DEFERRABLE INITIALLY DEFERRED;


--
-- Name: home_samplepage home_samplepage_page_ptr_id_c18302d0_fk_wagtailcore_page_id; Type: FK CONSTRAINT; Schema: public; Owner: decos
--

ALTER TABLE ONLY public.home_samplepage
    ADD CONSTRAINT home_samplepage_page_ptr_id_c18302d0_fk_wagtailcore_page_id FOREIGN KEY (page_ptr_id) REFERENCES public.wagtailcore_page(id) DEFERRABLE INITIALLY DEFERRED;


--
-- Name: home_servicerequestsubmissionpage home_servicerequests_page_ptr_id_7fe50f11_fk_wagtailco; Type: FK CONSTRAINT; Schema: public; Owner: decos
--

ALTER TABLE ONLY public.home_servicerequestsubmissionpage
    ADD CONSTRAINT home_servicerequests_page_ptr_id_7fe50f11_fk_wagtailco FOREIGN KEY (page_ptr_id) REFERENCES public.wagtailcore_page(id) DEFERRABLE INITIALLY DEFERRED;


--
-- Name: home_switchlabpage home_switchlabpage_page_ptr_id_c37abf4a_fk_wagtailcore_page_id; Type: FK CONSTRAINT; Schema: public; Owner: decos
--

ALTER TABLE ONLY public.home_switchlabpage
    ADD CONSTRAINT home_switchlabpage_page_ptr_id_c37abf4a_fk_wagtailcore_page_id FOREIGN KEY (page_ptr_id) REFERENCES public.wagtailcore_page(id) DEFERRABLE INITIALLY DEFERRED;


--
-- Name: home_userdatapage home_userdatapage_page_ptr_id_2bdcedc7_fk_wagtailcore_page_id; Type: FK CONSTRAINT; Schema: public; Owner: decos
--

ALTER TABLE ONLY public.home_userdatapage
    ADD CONSTRAINT home_userdatapage_page_ptr_id_2bdcedc7_fk_wagtailcore_page_id FOREIGN KEY (page_ptr_id) REFERENCES public.wagtailcore_page(id) DEFERRABLE INITIALLY DEFERRED;


--
-- Name: socialaccount_socialtoken socialaccount_social_account_id_951f210e_fk_socialacc; Type: FK CONSTRAINT; Schema: public; Owner: decos
--

ALTER TABLE ONLY public.socialaccount_socialtoken
    ADD CONSTRAINT socialaccount_social_account_id_951f210e_fk_socialacc FOREIGN KEY (account_id) REFERENCES public.socialaccount_socialaccount(id) DEFERRABLE INITIALLY DEFERRED;


--
-- Name: socialaccount_socialtoken socialaccount_social_app_id_636a42d7_fk_socialacc; Type: FK CONSTRAINT; Schema: public; Owner: decos
--

ALTER TABLE ONLY public.socialaccount_socialtoken
    ADD CONSTRAINT socialaccount_social_app_id_636a42d7_fk_socialacc FOREIGN KEY (app_id) REFERENCES public.socialaccount_socialapp(id) DEFERRABLE INITIALLY DEFERRED;


--
-- Name: socialaccount_socialaccount socialaccount_socialaccount_user_id_8146e70c_fk_auth_user_id; Type: FK CONSTRAINT; Schema: public; Owner: decos
--

ALTER TABLE ONLY public.socialaccount_socialaccount
    ADD CONSTRAINT socialaccount_socialaccount_user_id_8146e70c_fk_auth_user_id FOREIGN KEY (user_id) REFERENCES public.auth_user(id) DEFERRABLE INITIALLY DEFERRED;


--
-- Name: taggit_taggeditem taggit_taggeditem_content_type_id_9957a03c_fk_django_co; Type: FK CONSTRAINT; Schema: public; Owner: decos
--

ALTER TABLE ONLY public.taggit_taggeditem
    ADD CONSTRAINT taggit_taggeditem_content_type_id_9957a03c_fk_django_co FOREIGN KEY (content_type_id) REFERENCES public.django_content_type(id) DEFERRABLE INITIALLY DEFERRED;


--
-- Name: taggit_taggeditem taggit_taggeditem_tag_id_f4f5b767_fk_taggit_tag_id; Type: FK CONSTRAINT; Schema: public; Owner: decos
--

ALTER TABLE ONLY public.taggit_taggeditem
    ADD CONSTRAINT taggit_taggeditem_tag_id_f4f5b767_fk_taggit_tag_id FOREIGN KEY (tag_id) REFERENCES public.taggit_tag(id) DEFERRABLE INITIALLY DEFERRED;


--
-- Name: wagtailadmin_editingsession wagtailadmin_editing_content_type_id_4df7730e_fk_django_co; Type: FK CONSTRAINT; Schema: public; Owner: decos
--

ALTER TABLE ONLY public.wagtailadmin_editingsession
    ADD CONSTRAINT wagtailadmin_editing_content_type_id_4df7730e_fk_django_co FOREIGN KEY (content_type_id) REFERENCES public.django_content_type(id) DEFERRABLE INITIALLY DEFERRED;


--
-- Name: wagtailadmin_editingsession wagtailadmin_editingsession_user_id_6e1a9b70_fk_auth_user_id; Type: FK CONSTRAINT; Schema: public; Owner: decos
--

ALTER TABLE ONLY public.wagtailadmin_editingsession
    ADD CONSTRAINT wagtailadmin_editingsession_user_id_6e1a9b70_fk_auth_user_id FOREIGN KEY (user_id) REFERENCES public.auth_user(id) DEFERRABLE INITIALLY DEFERRED;


--
-- Name: wagtailcore_collectionviewrestriction wagtailcore_collecti_collection_id_761908ec_fk_wagtailco; Type: FK CONSTRAINT; Schema: public; Owner: decos
--

ALTER TABLE ONLY public.wagtailcore_collectionviewrestriction
    ADD CONSTRAINT wagtailcore_collecti_collection_id_761908ec_fk_wagtailco FOREIGN KEY (collection_id) REFERENCES public.wagtailcore_collection(id) DEFERRABLE INITIALLY DEFERRED;


--
-- Name: wagtailcore_collectionviewrestriction_groups wagtailcore_collecti_collectionviewrestri_47320efd_fk_wagtailco; Type: FK CONSTRAINT; Schema: public; Owner: decos
--

ALTER TABLE ONLY public.wagtailcore_collectionviewrestriction_groups
    ADD CONSTRAINT wagtailcore_collecti_collectionviewrestri_47320efd_fk_wagtailco FOREIGN KEY (collectionviewrestriction_id) REFERENCES public.wagtailcore_collectionviewrestriction(id) DEFERRABLE INITIALLY DEFERRED;


--
-- Name: wagtailcore_collectionviewrestriction_groups wagtailcore_collecti_group_id_1823f2a3_fk_auth_grou; Type: FK CONSTRAINT; Schema: public; Owner: decos
--

ALTER TABLE ONLY public.wagtailcore_collectionviewrestriction_groups
    ADD CONSTRAINT wagtailcore_collecti_group_id_1823f2a3_fk_auth_grou FOREIGN KEY (group_id) REFERENCES public.auth_group(id) DEFERRABLE INITIALLY DEFERRED;


--
-- Name: wagtailcore_comment wagtailcore_comment_page_id_108444b5_fk_wagtailcore_page_id; Type: FK CONSTRAINT; Schema: public; Owner: decos
--

ALTER TABLE ONLY public.wagtailcore_comment
    ADD CONSTRAINT wagtailcore_comment_page_id_108444b5_fk_wagtailcore_page_id FOREIGN KEY (page_id) REFERENCES public.wagtailcore_page(id) DEFERRABLE INITIALLY DEFERRED;


--
-- Name: wagtailcore_comment wagtailcore_comment_resolved_by_id_a282aa0e_fk_auth_user_id; Type: FK CONSTRAINT; Schema: public; Owner: decos
--

ALTER TABLE ONLY public.wagtailcore_comment
    ADD CONSTRAINT wagtailcore_comment_resolved_by_id_a282aa0e_fk_auth_user_id FOREIGN KEY (resolved_by_id) REFERENCES public.auth_user(id) DEFERRABLE INITIALLY DEFERRED;


--
-- Name: wagtailcore_comment wagtailcore_comment_revision_created_id_1d058279_fk_wagtailco; Type: FK CONSTRAINT; Schema: public; Owner: decos
--

ALTER TABLE ONLY public.wagtailcore_comment
    ADD CONSTRAINT wagtailcore_comment_revision_created_id_1d058279_fk_wagtailco FOREIGN KEY (revision_created_id) REFERENCES public.wagtailcore_revision(id) DEFERRABLE INITIALLY DEFERRED;


--
-- Name: wagtailcore_comment wagtailcore_comment_user_id_0c577ca6_fk_auth_user_id; Type: FK CONSTRAINT; Schema: public; Owner: decos
--

ALTER TABLE ONLY public.wagtailcore_comment
    ADD CONSTRAINT wagtailcore_comment_user_id_0c577ca6_fk_auth_user_id FOREIGN KEY (user_id) REFERENCES public.auth_user(id) DEFERRABLE INITIALLY DEFERRED;


--
-- Name: wagtailcore_commentreply wagtailcore_commentr_comment_id_afc7e027_fk_wagtailco; Type: FK CONSTRAINT; Schema: public; Owner: decos
--

ALTER TABLE ONLY public.wagtailcore_commentreply
    ADD CONSTRAINT wagtailcore_commentr_comment_id_afc7e027_fk_wagtailco FOREIGN KEY (comment_id) REFERENCES public.wagtailcore_comment(id) DEFERRABLE INITIALLY DEFERRED;


--
-- Name: wagtailcore_commentreply wagtailcore_commentreply_user_id_d0b3b9c3_fk_auth_user_id; Type: FK CONSTRAINT; Schema: public; Owner: decos
--

ALTER TABLE ONLY public.wagtailcore_commentreply
    ADD CONSTRAINT wagtailcore_commentreply_user_id_d0b3b9c3_fk_auth_user_id FOREIGN KEY (user_id) REFERENCES public.auth_user(id) DEFERRABLE INITIALLY DEFERRED;


--
-- Name: wagtailcore_groupapprovaltask_groups wagtailcore_groupapp_group_id_2e64b61f_fk_auth_grou; Type: FK CONSTRAINT; Schema: public; Owner: decos
--

ALTER TABLE ONLY public.wagtailcore_groupapprovaltask_groups
    ADD CONSTRAINT wagtailcore_groupapp_group_id_2e64b61f_fk_auth_grou FOREIGN KEY (group_id) REFERENCES public.auth_group(id) DEFERRABLE INITIALLY DEFERRED;


--
-- Name: wagtailcore_groupapprovaltask_groups wagtailcore_groupapp_groupapprovaltask_id_9a9255ea_fk_wagtailco; Type: FK CONSTRAINT; Schema: public; Owner: decos
--

ALTER TABLE ONLY public.wagtailcore_groupapprovaltask_groups
    ADD CONSTRAINT wagtailcore_groupapp_groupapprovaltask_id_9a9255ea_fk_wagtailco FOREIGN KEY (groupapprovaltask_id) REFERENCES public.wagtailcore_groupapprovaltask(task_ptr_id) DEFERRABLE INITIALLY DEFERRED;


--
-- Name: wagtailcore_groupapprovaltask wagtailcore_groupapp_task_ptr_id_cfe58781_fk_wagtailco; Type: FK CONSTRAINT; Schema: public; Owner: decos
--

ALTER TABLE ONLY public.wagtailcore_groupapprovaltask
    ADD CONSTRAINT wagtailcore_groupapp_task_ptr_id_cfe58781_fk_wagtailco FOREIGN KEY (task_ptr_id) REFERENCES public.wagtailcore_task(id) DEFERRABLE INITIALLY DEFERRED;


--
-- Name: wagtailcore_groupcollectionpermission wagtailcore_groupcol_collection_id_5423575a_fk_wagtailco; Type: FK CONSTRAINT; Schema: public; Owner: decos
--

ALTER TABLE ONLY public.wagtailcore_groupcollectionpermission
    ADD CONSTRAINT wagtailcore_groupcol_collection_id_5423575a_fk_wagtailco FOREIGN KEY (collection_id) REFERENCES public.wagtailcore_collection(id) DEFERRABLE INITIALLY DEFERRED;


--
-- Name: wagtailcore_groupcollectionpermission wagtailcore_groupcol_group_id_05d61460_fk_auth_grou; Type: FK CONSTRAINT; Schema: public; Owner: decos
--

ALTER TABLE ONLY public.wagtailcore_groupcollectionpermission
    ADD CONSTRAINT wagtailcore_groupcol_group_id_05d61460_fk_auth_grou FOREIGN KEY (group_id) REFERENCES public.auth_group(id) DEFERRABLE INITIALLY DEFERRED;


--
-- Name: wagtailcore_groupcollectionpermission wagtailcore_groupcol_permission_id_1b626275_fk_auth_perm; Type: FK CONSTRAINT; Schema: public; Owner: decos
--

ALTER TABLE ONLY public.wagtailcore_groupcollectionpermission
    ADD CONSTRAINT wagtailcore_groupcol_permission_id_1b626275_fk_auth_perm FOREIGN KEY (permission_id) REFERENCES public.auth_permission(id) DEFERRABLE INITIALLY DEFERRED;


--
-- Name: wagtailcore_grouppagepermission wagtailcore_grouppag_group_id_fc07e671_fk_auth_grou; Type: FK CONSTRAINT; Schema: public; Owner: decos
--

ALTER TABLE ONLY public.wagtailcore_grouppagepermission
    ADD CONSTRAINT wagtailcore_grouppag_group_id_fc07e671_fk_auth_grou FOREIGN KEY (group_id) REFERENCES public.auth_group(id) DEFERRABLE INITIALLY DEFERRED;


--
-- Name: wagtailcore_grouppagepermission wagtailcore_grouppag_page_id_710b114a_fk_wagtailco; Type: FK CONSTRAINT; Schema: public; Owner: decos
--

ALTER TABLE ONLY public.wagtailcore_grouppagepermission
    ADD CONSTRAINT wagtailcore_grouppag_page_id_710b114a_fk_wagtailco FOREIGN KEY (page_id) REFERENCES public.wagtailcore_page(id) DEFERRABLE INITIALLY DEFERRED;


--
-- Name: wagtailcore_grouppagepermission wagtailcore_grouppag_permission_id_05acb22e_fk_auth_perm; Type: FK CONSTRAINT; Schema: public; Owner: decos
--

ALTER TABLE ONLY public.wagtailcore_grouppagepermission
    ADD CONSTRAINT wagtailcore_grouppag_permission_id_05acb22e_fk_auth_perm FOREIGN KEY (permission_id) REFERENCES public.auth_permission(id) DEFERRABLE INITIALLY DEFERRED;


--
-- Name: wagtailcore_modellogentry wagtailcore_modellog_content_type_id_68849e77_fk_django_co; Type: FK CONSTRAINT; Schema: public; Owner: decos
--

ALTER TABLE ONLY public.wagtailcore_modellogentry
    ADD CONSTRAINT wagtailcore_modellog_content_type_id_68849e77_fk_django_co FOREIGN KEY (content_type_id) REFERENCES public.django_content_type(id) DEFERRABLE INITIALLY DEFERRED;


--
-- Name: wagtailcore_page wagtailcore_page_alias_of_id_12945502_fk_wagtailcore_page_id; Type: FK CONSTRAINT; Schema: public; Owner: decos
--

ALTER TABLE ONLY public.wagtailcore_page
    ADD CONSTRAINT wagtailcore_page_alias_of_id_12945502_fk_wagtailcore_page_id FOREIGN KEY (alias_of_id) REFERENCES public.wagtailcore_page(id) DEFERRABLE INITIALLY DEFERRED;


--
-- Name: wagtailcore_page wagtailcore_page_content_type_id_c28424df_fk_django_co; Type: FK CONSTRAINT; Schema: public; Owner: decos
--

ALTER TABLE ONLY public.wagtailcore_page
    ADD CONSTRAINT wagtailcore_page_content_type_id_c28424df_fk_django_co FOREIGN KEY (content_type_id) REFERENCES public.django_content_type(id) DEFERRABLE INITIALLY DEFERRED;


--
-- Name: wagtailcore_page wagtailcore_page_latest_revision_id_e60fef51_fk_wagtailco; Type: FK CONSTRAINT; Schema: public; Owner: decos
--

ALTER TABLE ONLY public.wagtailcore_page
    ADD CONSTRAINT wagtailcore_page_latest_revision_id_e60fef51_fk_wagtailco FOREIGN KEY (latest_revision_id) REFERENCES public.wagtailcore_revision(id) DEFERRABLE INITIALLY DEFERRED;


--
-- Name: wagtailcore_page wagtailcore_page_live_revision_id_930bd822_fk_wagtailco; Type: FK CONSTRAINT; Schema: public; Owner: decos
--

ALTER TABLE ONLY public.wagtailcore_page
    ADD CONSTRAINT wagtailcore_page_live_revision_id_930bd822_fk_wagtailco FOREIGN KEY (live_revision_id) REFERENCES public.wagtailcore_revision(id) DEFERRABLE INITIALLY DEFERRED;


--
-- Name: wagtailcore_page wagtailcore_page_locale_id_3c7e30a6_fk_wagtailcore_locale_id; Type: FK CONSTRAINT; Schema: public; Owner: decos
--

ALTER TABLE ONLY public.wagtailcore_page
    ADD CONSTRAINT wagtailcore_page_locale_id_3c7e30a6_fk_wagtailcore_locale_id FOREIGN KEY (locale_id) REFERENCES public.wagtailcore_locale(id) DEFERRABLE INITIALLY DEFERRED;


--
-- Name: wagtailcore_page wagtailcore_page_locked_by_id_bcb86245_fk_auth_user_id; Type: FK CONSTRAINT; Schema: public; Owner: decos
--

ALTER TABLE ONLY public.wagtailcore_page
    ADD CONSTRAINT wagtailcore_page_locked_by_id_bcb86245_fk_auth_user_id FOREIGN KEY (locked_by_id) REFERENCES public.auth_user(id) DEFERRABLE INITIALLY DEFERRED;


--
-- Name: wagtailcore_page wagtailcore_page_owner_id_fbf7c332_fk_auth_user_id; Type: FK CONSTRAINT; Schema: public; Owner: decos
--

ALTER TABLE ONLY public.wagtailcore_page
    ADD CONSTRAINT wagtailcore_page_owner_id_fbf7c332_fk_auth_user_id FOREIGN KEY (owner_id) REFERENCES public.auth_user(id) DEFERRABLE INITIALLY DEFERRED;


--
-- Name: wagtailcore_pagelogentry wagtailcore_pageloge_content_type_id_74e7708a_fk_django_co; Type: FK CONSTRAINT; Schema: public; Owner: decos
--

ALTER TABLE ONLY public.wagtailcore_pagelogentry
    ADD CONSTRAINT wagtailcore_pageloge_content_type_id_74e7708a_fk_django_co FOREIGN KEY (content_type_id) REFERENCES public.django_content_type(id) DEFERRABLE INITIALLY DEFERRED;


--
-- Name: wagtailcore_revision wagtailcore_pagerevision_user_id_2409d2f4_fk_auth_user_id; Type: FK CONSTRAINT; Schema: public; Owner: decos
--

ALTER TABLE ONLY public.wagtailcore_revision
    ADD CONSTRAINT wagtailcore_pagerevision_user_id_2409d2f4_fk_auth_user_id FOREIGN KEY (user_id) REFERENCES public.auth_user(id) DEFERRABLE INITIALLY DEFERRED;


--
-- Name: wagtailcore_pagesubscription wagtailcore_pagesubs_page_id_a085e7a6_fk_wagtailco; Type: FK CONSTRAINT; Schema: public; Owner: decos
--

ALTER TABLE ONLY public.wagtailcore_pagesubscription
    ADD CONSTRAINT wagtailcore_pagesubs_page_id_a085e7a6_fk_wagtailco FOREIGN KEY (page_id) REFERENCES public.wagtailcore_page(id) DEFERRABLE INITIALLY DEFERRED;


--
-- Name: wagtailcore_pagesubscription wagtailcore_pagesubscription_user_id_89d7def9_fk_auth_user_id; Type: FK CONSTRAINT; Schema: public; Owner: decos
--

ALTER TABLE ONLY public.wagtailcore_pagesubscription
    ADD CONSTRAINT wagtailcore_pagesubscription_user_id_89d7def9_fk_auth_user_id FOREIGN KEY (user_id) REFERENCES public.auth_user(id) DEFERRABLE INITIALLY DEFERRED;


--
-- Name: wagtailcore_pageviewrestriction_groups wagtailcore_pageview_group_id_6460f223_fk_auth_grou; Type: FK CONSTRAINT; Schema: public; Owner: decos
--

ALTER TABLE ONLY public.wagtailcore_pageviewrestriction_groups
    ADD CONSTRAINT wagtailcore_pageview_group_id_6460f223_fk_auth_grou FOREIGN KEY (group_id) REFERENCES public.auth_group(id) DEFERRABLE INITIALLY DEFERRED;


--
-- Name: wagtailcore_pageviewrestriction wagtailcore_pageview_page_id_15a8bea6_fk_wagtailco; Type: FK CONSTRAINT; Schema: public; Owner: decos
--

ALTER TABLE ONLY public.wagtailcore_pageviewrestriction
    ADD CONSTRAINT wagtailcore_pageview_page_id_15a8bea6_fk_wagtailco FOREIGN KEY (page_id) REFERENCES public.wagtailcore_page(id) DEFERRABLE INITIALLY DEFERRED;


--
-- Name: wagtailcore_pageviewrestriction_groups wagtailcore_pageview_pageviewrestriction__f147a99a_fk_wagtailco; Type: FK CONSTRAINT; Schema: public; Owner: decos
--

ALTER TABLE ONLY public.wagtailcore_pageviewrestriction_groups
    ADD CONSTRAINT wagtailcore_pageview_pageviewrestriction__f147a99a_fk_wagtailco FOREIGN KEY (pageviewrestriction_id) REFERENCES public.wagtailcore_pageviewrestriction(id) DEFERRABLE INITIALLY DEFERRED;


--
-- Name: wagtailcore_referenceindex wagtailcore_referenc_base_content_type_id_313cf40f_fk_django_co; Type: FK CONSTRAINT; Schema: public; Owner: decos
--

ALTER TABLE ONLY public.wagtailcore_referenceindex
    ADD CONSTRAINT wagtailcore_referenc_base_content_type_id_313cf40f_fk_django_co FOREIGN KEY (base_content_type_id) REFERENCES public.django_content_type(id) DEFERRABLE INITIALLY DEFERRED;


--
-- Name: wagtailcore_referenceindex wagtailcore_referenc_content_type_id_766e0336_fk_django_co; Type: FK CONSTRAINT; Schema: public; Owner: decos
--

ALTER TABLE ONLY public.wagtailcore_referenceindex
    ADD CONSTRAINT wagtailcore_referenc_content_type_id_766e0336_fk_django_co FOREIGN KEY (content_type_id) REFERENCES public.django_content_type(id) DEFERRABLE INITIALLY DEFERRED;


--
-- Name: wagtailcore_referenceindex wagtailcore_referenc_to_content_type_id_93690bbd_fk_django_co; Type: FK CONSTRAINT; Schema: public; Owner: decos
--

ALTER TABLE ONLY public.wagtailcore_referenceindex
    ADD CONSTRAINT wagtailcore_referenc_to_content_type_id_93690bbd_fk_django_co FOREIGN KEY (to_content_type_id) REFERENCES public.django_content_type(id) DEFERRABLE INITIALLY DEFERRED;


--
-- Name: wagtailcore_revision wagtailcore_revision_base_content_type_id_5b4ef7bd_fk_django_co; Type: FK CONSTRAINT; Schema: public; Owner: decos
--

ALTER TABLE ONLY public.wagtailcore_revision
    ADD CONSTRAINT wagtailcore_revision_base_content_type_id_5b4ef7bd_fk_django_co FOREIGN KEY (base_content_type_id) REFERENCES public.django_content_type(id) DEFERRABLE INITIALLY DEFERRED;


--
-- Name: wagtailcore_revision wagtailcore_revision_content_type_id_c8cb69c0_fk_django_co; Type: FK CONSTRAINT; Schema: public; Owner: decos
--

ALTER TABLE ONLY public.wagtailcore_revision
    ADD CONSTRAINT wagtailcore_revision_content_type_id_c8cb69c0_fk_django_co FOREIGN KEY (content_type_id) REFERENCES public.django_content_type(id) DEFERRABLE INITIALLY DEFERRED;


--
-- Name: wagtailcore_site wagtailcore_site_root_page_id_e02fb95c_fk_wagtailcore_page_id; Type: FK CONSTRAINT; Schema: public; Owner: decos
--

ALTER TABLE ONLY public.wagtailcore_site
    ADD CONSTRAINT wagtailcore_site_root_page_id_e02fb95c_fk_wagtailcore_page_id FOREIGN KEY (root_page_id) REFERENCES public.wagtailcore_page(id) DEFERRABLE INITIALLY DEFERRED;


--
-- Name: wagtailcore_task wagtailcore_task_content_type_id_249ab8ba_fk_django_co; Type: FK CONSTRAINT; Schema: public; Owner: decos
--

ALTER TABLE ONLY public.wagtailcore_task
    ADD CONSTRAINT wagtailcore_task_content_type_id_249ab8ba_fk_django_co FOREIGN KEY (content_type_id) REFERENCES public.django_content_type(id) DEFERRABLE INITIALLY DEFERRED;


--
-- Name: wagtailcore_taskstate wagtailcore_taskstat_content_type_id_0a758fdc_fk_django_co; Type: FK CONSTRAINT; Schema: public; Owner: decos
--

ALTER TABLE ONLY public.wagtailcore_taskstate
    ADD CONSTRAINT wagtailcore_taskstat_content_type_id_0a758fdc_fk_django_co FOREIGN KEY (content_type_id) REFERENCES public.django_content_type(id) DEFERRABLE INITIALLY DEFERRED;


--
-- Name: wagtailcore_taskstate wagtailcore_taskstat_revision_id_df25a499_fk_wagtailco; Type: FK CONSTRAINT; Schema: public; Owner: decos
--

ALTER TABLE ONLY public.wagtailcore_taskstate
    ADD CONSTRAINT wagtailcore_taskstat_revision_id_df25a499_fk_wagtailco FOREIGN KEY (revision_id) REFERENCES public.wagtailcore_revision(id) DEFERRABLE INITIALLY DEFERRED;


--
-- Name: wagtailcore_taskstate wagtailcore_taskstat_workflow_state_id_9239a775_fk_wagtailco; Type: FK CONSTRAINT; Schema: public; Owner: decos
--

ALTER TABLE ONLY public.wagtailcore_taskstate
    ADD CONSTRAINT wagtailcore_taskstat_workflow_state_id_9239a775_fk_wagtailco FOREIGN KEY (workflow_state_id) REFERENCES public.wagtailcore_workflowstate(id) DEFERRABLE INITIALLY DEFERRED;


--
-- Name: wagtailcore_taskstate wagtailcore_taskstate_finished_by_id_13f98229_fk_auth_user_id; Type: FK CONSTRAINT; Schema: public; Owner: decos
--

ALTER TABLE ONLY public.wagtailcore_taskstate
    ADD CONSTRAINT wagtailcore_taskstate_finished_by_id_13f98229_fk_auth_user_id FOREIGN KEY (finished_by_id) REFERENCES public.auth_user(id) DEFERRABLE INITIALLY DEFERRED;


--
-- Name: wagtailcore_taskstate wagtailcore_taskstate_task_id_c3677c34_fk_wagtailcore_task_id; Type: FK CONSTRAINT; Schema: public; Owner: decos
--

ALTER TABLE ONLY public.wagtailcore_taskstate
    ADD CONSTRAINT wagtailcore_taskstate_task_id_c3677c34_fk_wagtailcore_task_id FOREIGN KEY (task_id) REFERENCES public.wagtailcore_task(id) DEFERRABLE INITIALLY DEFERRED;


--
-- Name: wagtailcore_uploadedfile wagtailcore_uploaded_for_content_type_id_b0fc87b2_fk_django_co; Type: FK CONSTRAINT; Schema: public; Owner: decos
--

ALTER TABLE ONLY public.wagtailcore_uploadedfile
    ADD CONSTRAINT wagtailcore_uploaded_for_content_type_id_b0fc87b2_fk_django_co FOREIGN KEY (for_content_type_id) REFERENCES public.django_content_type(id) DEFERRABLE INITIALLY DEFERRED;


--
-- Name: wagtailcore_uploadedfile wagtailcore_uploaded_uploaded_by_user_id_c7580fe8_fk_auth_user; Type: FK CONSTRAINT; Schema: public; Owner: decos
--

ALTER TABLE ONLY public.wagtailcore_uploadedfile
    ADD CONSTRAINT wagtailcore_uploaded_uploaded_by_user_id_c7580fe8_fk_auth_user FOREIGN KEY (uploaded_by_user_id) REFERENCES public.auth_user(id) DEFERRABLE INITIALLY DEFERRED;


--
-- Name: wagtailcore_workflowstate wagtailcore_workflow_base_content_type_id_a30dc576_fk_django_co; Type: FK CONSTRAINT; Schema: public; Owner: decos
--

ALTER TABLE ONLY public.wagtailcore_workflowstate
    ADD CONSTRAINT wagtailcore_workflow_base_content_type_id_a30dc576_fk_django_co FOREIGN KEY (base_content_type_id) REFERENCES public.django_content_type(id) DEFERRABLE INITIALLY DEFERRED;


--
-- Name: wagtailcore_workflowstate wagtailcore_workflow_content_type_id_2bb78ce1_fk_django_co; Type: FK CONSTRAINT; Schema: public; Owner: decos
--

ALTER TABLE ONLY public.wagtailcore_workflowstate
    ADD CONSTRAINT wagtailcore_workflow_content_type_id_2bb78ce1_fk_django_co FOREIGN KEY (content_type_id) REFERENCES public.django_content_type(id) DEFERRABLE INITIALLY DEFERRED;


--
-- Name: wagtailcore_workflowcontenttype wagtailcore_workflow_content_type_id_b261bb37_fk_django_co; Type: FK CONSTRAINT; Schema: public; Owner: decos
--

ALTER TABLE ONLY public.wagtailcore_workflowcontenttype
    ADD CONSTRAINT wagtailcore_workflow_content_type_id_b261bb37_fk_django_co FOREIGN KEY (content_type_id) REFERENCES public.django_content_type(id) DEFERRABLE INITIALLY DEFERRED;


--
-- Name: wagtailcore_workflowstate wagtailcore_workflow_current_task_state_i_3a1a0632_fk_wagtailco; Type: FK CONSTRAINT; Schema: public; Owner: decos
--

ALTER TABLE ONLY public.wagtailcore_workflowstate
    ADD CONSTRAINT wagtailcore_workflow_current_task_state_i_3a1a0632_fk_wagtailco FOREIGN KEY (current_task_state_id) REFERENCES public.wagtailcore_taskstate(id) DEFERRABLE INITIALLY DEFERRED;


--
-- Name: wagtailcore_workflowpage wagtailcore_workflow_page_id_81e7bab6_fk_wagtailco; Type: FK CONSTRAINT; Schema: public; Owner: decos
--

ALTER TABLE ONLY public.wagtailcore_workflowpage
    ADD CONSTRAINT wagtailcore_workflow_page_id_81e7bab6_fk_wagtailco FOREIGN KEY (page_id) REFERENCES public.wagtailcore_page(id) DEFERRABLE INITIALLY DEFERRED;


--
-- Name: wagtailcore_workflowstate wagtailcore_workflow_requested_by_id_4090bca3_fk_auth_user; Type: FK CONSTRAINT; Schema: public; Owner: decos
--

ALTER TABLE ONLY public.wagtailcore_workflowstate
    ADD CONSTRAINT wagtailcore_workflow_requested_by_id_4090bca3_fk_auth_user FOREIGN KEY (requested_by_id) REFERENCES public.auth_user(id) DEFERRABLE INITIALLY DEFERRED;


--
-- Name: wagtailcore_workflowtask wagtailcore_workflow_task_id_ce7716fe_fk_wagtailco; Type: FK CONSTRAINT; Schema: public; Owner: decos
--

ALTER TABLE ONLY public.wagtailcore_workflowtask
    ADD CONSTRAINT wagtailcore_workflow_task_id_ce7716fe_fk_wagtailco FOREIGN KEY (task_id) REFERENCES public.wagtailcore_task(id) DEFERRABLE INITIALLY DEFERRED;


--
-- Name: wagtailcore_workflowstate wagtailcore_workflow_workflow_id_1f18378f_fk_wagtailco; Type: FK CONSTRAINT; Schema: public; Owner: decos
--

ALTER TABLE ONLY public.wagtailcore_workflowstate
    ADD CONSTRAINT wagtailcore_workflow_workflow_id_1f18378f_fk_wagtailco FOREIGN KEY (workflow_id) REFERENCES public.wagtailcore_workflow(id) DEFERRABLE INITIALLY DEFERRED;


--
-- Name: wagtailcore_workflowpage wagtailcore_workflow_workflow_id_56f56ff6_fk_wagtailco; Type: FK CONSTRAINT; Schema: public; Owner: decos
--

ALTER TABLE ONLY public.wagtailcore_workflowpage
    ADD CONSTRAINT wagtailcore_workflow_workflow_id_56f56ff6_fk_wagtailco FOREIGN KEY (workflow_id) REFERENCES public.wagtailcore_workflow(id) DEFERRABLE INITIALLY DEFERRED;


--
-- Name: wagtailcore_workflowcontenttype wagtailcore_workflow_workflow_id_9aad7cd2_fk_wagtailco; Type: FK CONSTRAINT; Schema: public; Owner: decos
--

ALTER TABLE ONLY public.wagtailcore_workflowcontenttype
    ADD CONSTRAINT wagtailcore_workflow_workflow_id_9aad7cd2_fk_wagtailco FOREIGN KEY (workflow_id) REFERENCES public.wagtailcore_workflow(id) DEFERRABLE INITIALLY DEFERRED;


--
-- Name: wagtailcore_workflowtask wagtailcore_workflow_workflow_id_b9717175_fk_wagtailco; Type: FK CONSTRAINT; Schema: public; Owner: decos
--

ALTER TABLE ONLY public.wagtailcore_workflowtask
    ADD CONSTRAINT wagtailcore_workflow_workflow_id_b9717175_fk_wagtailco FOREIGN KEY (workflow_id) REFERENCES public.wagtailcore_workflow(id) DEFERRABLE INITIALLY DEFERRED;


--
-- Name: wagtaildocs_document wagtaildocs_document_collection_id_23881625_fk_wagtailco; Type: FK CONSTRAINT; Schema: public; Owner: decos
--

ALTER TABLE ONLY public.wagtaildocs_document
    ADD CONSTRAINT wagtaildocs_document_collection_id_23881625_fk_wagtailco FOREIGN KEY (collection_id) REFERENCES public.wagtailcore_collection(id) DEFERRABLE INITIALLY DEFERRED;


--
-- Name: wagtaildocs_document wagtaildocs_document_uploaded_by_user_id_17258b41_fk_auth_user; Type: FK CONSTRAINT; Schema: public; Owner: decos
--

ALTER TABLE ONLY public.wagtaildocs_document
    ADD CONSTRAINT wagtaildocs_document_uploaded_by_user_id_17258b41_fk_auth_user FOREIGN KEY (uploaded_by_user_id) REFERENCES public.auth_user(id) DEFERRABLE INITIALLY DEFERRED;


--
-- Name: wagtailforms_formsubmission wagtailforms_formsub_page_id_e48e93e7_fk_wagtailco; Type: FK CONSTRAINT; Schema: public; Owner: decos
--

ALTER TABLE ONLY public.wagtailforms_formsubmission
    ADD CONSTRAINT wagtailforms_formsub_page_id_e48e93e7_fk_wagtailco FOREIGN KEY (page_id) REFERENCES public.wagtailcore_page(id) DEFERRABLE INITIALLY DEFERRED;


--
-- Name: wagtailimages_image wagtailimages_image_collection_id_c2f8af7e_fk_wagtailco; Type: FK CONSTRAINT; Schema: public; Owner: decos
--

ALTER TABLE ONLY public.wagtailimages_image
    ADD CONSTRAINT wagtailimages_image_collection_id_c2f8af7e_fk_wagtailco FOREIGN KEY (collection_id) REFERENCES public.wagtailcore_collection(id) DEFERRABLE INITIALLY DEFERRED;


--
-- Name: wagtailimages_image wagtailimages_image_uploaded_by_user_id_5d73dc75_fk_auth_user; Type: FK CONSTRAINT; Schema: public; Owner: decos
--

ALTER TABLE ONLY public.wagtailimages_image
    ADD CONSTRAINT wagtailimages_image_uploaded_by_user_id_5d73dc75_fk_auth_user FOREIGN KEY (uploaded_by_user_id) REFERENCES public.auth_user(id) DEFERRABLE INITIALLY DEFERRED;


--
-- Name: wagtailimages_rendition wagtailimages_rendit_image_id_3e1fd774_fk_wagtailim; Type: FK CONSTRAINT; Schema: public; Owner: decos
--

ALTER TABLE ONLY public.wagtailimages_rendition
    ADD CONSTRAINT wagtailimages_rendit_image_id_3e1fd774_fk_wagtailim FOREIGN KEY (image_id) REFERENCES public.wagtailimages_image(id) DEFERRABLE INITIALLY DEFERRED;


--
-- Name: wagtailredirects_redirect wagtailredirects_red_redirect_page_id_b5728a8f_fk_wagtailco; Type: FK CONSTRAINT; Schema: public; Owner: decos
--

ALTER TABLE ONLY public.wagtailredirects_redirect
    ADD CONSTRAINT wagtailredirects_red_redirect_page_id_b5728a8f_fk_wagtailco FOREIGN KEY (redirect_page_id) REFERENCES public.wagtailcore_page(id) DEFERRABLE INITIALLY DEFERRED;


--
-- Name: wagtailredirects_redirect wagtailredirects_red_site_id_780a0e1e_fk_wagtailco; Type: FK CONSTRAINT; Schema: public; Owner: decos
--

ALTER TABLE ONLY public.wagtailredirects_redirect
    ADD CONSTRAINT wagtailredirects_red_site_id_780a0e1e_fk_wagtailco FOREIGN KEY (site_id) REFERENCES public.wagtailcore_site(id) DEFERRABLE INITIALLY DEFERRED;


--
-- Name: wagtailsearch_indexentry wagtailsearch_indexe_content_type_id_62ed694f_fk_django_co; Type: FK CONSTRAINT; Schema: public; Owner: decos
--

ALTER TABLE ONLY public.wagtailsearch_indexentry
    ADD CONSTRAINT wagtailsearch_indexe_content_type_id_62ed694f_fk_django_co FOREIGN KEY (content_type_id) REFERENCES public.django_content_type(id) DEFERRABLE INITIALLY DEFERRED;


--
-- Name: wagtailusers_userprofile wagtailusers_userprofile_user_id_59c92331_fk_auth_user_id; Type: FK CONSTRAINT; Schema: public; Owner: decos
--

ALTER TABLE ONLY public.wagtailusers_userprofile
    ADD CONSTRAINT wagtailusers_userprofile_user_id_59c92331_fk_auth_user_id FOREIGN KEY (user_id) REFERENCES public.auth_user(id) DEFERRABLE INITIALLY DEFERRED;


--
-- PostgreSQL database dump complete
--

