[
{
  "model": "home.headersettings",
  "pk": 1,
  "fields": {
    "header_text": "",
    "prp_icon": 1
  }
},
{
  "model": "home.footersettings",
  "pk": 1,
  "fields": {
    "footer_text": "",
    "github_url": "",
    "github_icon": null
  }
},
{
  "model": "home.apisettings",
  "pk": 1,
  "fields": {
    "elab_base_url": "https://prp-electronic-lab.areasciencepark.it/",
    "jenkins_base_url": "http://localhost:9000/"
  }
},
{
  "model": "wagtailimages.rendition",
  "pk": 1,
  "fields": {
    "filter_spec": "max-165x165",
    "file": "images/logo_prp_pathogen_ri_tzETPJY.max-165x165.png",
    "width": 165,
    "height": 57,
    "focal_point_key": "",
    "image": 1
  }
},
{
  "model": "wagtailimages.rendition",
  "pk": 2,
  "fields": {
    "filter_spec": "max-250x100",
    "file": "images/logo_prp_pathogen_ri_tzETPJY.max-250x100.png",
    "width": 201,
    "height": 70,
    "focal_point_key": "",
    "image": 1
  }
},
{
  "model": "wagtailsearch.indexentry",
  "pk": 1,
  "fields": {
    "content_type": [
      "wagtailcore",
      "page"
    ],
    "object_id": "1",
    "title_norm": 2.142857142857143,
    "autocomplete": "'root':1",
    "title": "'root':1B",
    "body": ""
  }
},
{
  "model": "wagtailsearch.indexentry",
  "pk": 2,
  "fields": {
    "content_type": [
      "home",
      "homepage"
    ],
    "object_id": "3",
    "title_norm": 1.0,
    "autocomplete": "",
    "title": "",
    "body": ""
  }
},
{
  "model": "wagtailsearch.indexentry",
  "pk": 9,
  "fields": {
    "content_type": [
      "home",
      "switchlabpage"
    ],
    "object_id": "4",
    "title_norm": 1.0,
    "autocomplete": "",
    "title": "",
    "body": ""
  }
},
{
  "model": "wagtailsearch.indexentry",
  "pk": 14,
  "fields": {
    "content_type": [
      "home",
      "userdatapage"
    ],
    "object_id": "5",
    "title_norm": 1.0,
    "autocomplete": "",
    "title": "",
    "body": ""
  }
},
{
  "model": "wagtailsearch.indexentry",
  "pk": 23,
  "fields": {
    "content_type": [
      "home",
      "dmppage"
    ],
    "object_id": "6",
    "title_norm": 1.0,
    "autocomplete": "",
    "title": "",
    "body": ""
  }
},
{
  "model": "wagtailsearch.indexentry",
  "pk": 26,
  "fields": {
    "content_type": [
      "home",
      "samplepage"
    ],
    "object_id": "7",
    "title_norm": 1.0,
    "autocomplete": "",
    "title": "",
    "body": ""
  }
},
{
  "model": "wagtailsearch.indexentry",
  "pk": 33,
  "fields": {
    "content_type": [
      "home",
      "samplelistpage"
    ],
    "object_id": "8",
    "title_norm": 1.0,
    "autocomplete": "",
    "title": "",
    "body": ""
  }
},
{
  "model": "wagtailsearch.indexentry",
  "pk": 34,
  "fields": {
    "content_type": [
      "home",
      "instrumentspage"
    ],
    "object_id": "9",
    "title_norm": 0.75,
    "autocomplete": "'add':1 'instrument':2",
    "title": "'add':1B 'instrument':2B",
    "body": ""
  }
},
{
  "model": "wagtailsearch.indexentry",
  "pk": 39,
  "fields": {
    "content_type": [
      "home",
      "editsamplepage"
    ],
    "object_id": "10",
    "title_norm": 0.6666666666666666,
    "autocomplete": "'edit':1 'entry':3 'sample':2",
    "title": "'edit':1B 'entri':3B 'sampl':2B",
    "body": ""
  }
},
{
  "model": "wagtailsearch.indexentry",
  "pk": 44,
  "fields": {
    "content_type": [
      "home",
      "pipelinespage"
    ],
    "object_id": "11",
    "title_norm": 1.75,
    "autocomplete": "'pipelines':1",
    "title": "'pipelin':1B",
    "body": ""
  }
},
{
  "model": "wagtailsearch.indexentry",
  "pk": 49,
  "fields": {
    "content_type": [
      "home",
      "resultspage"
    ],
    "object_id": "12",
    "title_norm": 0.9,
    "autocomplete": "'add':1 'result':2",
    "title": "'add':1B 'result':2B",
    "body": ""
  }
},
{
  "model": "wagtailsearch.indexentry",
  "pk": 54,
  "fields": {
    "content_type": [
      "wagtailimages",
      "image"
    ],
    "object_id": "1",
    "title_norm": 0.5416666666666666,
    "autocomplete": "'logo':1 'pathogen':3 'prp':2 'ri':4",
    "title": "'logo':1A 'pathogen':3A 'prp':2A 'ri':4A",
    "body": ""
  }
},
{
  "model": "wagtailsearch.indexentry",
  "pk": 56,
  "fields": {
    "content_type": [
      "home",
      "resultslistpage"
    ],
    "object_id": "13",
    "title_norm": 1.0714285714285714,
    "autocomplete": "'list':2 'result':1",
    "title": "'list':2B 'result':1B",
    "body": ""
  }
},
{
  "model": "wagtailsearch.indexentry",
  "pk": 61,
  "fields": {
    "content_type": [
      "home",
      "experimentdmppage"
    ],
    "object_id": "14",
    "title_norm": 1.0625,
    "autocomplete": "'dmp':2 'experiment':1",
    "title": "'dmp':2B 'experi':1B",
    "body": ""
  }
},
{
  "model": "wagtailcore.locale",
  "pk": 1,
  "fields": {
    "language_code": "en"
  }
},
{
  "model": "wagtailcore.site",
  "fields": {
    "hostname": "easydmp.localhost",
    "port": 8080,
    "site_name": "easydmp",
    "root_page": 3,
    "is_default_site": true
  }
},
{
  "model": "wagtailcore.collection",
  "pk": 1,
  "fields": {
    "path": "0001",
    "depth": 1,
    "numchild": 0,
    "name": "Root"
  }
},
{
  "model": "wagtailcore.referenceindex",
  "pk": 1,
  "fields": {
    "content_type": [
      "wagtailimages",
      "image"
    ],
    "base_content_type": [
      "wagtailimages",
      "image"
    ],
    "object_id": "1",
    "to_content_type": [
      "wagtailcore",
      "collection"
    ],
    "to_object_id": "1",
    "model_path": "collection",
    "content_path": "collection",
    "content_path_hash": "b40b1263-e929-57f2-a7f8-9dbce56b887b"
  }
},
{
  "model": "wagtailcore.workflowpage",
  "pk": 1,
  "fields": {
    "workflow": 1
  }
},
{
  "model": "wagtailcore.workflowtask",
  "pk": 1,
  "fields": {
    "sort_order": 0,
    "workflow": 1,
    "task": 1
  }
},
{
  "model": "wagtailcore.task",
  "pk": 1,
  "fields": {
    "name": "Moderators approval",
    "content_type": [
      "wagtailcore",
      "groupapprovaltask"
    ],
    "active": true
  }
},
{
  "model": "wagtailcore.workflow",
  "pk": 1,
  "fields": {
    "name": "Moderators approval",
    "active": true
  }
},
{
  "model": "auth.group",
  "fields": {
    "name": "Moderators",
    "laboratory": false,
    "permissions": [
      [
        "access_admin",
        "wagtailadmin",
        "admin"
      ],
      [
        "add_document",
        "wagtaildocs",
        "document"
      ],
      [
        "change_document",
        "wagtaildocs",
        "document"
      ],
      [
        "choose_document",
        "wagtaildocs",
        "document"
      ],
      [
        "delete_document",
        "wagtaildocs",
        "document"
      ],
      [
        "add_image",
        "wagtailimages",
        "image"
      ],
      [
        "change_image",
        "wagtailimages",
        "image"
      ],
      [
        "delete_image",
        "wagtailimages",
        "image"
      ]
    ]
  }
},
{
  "model": "auth.group",
  "fields": {
    "name": "Editors",
    "laboratory": false,
    "permissions": [
      [
        "access_admin",
        "wagtailadmin",
        "admin"
      ],
      [
        "add_document",
        "wagtaildocs",
        "document"
      ],
      [
        "change_document",
        "wagtaildocs",
        "document"
      ],
      [
        "choose_document",
        "wagtaildocs",
        "document"
      ],
      [
        "delete_document",
        "wagtaildocs",
        "document"
      ],
      [
        "add_image",
        "wagtailimages",
        "image"
      ],
      [
        "change_image",
        "wagtailimages",
        "image"
      ],
      [
        "delete_image",
        "wagtailimages",
        "image"
      ]
    ]
  }
},
{
  "model": "auth.group",
  "fields": {
    "name": "LAGE",
    "laboratory": true,
    "permissions": []
  }
},
{
  "model": "auth.group",
  "fields": {
    "name": "LAME",
    "laboratory": true,
    "permissions": []
  }
},
{
  "model": "auth.group",
  "fields": {
    "name": "LADE",
    "laboratory": true,
    "permissions": []
  }
},
{
  "model": "auth.group",
  "fields": {
    "name": "LATE",
    "laboratory": true,
    "permissions": []
  }
},
{
  "model": "auth.user",
  "fields": {
    "password": "pbkdf2_sha256$870000$owYE1NygG4O7Rfn0QKi9lY$zmcdWzE/8/WyqnHxKDnEZKccGVy2kSaQZ6na+XrLrJ8=",
    "last_login": "2025-02-05T08:52:33.989Z",
    "is_superuser": true,
    "username": "admin",
    "first_name": "Marco",
    "last_name": "Prenassi",
    "email": "m.prenassi@gmail.com",
    "is_staff": true,
    "is_active": true,
    "date_joined": "2025-01-17T11:36:57.226Z",
    "groups": [
      [
        "LAGE"
      ],
      [
        "LAME"
      ],
      [
        "LADE"
      ],
      [
        "LATE"
      ]
    ],
    "user_permissions": []
  }
},
{
  "model": "sessions.session",
  "pk": "attra3yfm68iczqknb3hlyrnttr8xg3n",
  "fields": {
    "session_data": ".eJxVjEEOwiAQRe_C2hBKYYpduvcMZJgBixowpU00xrtrExe6_e_99xQe12Xya4uzzyxGocXudwtIl1g2wGcspyqplmXOQW6K_NImj5Xj9fB1_wITtunzpgTWgHY9W6WZewcaQGsLiVwyDMM-UCRjHFo3oAIaHHRGIaPuONmwRVtsLdfi4_2W54cY1esNaW0-vA:1tYkeu:t4yuTaOSS2l2rAQQgCuzVkjgZ14oK8wAJ45g49o15xM",
    "expire_date": "2025-01-31T11:37:04.517Z"
  }
},
{
  "model": "sessions.session",
  "pk": "h5kr0j0p8ik8kqfh0oltfy956rlsk1cu",
  "fields": {
    "session_data": ".eJxVj0FugzAQRe8yawTG2MawS6Wqm_YEVYUGewi0YCNs1EZR7l7cZpPdaP7_T3pXQGP87mKHexzJxclgnLzrFoqjtwHa9yv839DCiiF8-81CBhihLetK10JKWeWNFrKpMtgDbQ4XOspol8nB7SODP3aXom5KmBIefj2aL3IpsJ_ozj433sVt6vNUye9pyN-8pfnp3n0AjBjGY20GJYXiurKScWsrrbhSnEs1GD0Iq-qmN2SE0Ch1jUyZWqtSMLTISzvIPkEDhZD06WedtsuhyFmjGMtgo7hvrlvxnNzGGNe2KAjDxS5rPnuD8-hDbDXTrDhAM_YHayYTKYm9nl6e4fYLexd3uQ:1tfb9C:8s8MAzC9Ecjdo7brP4bZ54SlfWRkuvkx1iQ1KFfafrM",
    "expire_date": "2025-02-19T08:52:38.010Z"
  }
},
{
  "model": "sessions.session",
  "pk": "i797q1qldazn8lusph02n6u0qf5aogi7",
  "fields": {
    "session_data": ".eJxVjEEOwiAQRe_C2hCKMMUu3XsGMsyARQ2Y0iYa4921SRe6_e_99xIel3n0S4uTzywG0Ynd7xaQrrGsgC9YzlVSLfOUg1wVudEmT5Xj7bi5f4ER2_h9UwJrQLs9W6WZ9w40gNYWErlkGPpDoEjGOLSuRwXUO-iMQkbdcbJhjbbYWq7Fx8c9T08xqPcHaMA-uw:1td2ov:g11-aKUMcbzfshLZjTGmnpeQBHev_Ytc0rwOvx84e9c",
    "expire_date": "2025-02-12T07:49:09.099Z"
  }
},
{
  "model": "wagtailcore.pagesubscription",
  "pk": 1,
  "fields": {
    "user": [
      "admin"
    ],
    "page": 3,
    "comment_notifications": true
  }
},
{
  "model": "wagtailcore.pagesubscription",
  "pk": 2,
  "fields": {
    "user": [
      "admin"
    ],
    "page": 4,
    "comment_notifications": true
  }
},
{
  "model": "wagtailcore.pagesubscription",
  "pk": 3,
  "fields": {
    "user": [
      "admin"
    ],
    "page": 5,
    "comment_notifications": true
  }
},
{
  "model": "wagtailcore.pagesubscription",
  "pk": 4,
  "fields": {
    "user": [
      "admin"
    ],
    "page": 6,
    "comment_notifications": true
  }
},
{
  "model": "wagtailcore.pagesubscription",
  "pk": 5,
  "fields": {
    "user": [
      "admin"
    ],
    "page": 7,
    "comment_notifications": true
  }
},
{
  "model": "wagtailcore.pagesubscription",
  "pk": 6,
  "fields": {
    "user": [
      "admin"
    ],
    "page": 8,
    "comment_notifications": true
  }
},
{
  "model": "wagtailcore.pagesubscription",
  "pk": 7,
  "fields": {
    "user": [
      "admin"
    ],
    "page": 9,
    "comment_notifications": true
  }
},
{
  "model": "wagtailcore.pagesubscription",
  "pk": 8,
  "fields": {
    "user": [
      "admin"
    ],
    "page": 10,
    "comment_notifications": true
  }
},
{
  "model": "wagtailcore.pagesubscription",
  "pk": 9,
  "fields": {
    "user": [
      "admin"
    ],
    "page": 11,
    "comment_notifications": true
  }
},
{
  "model": "wagtailcore.pagesubscription",
  "pk": 10,
  "fields": {
    "user": [
      "admin"
    ],
    "page": 12,
    "comment_notifications": true
  }
},
{
  "model": "wagtailcore.pagesubscription",
  "pk": 11,
  "fields": {
    "user": [
      "admin"
    ],
    "page": 13,
    "comment_notifications": true
  }
},
{
  "model": "wagtailcore.pagesubscription",
  "pk": 12,
  "fields": {
    "user": [
      "admin"
    ],
    "page": 14,
    "comment_notifications": true
  }
},
{
  "model": "wagtailcore.pagelogentry",
  "pk": 1,
  "fields": {
    "content_type": [
      "home",
      "homepage"
    ],
    "label": "easydmp home",
    "action": "wagtail.create",
    "data": {},
    "timestamp": "2025-01-17T11:38:27.277Z",
    "uuid": "6eede804-777f-4339-926a-f932bac9a57a",
    "user": [
      "admin"
    ],
    "revision": null,
    "content_changed": true,
    "deleted": false,
    "page": 3
  }
},
{
  "model": "wagtailcore.pagelogentry",
  "pk": 2,
  "fields": {
    "content_type": [
      "home",
      "homepage"
    ],
    "label": "easydmp home",
    "action": "wagtail.edit",
    "data": {},
    "timestamp": "2025-01-17T11:38:27.291Z",
    "uuid": "6eede804-777f-4339-926a-f932bac9a57a",
    "user": [
      "admin"
    ],
    "revision": 1,
    "content_changed": true,
    "deleted": false,
    "page": 3
  }
},
{
  "model": "wagtailcore.pagelogentry",
  "pk": 3,
  "fields": {
    "content_type": [
      "home",
      "homepage"
    ],
    "label": "easydmp home",
    "action": "wagtail.publish",
    "data": {},
    "timestamp": "2025-01-17T11:38:27.314Z",
    "uuid": "6eede804-777f-4339-926a-f932bac9a57a",
    "user": [
      "admin"
    ],
    "revision": 1,
    "content_changed": true,
    "deleted": false,
    "page": 3
  }
},
{
  "model": "wagtailcore.pagelogentry",
  "pk": 4,
  "fields": {
    "content_type": [
      "home",
      "homepage"
    ],
    "label": "easydmp home",
    "action": "wagtail.view_restriction.create",
    "data": {
      "restriction": {
        "type": "login",
        "title": "Private, accessible to any logged-in users"
      }
    },
    "timestamp": "2025-01-17T11:38:32.723Z",
    "uuid": "1e7f8e6a-8001-44be-b110-50e0785d55b8",
    "user": [
      "admin"
    ],
    "revision": null,
    "content_changed": false,
    "deleted": false,
    "page": 3
  }
},
{
  "model": "wagtailcore.pagelogentry",
  "pk": 5,
  "fields": {
    "content_type": [
      "home",
      "homepage"
    ],
    "label": "easydmp home",
    "action": "wagtail.edit",
    "data": {},
    "timestamp": "2025-01-17T11:38:34.806Z",
    "uuid": "94bb0e86-317f-448f-9280-e94bf50d9a71",
    "user": [
      "admin"
    ],
    "revision": 2,
    "content_changed": true,
    "deleted": false,
    "page": 3
  }
},
{
  "model": "wagtailcore.pagelogentry",
  "pk": 6,
  "fields": {
    "content_type": [
      "home",
      "homepage"
    ],
    "label": "easydmp home",
    "action": "wagtail.publish",
    "data": {},
    "timestamp": "2025-01-17T11:38:34.822Z",
    "uuid": "94bb0e86-317f-448f-9280-e94bf50d9a71",
    "user": [
      "admin"
    ],
    "revision": 2,
    "content_changed": false,
    "deleted": false,
    "page": 3
  }
},
{
  "model": "wagtailcore.pagelogentry",
  "pk": 7,
  "fields": {
    "content_type": [
      "home",
      "homepage"
    ],
    "label": "easydmp home",
    "action": "wagtail.view_restriction.delete",
    "data": {
      "restriction": {
        "type": "none",
        "title": "Private, accessible to any logged-in users"
      }
    },
    "timestamp": "2025-01-17T11:38:43.971Z",
    "uuid": "705ba517-9e2d-46d2-a090-6c52e702dd75",
    "user": [
      "admin"
    ],
    "revision": null,
    "content_changed": false,
    "deleted": false,
    "page": 3
  }
},
{
  "model": "wagtailcore.pagelogentry",
  "pk": 8,
  "fields": {
    "content_type": [
      "home",
      "homepage"
    ],
    "label": "easydmp home",
    "action": "wagtail.edit",
    "data": {},
    "timestamp": "2025-01-17T11:38:45.959Z",
    "uuid": "3d1f794e-ab57-4625-8512-d4578b312e00",
    "user": [
      "admin"
    ],
    "revision": 3,
    "content_changed": true,
    "deleted": false,
    "page": 3
  }
},
{
  "model": "wagtailcore.pagelogentry",
  "pk": 9,
  "fields": {
    "content_type": [
      "home",
      "homepage"
    ],
    "label": "easydmp home",
    "action": "wagtail.publish",
    "data": {},
    "timestamp": "2025-01-17T11:38:45.976Z",
    "uuid": "3d1f794e-ab57-4625-8512-d4578b312e00",
    "user": [
      "admin"
    ],
    "revision": 3,
    "content_changed": false,
    "deleted": false,
    "page": 3
  }
},
{
  "model": "wagtailcore.pagelogentry",
  "pk": 10,
  "fields": {
    "content_type": [
      "home",
      "switchlabpage"
    ],
    "label": "Select Laboratory",
    "action": "wagtail.create",
    "data": {},
    "timestamp": "2025-01-17T11:39:48.773Z",
    "uuid": "24b1318d-1e80-45d8-9bfc-6965ab9c8813",
    "user": [
      "admin"
    ],
    "revision": null,
    "content_changed": true,
    "deleted": false,
    "page": 4
  }
},
{
  "model": "wagtailcore.pagelogentry",
  "pk": 11,
  "fields": {
    "content_type": [
      "home",
      "switchlabpage"
    ],
    "label": "Select Laboratory",
    "action": "wagtail.edit",
    "data": {},
    "timestamp": "2025-01-17T11:39:48.785Z",
    "uuid": "24b1318d-1e80-45d8-9bfc-6965ab9c8813",
    "user": [
      "admin"
    ],
    "revision": 4,
    "content_changed": true,
    "deleted": false,
    "page": 4
  }
},
{
  "model": "wagtailcore.pagelogentry",
  "pk": 12,
  "fields": {
    "content_type": [
      "home",
      "switchlabpage"
    ],
    "label": "Select Laboratory",
    "action": "wagtail.publish",
    "data": {},
    "timestamp": "2025-01-17T11:39:48.899Z",
    "uuid": "24b1318d-1e80-45d8-9bfc-6965ab9c8813",
    "user": [
      "admin"
    ],
    "revision": 4,
    "content_changed": true,
    "deleted": false,
    "page": 4
  }
},
{
  "model": "wagtailcore.pagelogentry",
  "pk": 13,
  "fields": {
    "content_type": [
      "home",
      "switchlabpage"
    ],
    "label": "Select Laboratory",
    "action": "wagtail.view_restriction.create",
    "data": {
      "restriction": {
        "type": "login",
        "title": "Private, accessible to any logged-in users"
      }
    },
    "timestamp": "2025-01-17T11:39:57.411Z",
    "uuid": "03c6efd9-9569-48a2-87e6-1cee60ee12d5",
    "user": [
      "admin"
    ],
    "revision": null,
    "content_changed": false,
    "deleted": false,
    "page": 4
  }
},
{
  "model": "wagtailcore.pagelogentry",
  "pk": 14,
  "fields": {
    "content_type": [
      "home",
      "switchlabpage"
    ],
    "label": "Select Laboratory",
    "action": "wagtail.edit",
    "data": {},
    "timestamp": "2025-01-17T11:39:59.968Z",
    "uuid": "056c404a-4484-45dd-9bc1-ce044d1e9c3d",
    "user": [
      "admin"
    ],
    "revision": 5,
    "content_changed": true,
    "deleted": false,
    "page": 4
  }
},
{
  "model": "wagtailcore.pagelogentry",
  "pk": 15,
  "fields": {
    "content_type": [
      "home",
      "switchlabpage"
    ],
    "label": "Select Laboratory",
    "action": "wagtail.publish",
    "data": {},
    "timestamp": "2025-01-17T11:39:59.989Z",
    "uuid": "056c404a-4484-45dd-9bc1-ce044d1e9c3d",
    "user": [
      "admin"
    ],
    "revision": 5,
    "content_changed": false,
    "deleted": false,
    "page": 4
  }
},
{
  "model": "wagtailcore.pagelogentry",
  "pk": 16,
  "fields": {
    "content_type": [
      "home",
      "userdatapage"
    ],
    "label": "User Information",
    "action": "wagtail.create",
    "data": {},
    "timestamp": "2025-01-17T11:40:47.073Z",
    "uuid": "2f4a7f3a-01d9-48f2-8e63-613f700d7c3b",
    "user": [
      "admin"
    ],
    "revision": null,
    "content_changed": true,
    "deleted": false,
    "page": 5
  }
},
{
  "model": "wagtailcore.pagelogentry",
  "pk": 17,
  "fields": {
    "content_type": [
      "home",
      "userdatapage"
    ],
    "label": "User Information",
    "action": "wagtail.edit",
    "data": {},
    "timestamp": "2025-01-17T11:40:47.087Z",
    "uuid": "2f4a7f3a-01d9-48f2-8e63-613f700d7c3b",
    "user": [
      "admin"
    ],
    "revision": 6,
    "content_changed": true,
    "deleted": false,
    "page": 5
  }
},
{
  "model": "wagtailcore.pagelogentry",
  "pk": 18,
  "fields": {
    "content_type": [
      "home",
      "userdatapage"
    ],
    "label": "User Information",
    "action": "wagtail.publish",
    "data": {},
    "timestamp": "2025-01-17T11:40:47.104Z",
    "uuid": "2f4a7f3a-01d9-48f2-8e63-613f700d7c3b",
    "user": [
      "admin"
    ],
    "revision": 6,
    "content_changed": true,
    "deleted": false,
    "page": 5
  }
},
{
  "model": "wagtailcore.pagelogentry",
  "pk": 19,
  "fields": {
    "content_type": [
      "home",
      "userdatapage"
    ],
    "label": "User Information",
    "action": "wagtail.view_restriction.create",
    "data": {
      "restriction": {
        "type": "login",
        "title": "Private, accessible to any logged-in users"
      }
    },
    "timestamp": "2025-01-17T11:40:53.379Z",
    "uuid": "430077f3-5679-4f6b-a1c7-be786ce4679c",
    "user": [
      "admin"
    ],
    "revision": null,
    "content_changed": false,
    "deleted": false,
    "page": 5
  }
},
{
  "model": "wagtailcore.pagelogentry",
  "pk": 20,
  "fields": {
    "content_type": [
      "home",
      "userdatapage"
    ],
    "label": "User Information",
    "action": "wagtail.edit",
    "data": {},
    "timestamp": "2025-01-17T11:40:55.703Z",
    "uuid": "5b92e0d7-b261-4cea-8fd0-4e858adb6617",
    "user": [
      "admin"
    ],
    "revision": 7,
    "content_changed": true,
    "deleted": false,
    "page": 5
  }
},
{
  "model": "wagtailcore.pagelogentry",
  "pk": 21,
  "fields": {
    "content_type": [
      "home",
      "userdatapage"
    ],
    "label": "User Information",
    "action": "wagtail.publish",
    "data": {},
    "timestamp": "2025-01-17T11:40:55.719Z",
    "uuid": "5b92e0d7-b261-4cea-8fd0-4e858adb6617",
    "user": [
      "admin"
    ],
    "revision": 7,
    "content_changed": false,
    "deleted": false,
    "page": 5
  }
},
{
  "model": "wagtailcore.pagelogentry",
  "pk": 22,
  "fields": {
    "content_type": [
      "home",
      "userdatapage"
    ],
    "label": "User Information",
    "action": "wagtail.edit",
    "data": {},
    "timestamp": "2025-01-17T11:42:49.983Z",
    "uuid": "91153ebd-f7f9-4b1a-956b-8effcbfaccb2",
    "user": [
      "admin"
    ],
    "revision": 8,
    "content_changed": true,
    "deleted": false,
    "page": 5
  }
},
{
  "model": "wagtailcore.pagelogentry",
  "pk": 23,
  "fields": {
    "content_type": [
      "home",
      "userdatapage"
    ],
    "label": "User Information",
    "action": "wagtail.publish",
    "data": {},
    "timestamp": "2025-01-17T11:42:50.012Z",
    "uuid": "91153ebd-f7f9-4b1a-956b-8effcbfaccb2",
    "user": [
      "admin"
    ],
    "revision": 8,
    "content_changed": true,
    "deleted": false,
    "page": 5
  }
},
{
  "model": "wagtailcore.pagelogentry",
  "pk": 24,
  "fields": {
    "content_type": [
      "home",
      "switchlabpage"
    ],
    "label": "Select Laboratory",
    "action": "wagtail.edit",
    "data": {},
    "timestamp": "2025-01-17T11:43:09.696Z",
    "uuid": "3e2637a5-4b81-4def-a874-c1fef72dca6a",
    "user": [
      "admin"
    ],
    "revision": 9,
    "content_changed": true,
    "deleted": false,
    "page": 4
  }
},
{
  "model": "wagtailcore.pagelogentry",
  "pk": 25,
  "fields": {
    "content_type": [
      "home",
      "switchlabpage"
    ],
    "label": "Select Laboratory",
    "action": "wagtail.publish",
    "data": {},
    "timestamp": "2025-01-17T11:43:09.722Z",
    "uuid": "3e2637a5-4b81-4def-a874-c1fef72dca6a",
    "user": [
      "admin"
    ],
    "revision": 9,
    "content_changed": true,
    "deleted": false,
    "page": 4
  }
},
{
  "model": "wagtailcore.pagelogentry",
  "pk": 26,
  "fields": {
    "content_type": [
      "home",
      "dmppage"
    ],
    "label": "Core Data Management Plan",
    "action": "wagtail.create",
    "data": {},
    "timestamp": "2025-01-17T11:45:10.252Z",
    "uuid": "3a95c2c6-9d2a-451a-af4e-c3bbd3ed81d4",
    "user": [
      "admin"
    ],
    "revision": null,
    "content_changed": true,
    "deleted": false,
    "page": 6
  }
},
{
  "model": "wagtailcore.pagelogentry",
  "pk": 27,
  "fields": {
    "content_type": [
      "home",
      "dmppage"
    ],
    "label": "Core Data Management Plan",
    "action": "wagtail.edit",
    "data": {},
    "timestamp": "2025-01-17T11:45:10.265Z",
    "uuid": "3a95c2c6-9d2a-451a-af4e-c3bbd3ed81d4",
    "user": [
      "admin"
    ],
    "revision": 10,
    "content_changed": true,
    "deleted": false,
    "page": 6
  }
},
{
  "model": "wagtailcore.pagelogentry",
  "pk": 28,
  "fields": {
    "content_type": [
      "home",
      "dmppage"
    ],
    "label": "Core Data Management Plan",
    "action": "wagtail.publish",
    "data": {},
    "timestamp": "2025-01-17T11:45:10.279Z",
    "uuid": "3a95c2c6-9d2a-451a-af4e-c3bbd3ed81d4",
    "user": [
      "admin"
    ],
    "revision": 10,
    "content_changed": true,
    "deleted": false,
    "page": 6
  }
},
{
  "model": "wagtailcore.pagelogentry",
  "pk": 29,
  "fields": {
    "content_type": [
      "home",
      "samplepage"
    ],
    "label": "Add sample",
    "action": "wagtail.create",
    "data": {},
    "timestamp": "2025-01-17T11:46:10.549Z",
    "uuid": "1f180397-56c0-475c-b768-205b11d22656",
    "user": [
      "admin"
    ],
    "revision": null,
    "content_changed": true,
    "deleted": false,
    "page": 7
  }
},
{
  "model": "wagtailcore.pagelogentry",
  "pk": 30,
  "fields": {
    "content_type": [
      "home",
      "samplepage"
    ],
    "label": "Add sample",
    "action": "wagtail.edit",
    "data": {},
    "timestamp": "2025-01-17T11:46:10.565Z",
    "uuid": "1f180397-56c0-475c-b768-205b11d22656",
    "user": [
      "admin"
    ],
    "revision": 11,
    "content_changed": true,
    "deleted": false,
    "page": 7
  }
},
{
  "model": "wagtailcore.pagelogentry",
  "pk": 31,
  "fields": {
    "content_type": [
      "home",
      "samplepage"
    ],
    "label": "Add sample",
    "action": "wagtail.publish",
    "data": {},
    "timestamp": "2025-01-17T11:46:10.581Z",
    "uuid": "1f180397-56c0-475c-b768-205b11d22656",
    "user": [
      "admin"
    ],
    "revision": 11,
    "content_changed": true,
    "deleted": false,
    "page": 7
  }
},
{
  "model": "wagtailcore.pagelogentry",
  "pk": 32,
  "fields": {
    "content_type": [
      "home",
      "dmppage"
    ],
    "label": "Core Data Management Plan",
    "action": "wagtail.view_restriction.create",
    "data": {
      "restriction": {
        "type": "login",
        "title": "Private, accessible to any logged-in users"
      }
    },
    "timestamp": "2025-01-17T11:46:16.163Z",
    "uuid": "9032eac6-2972-4237-882e-92d35981728a",
    "user": [
      "admin"
    ],
    "revision": null,
    "content_changed": false,
    "deleted": false,
    "page": 6
  }
},
{
  "model": "wagtailcore.pagelogentry",
  "pk": 33,
  "fields": {
    "content_type": [
      "home",
      "dmppage"
    ],
    "label": "Core Data Management Plan",
    "action": "wagtail.edit",
    "data": {},
    "timestamp": "2025-01-17T11:46:18.269Z",
    "uuid": "c1dc4cef-b149-4dce-aaa0-c6c6af16a90b",
    "user": [
      "admin"
    ],
    "revision": 12,
    "content_changed": true,
    "deleted": false,
    "page": 6
  }
},
{
  "model": "wagtailcore.pagelogentry",
  "pk": 34,
  "fields": {
    "content_type": [
      "home",
      "dmppage"
    ],
    "label": "Core Data Management Plan",
    "action": "wagtail.publish",
    "data": {},
    "timestamp": "2025-01-17T11:46:18.284Z",
    "uuid": "c1dc4cef-b149-4dce-aaa0-c6c6af16a90b",
    "user": [
      "admin"
    ],
    "revision": 12,
    "content_changed": false,
    "deleted": false,
    "page": 6
  }
},
{
  "model": "wagtailcore.pagelogentry",
  "pk": 35,
  "fields": {
    "content_type": [
      "home",
      "samplepage"
    ],
    "label": "Add sample",
    "action": "wagtail.view_restriction.create",
    "data": {
      "restriction": {
        "type": "login",
        "title": "Private, accessible to any logged-in users"
      }
    },
    "timestamp": "2025-01-17T11:46:23.867Z",
    "uuid": "c1266073-2ae8-4e76-9bd1-b72fe7df4425",
    "user": [
      "admin"
    ],
    "revision": null,
    "content_changed": false,
    "deleted": false,
    "page": 7
  }
},
{
  "model": "wagtailcore.pagelogentry",
  "pk": 36,
  "fields": {
    "content_type": [
      "home",
      "samplepage"
    ],
    "label": "Add sample",
    "action": "wagtail.edit",
    "data": {},
    "timestamp": "2025-01-17T11:46:25.466Z",
    "uuid": "9e1e6294-3e4f-4a63-8260-29c51d493e0b",
    "user": [
      "admin"
    ],
    "revision": 13,
    "content_changed": true,
    "deleted": false,
    "page": 7
  }
},
{
  "model": "wagtailcore.pagelogentry",
  "pk": 37,
  "fields": {
    "content_type": [
      "home",
      "samplepage"
    ],
    "label": "Add sample",
    "action": "wagtail.publish",
    "data": {},
    "timestamp": "2025-01-17T11:46:25.481Z",
    "uuid": "9e1e6294-3e4f-4a63-8260-29c51d493e0b",
    "user": [
      "admin"
    ],
    "revision": 13,
    "content_changed": false,
    "deleted": false,
    "page": 7
  }
},
{
  "model": "wagtailcore.pagelogentry",
  "pk": 38,
  "fields": {
    "content_type": [
      "home",
      "samplelistpage"
    ],
    "label": "Sample list",
    "action": "wagtail.create",
    "data": {},
    "timestamp": "2025-01-17T11:47:35.949Z",
    "uuid": "7f422389-40ef-4826-a392-a7037b35bf0b",
    "user": [
      "admin"
    ],
    "revision": null,
    "content_changed": true,
    "deleted": false,
    "page": 8
  }
},
{
  "model": "wagtailcore.pagelogentry",
  "pk": 39,
  "fields": {
    "content_type": [
      "home",
      "samplelistpage"
    ],
    "label": "Sample list",
    "action": "wagtail.edit",
    "data": {},
    "timestamp": "2025-01-17T11:47:35.960Z",
    "uuid": "7f422389-40ef-4826-a392-a7037b35bf0b",
    "user": [
      "admin"
    ],
    "revision": 14,
    "content_changed": true,
    "deleted": false,
    "page": 8
  }
},
{
  "model": "wagtailcore.pagelogentry",
  "pk": 40,
  "fields": {
    "content_type": [
      "home",
      "samplelistpage"
    ],
    "label": "Sample list",
    "action": "wagtail.view_restriction.create",
    "data": {
      "restriction": {
        "type": "login",
        "title": "Private, accessible to any logged-in users"
      }
    },
    "timestamp": "2025-01-17T11:47:39.390Z",
    "uuid": "0a74d09b-4cf0-4f9c-a8ca-bc0d38e322e2",
    "user": [
      "admin"
    ],
    "revision": null,
    "content_changed": false,
    "deleted": false,
    "page": 8
  }
},
{
  "model": "wagtailcore.pagelogentry",
  "pk": 41,
  "fields": {
    "content_type": [
      "home",
      "samplelistpage"
    ],
    "label": "Sample list",
    "action": "wagtail.edit",
    "data": {},
    "timestamp": "2025-01-17T11:47:41.928Z",
    "uuid": "5eb2d303-7970-4a0f-aab3-59ee2ad0797c",
    "user": [
      "admin"
    ],
    "revision": 15,
    "content_changed": true,
    "deleted": false,
    "page": 8
  }
},
{
  "model": "wagtailcore.pagelogentry",
  "pk": 42,
  "fields": {
    "content_type": [
      "home",
      "samplelistpage"
    ],
    "label": "Sample list",
    "action": "wagtail.publish",
    "data": {},
    "timestamp": "2025-01-17T11:47:41.947Z",
    "uuid": "5eb2d303-7970-4a0f-aab3-59ee2ad0797c",
    "user": [
      "admin"
    ],
    "revision": 15,
    "content_changed": false,
    "deleted": false,
    "page": 8
  }
},
{
  "model": "wagtailcore.pagelogentry",
  "pk": 43,
  "fields": {
    "content_type": [
      "home",
      "instrumentspage"
    ],
    "label": "Add Instrument",
    "action": "wagtail.create",
    "data": {},
    "timestamp": "2025-01-20T14:00:14.994Z",
    "uuid": "810ea04b-ca65-41fa-ad43-05ec779a53b1",
    "user": [
      "admin"
    ],
    "revision": null,
    "content_changed": true,
    "deleted": false,
    "page": 9
  }
},
{
  "model": "wagtailcore.pagelogentry",
  "pk": 44,
  "fields": {
    "content_type": [
      "home",
      "instrumentspage"
    ],
    "label": "Add Instrument",
    "action": "wagtail.edit",
    "data": {},
    "timestamp": "2025-01-20T14:00:15.010Z",
    "uuid": "810ea04b-ca65-41fa-ad43-05ec779a53b1",
    "user": [
      "admin"
    ],
    "revision": 16,
    "content_changed": true,
    "deleted": false,
    "page": 9
  }
},
{
  "model": "wagtailcore.pagelogentry",
  "pk": 45,
  "fields": {
    "content_type": [
      "home",
      "instrumentspage"
    ],
    "label": "Add Instrument",
    "action": "wagtail.publish",
    "data": {},
    "timestamp": "2025-01-20T14:00:15.040Z",
    "uuid": "810ea04b-ca65-41fa-ad43-05ec779a53b1",
    "user": [
      "admin"
    ],
    "revision": 16,
    "content_changed": true,
    "deleted": false,
    "page": 9
  }
},
{
  "model": "wagtailcore.pagelogentry",
  "pk": 46,
  "fields": {
    "content_type": [
      "home",
      "instrumentspage"
    ],
    "label": "Add Instrument",
    "action": "wagtail.view_restriction.create",
    "data": {
      "restriction": {
        "type": "login",
        "title": "Private, accessible to any logged-in users"
      }
    },
    "timestamp": "2025-01-20T15:55:12.668Z",
    "uuid": "0fa544ba-007e-4f3b-b04a-00aa4d21b213",
    "user": [
      "admin"
    ],
    "revision": null,
    "content_changed": false,
    "deleted": false,
    "page": 9
  }
},
{
  "model": "wagtailcore.pagelogentry",
  "pk": 47,
  "fields": {
    "content_type": [
      "home",
      "instrumentspage"
    ],
    "label": "Add Instrument",
    "action": "wagtail.edit",
    "data": {},
    "timestamp": "2025-01-20T15:55:15.466Z",
    "uuid": "be6cd92b-6747-4303-ba4c-184348878c01",
    "user": [
      "admin"
    ],
    "revision": 17,
    "content_changed": true,
    "deleted": false,
    "page": 9
  }
},
{
  "model": "wagtailcore.pagelogentry",
  "pk": 48,
  "fields": {
    "content_type": [
      "home",
      "instrumentspage"
    ],
    "label": "Add Instrument",
    "action": "wagtail.publish",
    "data": {},
    "timestamp": "2025-01-20T15:55:15.491Z",
    "uuid": "be6cd92b-6747-4303-ba4c-184348878c01",
    "user": [
      "admin"
    ],
    "revision": 17,
    "content_changed": false,
    "deleted": false,
    "page": 9
  }
},
{
  "model": "wagtailcore.pagelogentry",
  "pk": 49,
  "fields": {
    "content_type": [
      "home",
      "editsamplepage"
    ],
    "label": "Edit sample entry",
    "action": "wagtail.create",
    "data": {},
    "timestamp": "2025-01-27T08:34:12.385Z",
    "uuid": "a873b08c-58b8-4fa2-b520-a44402a6f25f",
    "user": [
      "admin"
    ],
    "revision": null,
    "content_changed": true,
    "deleted": false,
    "page": 10
  }
},
{
  "model": "wagtailcore.pagelogentry",
  "pk": 50,
  "fields": {
    "content_type": [
      "home",
      "editsamplepage"
    ],
    "label": "Edit sample entry",
    "action": "wagtail.edit",
    "data": {},
    "timestamp": "2025-01-27T08:34:12.398Z",
    "uuid": "a873b08c-58b8-4fa2-b520-a44402a6f25f",
    "user": [
      "admin"
    ],
    "revision": 18,
    "content_changed": true,
    "deleted": false,
    "page": 10
  }
},
{
  "model": "wagtailcore.pagelogentry",
  "pk": 51,
  "fields": {
    "content_type": [
      "home",
      "editsamplepage"
    ],
    "label": "Edit sample entry",
    "action": "wagtail.publish",
    "data": {},
    "timestamp": "2025-01-27T08:34:12.412Z",
    "uuid": "a873b08c-58b8-4fa2-b520-a44402a6f25f",
    "user": [
      "admin"
    ],
    "revision": 18,
    "content_changed": true,
    "deleted": false,
    "page": 10
  }
},
{
  "model": "wagtailcore.pagelogentry",
  "pk": 52,
  "fields": {
    "content_type": [
      "home",
      "editsamplepage"
    ],
    "label": "Edit sample entry",
    "action": "wagtail.view_restriction.create",
    "data": {
      "restriction": {
        "type": "login",
        "title": "Private, accessible to any logged-in users"
      }
    },
    "timestamp": "2025-01-27T08:34:22.098Z",
    "uuid": "dfad4504-28e5-4340-b91c-9c9034585518",
    "user": [
      "admin"
    ],
    "revision": null,
    "content_changed": false,
    "deleted": false,
    "page": 10
  }
},
{
  "model": "wagtailcore.pagelogentry",
  "pk": 53,
  "fields": {
    "content_type": [
      "home",
      "editsamplepage"
    ],
    "label": "Edit sample entry",
    "action": "wagtail.edit",
    "data": {},
    "timestamp": "2025-01-27T08:34:32.683Z",
    "uuid": "1c6ef6d3-a98b-42dd-8afa-47b5c820747d",
    "user": [
      "admin"
    ],
    "revision": 19,
    "content_changed": true,
    "deleted": false,
    "page": 10
  }
},
{
  "model": "wagtailcore.pagelogentry",
  "pk": 54,
  "fields": {
    "content_type": [
      "home",
      "editsamplepage"
    ],
    "label": "Edit sample entry",
    "action": "wagtail.publish",
    "data": {},
    "timestamp": "2025-01-27T08:34:32.701Z",
    "uuid": "1c6ef6d3-a98b-42dd-8afa-47b5c820747d",
    "user": [
      "admin"
    ],
    "revision": 19,
    "content_changed": false,
    "deleted": false,
    "page": 10
  }
},
{
  "model": "wagtailcore.pagelogentry",
  "pk": 55,
  "fields": {
    "content_type": [
      "home",
      "pipelinespage"
    ],
    "label": "Pipelines",
    "action": "wagtail.create",
    "data": {},
    "timestamp": "2025-01-28T13:04:27.343Z",
    "uuid": "bf84d810-0795-4349-93d7-6076c9a95987",
    "user": [
      "admin"
    ],
    "revision": null,
    "content_changed": true,
    "deleted": false,
    "page": 11
  }
},
{
  "model": "wagtailcore.pagelogentry",
  "pk": 56,
  "fields": {
    "content_type": [
      "home",
      "pipelinespage"
    ],
    "label": "Pipelines",
    "action": "wagtail.edit",
    "data": {},
    "timestamp": "2025-01-28T13:04:27.357Z",
    "uuid": "bf84d810-0795-4349-93d7-6076c9a95987",
    "user": [
      "admin"
    ],
    "revision": 20,
    "content_changed": true,
    "deleted": false,
    "page": 11
  }
},
{
  "model": "wagtailcore.pagelogentry",
  "pk": 57,
  "fields": {
    "content_type": [
      "home",
      "pipelinespage"
    ],
    "label": "Pipelines",
    "action": "wagtail.view_restriction.create",
    "data": {
      "restriction": {
        "type": "login",
        "title": "Private, accessible to any logged-in users"
      }
    },
    "timestamp": "2025-01-28T13:04:32.272Z",
    "uuid": "5ee17d96-0765-435e-b317-d76d5eb287a0",
    "user": [
      "admin"
    ],
    "revision": null,
    "content_changed": false,
    "deleted": false,
    "page": 11
  }
},
{
  "model": "wagtailcore.pagelogentry",
  "pk": 58,
  "fields": {
    "content_type": [
      "home",
      "pipelinespage"
    ],
    "label": "Pipelines",
    "action": "wagtail.edit",
    "data": {},
    "timestamp": "2025-01-28T13:04:34.419Z",
    "uuid": "2a1523a9-aac8-402d-9f95-1bc64a24b6e0",
    "user": [
      "admin"
    ],
    "revision": 21,
    "content_changed": true,
    "deleted": false,
    "page": 11
  }
},
{
  "model": "wagtailcore.pagelogentry",
  "pk": 59,
  "fields": {
    "content_type": [
      "home",
      "pipelinespage"
    ],
    "label": "Pipelines",
    "action": "wagtail.publish",
    "data": {},
    "timestamp": "2025-01-28T13:04:34.435Z",
    "uuid": "2a1523a9-aac8-402d-9f95-1bc64a24b6e0",
    "user": [
      "admin"
    ],
    "revision": 21,
    "content_changed": false,
    "deleted": false,
    "page": 11
  }
},
{
  "model": "wagtailcore.pagelogentry",
  "pk": 60,
  "fields": {
    "content_type": [
      "home",
      "resultspage"
    ],
    "label": "Add result",
    "action": "wagtail.create",
    "data": {},
    "timestamp": "2025-01-29T07:54:05.587Z",
    "uuid": "27bc62b8-db6f-4f27-a50d-0dd2232a6fd6",
    "user": [
      "admin"
    ],
    "revision": null,
    "content_changed": true,
    "deleted": false,
    "page": 12
  }
},
{
  "model": "wagtailcore.pagelogentry",
  "pk": 61,
  "fields": {
    "content_type": [
      "home",
      "resultspage"
    ],
    "label": "Add result",
    "action": "wagtail.edit",
    "data": {},
    "timestamp": "2025-01-29T07:54:05.610Z",
    "uuid": "27bc62b8-db6f-4f27-a50d-0dd2232a6fd6",
    "user": [
      "admin"
    ],
    "revision": 22,
    "content_changed": true,
    "deleted": false,
    "page": 12
  }
},
{
  "model": "wagtailcore.pagelogentry",
  "pk": 62,
  "fields": {
    "content_type": [
      "home",
      "resultspage"
    ],
    "label": "Add result",
    "action": "wagtail.view_restriction.create",
    "data": {
      "restriction": {
        "type": "login",
        "title": "Private, accessible to any logged-in users"
      }
    },
    "timestamp": "2025-01-29T07:54:10.244Z",
    "uuid": "538ba6a0-1463-43a4-aa5a-7f74637bfaf2",
    "user": [
      "admin"
    ],
    "revision": null,
    "content_changed": false,
    "deleted": false,
    "page": 12
  }
},
{
  "model": "wagtailcore.pagelogentry",
  "pk": 63,
  "fields": {
    "content_type": [
      "home",
      "resultspage"
    ],
    "label": "Add result",
    "action": "wagtail.edit",
    "data": {},
    "timestamp": "2025-01-29T07:54:19.309Z",
    "uuid": "4d0c22d3-cd47-46f8-b4fe-63fcedfe863c",
    "user": [
      "admin"
    ],
    "revision": 23,
    "content_changed": true,
    "deleted": false,
    "page": 12
  }
},
{
  "model": "wagtailcore.pagelogentry",
  "pk": 64,
  "fields": {
    "content_type": [
      "home",
      "resultspage"
    ],
    "label": "Add result",
    "action": "wagtail.publish",
    "data": {},
    "timestamp": "2025-01-29T07:54:19.324Z",
    "uuid": "4d0c22d3-cd47-46f8-b4fe-63fcedfe863c",
    "user": [
      "admin"
    ],
    "revision": 23,
    "content_changed": true,
    "deleted": false,
    "page": 12
  }
},
{
  "model": "wagtailcore.pagelogentry",
  "pk": 65,
  "fields": {
    "content_type": [
      "home",
      "resultslistpage"
    ],
    "label": "Result List",
    "action": "wagtail.create",
    "data": {},
    "timestamp": "2025-02-03T14:44:37.803Z",
    "uuid": "dadeb14f-6349-4510-ab68-91c0345c9524",
    "user": [
      "admin"
    ],
    "revision": null,
    "content_changed": true,
    "deleted": false,
    "page": 13
  }
},
{
  "model": "wagtailcore.pagelogentry",
  "pk": 66,
  "fields": {
    "content_type": [
      "home",
      "resultslistpage"
    ],
    "label": "Result List",
    "action": "wagtail.edit",
    "data": {},
    "timestamp": "2025-02-03T14:44:37.815Z",
    "uuid": "dadeb14f-6349-4510-ab68-91c0345c9524",
    "user": [
      "admin"
    ],
    "revision": 24,
    "content_changed": true,
    "deleted": false,
    "page": 13
  }
},
{
  "model": "wagtailcore.pagelogentry",
  "pk": 67,
  "fields": {
    "content_type": [
      "home",
      "resultslistpage"
    ],
    "label": "Result List",
    "action": "wagtail.view_restriction.create",
    "data": {
      "restriction": {
        "type": "login",
        "title": "Private, accessible to any logged-in users"
      }
    },
    "timestamp": "2025-02-03T14:44:42.569Z",
    "uuid": "1e33c00c-09c3-4ab9-824f-db3945eaab92",
    "user": [
      "admin"
    ],
    "revision": null,
    "content_changed": false,
    "deleted": false,
    "page": 13
  }
},
{
  "model": "wagtailcore.pagelogentry",
  "pk": 68,
  "fields": {
    "content_type": [
      "home",
      "resultslistpage"
    ],
    "label": "Result List",
    "action": "wagtail.edit",
    "data": {},
    "timestamp": "2025-02-03T14:44:47.746Z",
    "uuid": "3b7c3a91-9447-4c54-af01-37a14107955f",
    "user": [
      "admin"
    ],
    "revision": 25,
    "content_changed": true,
    "deleted": false,
    "page": 13
  }
},
{
  "model": "wagtailcore.pagelogentry",
  "pk": 69,
  "fields": {
    "content_type": [
      "home",
      "resultslistpage"
    ],
    "label": "Result List",
    "action": "wagtail.publish",
    "data": {},
    "timestamp": "2025-02-03T14:44:47.758Z",
    "uuid": "3b7c3a91-9447-4c54-af01-37a14107955f",
    "user": [
      "admin"
    ],
    "revision": 25,
    "content_changed": true,
    "deleted": false,
    "page": 13
  }
},
{
  "model": "wagtailcore.pagelogentry",
  "pk": 70,
  "fields": {
    "content_type": [
      "home",
      "experimentdmppage"
    ],
    "label": "Experiment DMP",
    "action": "wagtail.create",
    "data": {},
    "timestamp": "2025-02-03T15:23:58.647Z",
    "uuid": "f08c9c42-e6a6-49ce-b3a1-3ba0a99ff847",
    "user": [
      "admin"
    ],
    "revision": null,
    "content_changed": true,
    "deleted": false,
    "page": 14
  }
},
{
  "model": "wagtailcore.pagelogentry",
  "pk": 71,
  "fields": {
    "content_type": [
      "home",
      "experimentdmppage"
    ],
    "label": "Experiment DMP",
    "action": "wagtail.edit",
    "data": {},
    "timestamp": "2025-02-03T15:23:58.665Z",
    "uuid": "f08c9c42-e6a6-49ce-b3a1-3ba0a99ff847",
    "user": [
      "admin"
    ],
    "revision": 26,
    "content_changed": true,
    "deleted": false,
    "page": 14
  }
},
{
  "model": "wagtailcore.pagelogentry",
  "pk": 72,
  "fields": {
    "content_type": [
      "home",
      "experimentdmppage"
    ],
    "label": "Experiment DMP",
    "action": "wagtail.view_restriction.create",
    "data": {
      "restriction": {
        "type": "login",
        "title": "Private, accessible to any logged-in users"
      }
    },
    "timestamp": "2025-02-03T15:24:02.301Z",
    "uuid": "803aeda4-0125-4d2f-a2f8-14115f798a53",
    "user": [
      "admin"
    ],
    "revision": null,
    "content_changed": false,
    "deleted": false,
    "page": 14
  }
},
{
  "model": "wagtailcore.pagelogentry",
  "pk": 73,
  "fields": {
    "content_type": [
      "home",
      "experimentdmppage"
    ],
    "label": "Experiment DMP",
    "action": "wagtail.edit",
    "data": {},
    "timestamp": "2025-02-03T15:24:04.405Z",
    "uuid": "6d9ec829-054c-4fbb-bc8c-f5d2a3a7d1d9",
    "user": [
      "admin"
    ],
    "revision": 27,
    "content_changed": true,
    "deleted": false,
    "page": 14
  }
},
{
  "model": "wagtailcore.pagelogentry",
  "pk": 74,
  "fields": {
    "content_type": [
      "home",
      "experimentdmppage"
    ],
    "label": "Experiment DMP",
    "action": "wagtail.publish",
    "data": {},
    "timestamp": "2025-02-03T15:24:04.418Z",
    "uuid": "6d9ec829-054c-4fbb-bc8c-f5d2a3a7d1d9",
    "user": [
      "admin"
    ],
    "revision": 27,
    "content_changed": false,
    "deleted": false,
    "page": 14
  }
},
{
  "model": "wagtailcore.pagelogentry",
  "pk": 75,
  "fields": {
    "content_type": [
      "home",
      "experimentdmppage"
    ],
    "label": "Experiment DMP",
    "action": "wagtail.edit",
    "data": {},
    "timestamp": "2025-02-03T15:25:07.740Z",
    "uuid": "8afac2c3-24e7-4e70-8986-b84989af4cbf",
    "user": [
      "admin"
    ],
    "revision": 28,
    "content_changed": true,
    "deleted": false,
    "page": 14
  }
},
{
  "model": "wagtailcore.pagelogentry",
  "pk": 76,
  "fields": {
    "content_type": [
      "home",
      "experimentdmppage"
    ],
    "label": "Experiment DMP",
    "action": "wagtail.publish",
    "data": {},
    "timestamp": "2025-02-03T15:25:07.764Z",
    "uuid": "8afac2c3-24e7-4e70-8986-b84989af4cbf",
    "user": [
      "admin"
    ],
    "revision": 28,
    "content_changed": true,
    "deleted": false,
    "page": 14
  }
},
{
  "model": "wagtailcore.pagelogentry",
  "pk": 77,
  "fields": {
    "content_type": [
      "home",
      "experimentdmppage"
    ],
    "label": "Experiment DMP",
    "action": "wagtail.edit",
    "data": {},
    "timestamp": "2025-02-03T15:25:29.994Z",
    "uuid": "446fc8ff-66d3-4da5-a0f3-01b9ccb0c247",
    "user": [
      "admin"
    ],
    "revision": 29,
    "content_changed": true,
    "deleted": false,
    "page": 14
  }
},
{
  "model": "wagtailcore.pagelogentry",
  "pk": 78,
  "fields": {
    "content_type": [
      "home",
      "experimentdmppage"
    ],
    "label": "Experiment DMP",
    "action": "wagtail.publish",
    "data": {},
    "timestamp": "2025-02-03T15:25:30.011Z",
    "uuid": "446fc8ff-66d3-4da5-a0f3-01b9ccb0c247",
    "user": [
      "admin"
    ],
    "revision": 29,
    "content_changed": false,
    "deleted": false,
    "page": 14
  }
},
{
  "model": "wagtailcore.pagelogentry",
  "pk": 79,
  "fields": {
    "content_type": [
      "home",
      "experimentdmppage"
    ],
    "label": "Experiment DMP",
    "action": "wagtail.move",
    "data": {
      "source": {
        "id": 3,
        "title": "easydmp home"
      },
      "destination": {
        "id": 13,
        "title": "Result List"
      }
    },
    "timestamp": "2025-02-03T15:26:00.628Z",
    "uuid": "d5134ca2-7e38-47cf-88b2-e2a9140f63f9",
    "user": [
      "admin"
    ],
    "revision": null,
    "content_changed": false,
    "deleted": false,
    "page": 14
  }
},
{
  "model": "wagtailcore.groupapprovaltask",
  "pk": 1,
  "fields": {
    "task_ptr": 1,
    "groups": [
      [
        "Moderators"
      ]
    ]
  }
},
{
  "model": "wagtailcore.pageviewrestriction",
  "pk": 2,
  "fields": {
    "restriction_type": "login",
    "password": "",
    "page": 4,
    "groups": []
  }
},
{
  "model": "wagtailcore.pageviewrestriction",
  "pk": 3,
  "fields": {
    "restriction_type": "login",
    "password": "",
    "page": 5,
    "groups": []
  }
},
{
  "model": "wagtailcore.pageviewrestriction",
  "pk": 4,
  "fields": {
    "restriction_type": "login",
    "password": "",
    "page": 6,
    "groups": []
  }
},
{
  "model": "wagtailcore.pageviewrestriction",
  "pk": 5,
  "fields": {
    "restriction_type": "login",
    "password": "",
    "page": 7,
    "groups": []
  }
},
{
  "model": "wagtailcore.pageviewrestriction",
  "pk": 6,
  "fields": {
    "restriction_type": "login",
    "password": "",
    "page": 8,
    "groups": []
  }
},
{
  "model": "wagtailcore.pageviewrestriction",
  "pk": 7,
  "fields": {
    "restriction_type": "login",
    "password": "",
    "page": 9,
    "groups": []
  }
},
{
  "model": "wagtailcore.pageviewrestriction",
  "pk": 8,
  "fields": {
    "restriction_type": "login",
    "password": "",
    "page": 10,
    "groups": []
  }
},
{
  "model": "wagtailcore.pageviewrestriction",
  "pk": 9,
  "fields": {
    "restriction_type": "login",
    "password": "",
    "page": 11,
    "groups": []
  }
},
{
  "model": "wagtailcore.pageviewrestriction",
  "pk": 10,
  "fields": {
    "restriction_type": "login",
    "password": "",
    "page": 12,
    "groups": []
  }
},
{
  "model": "wagtailcore.pageviewrestriction",
  "pk": 11,
  "fields": {
    "restriction_type": "login",
    "password": "",
    "page": 13,
    "groups": []
  }
},
{
  "model": "wagtailcore.pageviewrestriction",
  "pk": 12,
  "fields": {
    "restriction_type": "login",
    "password": "",
    "page": 14,
    "groups": []
  }
},
{
  "model": "wagtailcore.grouppagepermission",
  "pk": 1,
  "fields": {
    "group": [
      "Moderators"
    ],
    "page": 1,
    "permission": [
      "add_page",
      "wagtailcore",
      "page"
    ]
  }
},
{
  "model": "wagtailcore.grouppagepermission",
  "pk": 2,
  "fields": {
    "group": [
      "Moderators"
    ],
    "page": 1,
    "permission": [
      "change_page",
      "wagtailcore",
      "page"
    ]
  }
},
{
  "model": "wagtailcore.grouppagepermission",
  "pk": 3,
  "fields": {
    "group": [
      "Moderators"
    ],
    "page": 1,
    "permission": [
      "publish_page",
      "wagtailcore",
      "page"
    ]
  }
},
{
  "model": "wagtailcore.grouppagepermission",
  "pk": 4,
  "fields": {
    "group": [
      "Editors"
    ],
    "page": 1,
    "permission": [
      "add_page",
      "wagtailcore",
      "page"
    ]
  }
},
{
  "model": "wagtailcore.grouppagepermission",
  "pk": 5,
  "fields": {
    "group": [
      "Editors"
    ],
    "page": 1,
    "permission": [
      "change_page",
      "wagtailcore",
      "page"
    ]
  }
},
{
  "model": "wagtailcore.grouppagepermission",
  "pk": 6,
  "fields": {
    "group": [
      "Moderators"
    ],
    "page": 1,
    "permission": [
      "lock_page",
      "wagtailcore",
      "page"
    ]
  }
},
{
  "model": "wagtailcore.grouppagepermission",
  "pk": 7,
  "fields": {
    "group": [
      "Moderators"
    ],
    "page": 1,
    "permission": [
      "unlock_page",
      "wagtailcore",
      "page"
    ]
  }
},
{
  "model": "wagtailcore.revision",
  "pk": 1,
  "fields": {
    "content_type": [
      "home",
      "homepage"
    ],
    "base_content_type": [
      "wagtailcore",
      "page"
    ],
    "object_id": "3",
    "created_at": "2025-01-17T11:38:27.285Z",
    "user": [
      "admin"
    ],
    "object_str": "easydmp home",
    "content": {
      "pk": 3,
      "body": "",
      "live": true,
      "path": "00010001",
      "slug": "easydmp-home",
      "depth": 2,
      "intro": "This is the home page of easyDMP",
      "owner": 2,
      "title": "easydmp home",
      "locale": 1,
      "locked": false,
      "expired": false,
      "alias_of": null,
      "numchild": 0,
      "url_path": "/easydmp-home/",
      "expire_at": null,
      "locked_at": null,
      "locked_by": null,
      "seo_title": "",
      "go_live_at": null,
      "draft_title": "easydmp home",
      "content_type": 28,
      "live_revision": null,
      "show_in_menus": false,
      "latest_revision": null,
      "translation_key": "7b91540b-305b-442b-96b2-b92e2c3f48a9",
      "last_published_at": null,
      "first_published_at": null,
      "search_description": "",
      "wagtail_admin_comments": [],
      "has_unpublished_changes": false,
      "latest_revision_created_at": null
    },
    "approved_go_live_at": null
  }
},
{
  "model": "wagtailcore.revision",
  "pk": 2,
  "fields": {
    "content_type": [
      "home",
      "homepage"
    ],
    "base_content_type": [
      "wagtailcore",
      "page"
    ],
    "object_id": "3",
    "created_at": "2025-01-17T11:38:34.792Z",
    "user": [
      "admin"
    ],
    "object_str": "easydmp home",
    "content": {
      "pk": 3,
      "body": "",
      "live": true,
      "path": "00010001",
      "slug": "easydmp-home",
      "depth": 2,
      "intro": "This is the home page of easyDMP",
      "owner": 2,
      "title": "easydmp home",
      "locale": 1,
      "locked": false,
      "expired": false,
      "alias_of": null,
      "numchild": 0,
      "url_path": "/easydmp-home/",
      "expire_at": null,
      "locked_at": null,
      "locked_by": null,
      "seo_title": "",
      "go_live_at": null,
      "draft_title": "easydmp home",
      "content_type": 28,
      "live_revision": 1,
      "show_in_menus": false,
      "latest_revision": 1,
      "translation_key": "7b91540b-305b-442b-96b2-b92e2c3f48a9",
      "last_published_at": "2025-01-17T11:38:27.296Z",
      "first_published_at": "2025-01-17T11:38:27.296Z",
      "search_description": "",
      "wagtail_admin_comments": [],
      "has_unpublished_changes": false,
      "latest_revision_created_at": "2025-01-17T11:38:27.285Z"
    },
    "approved_go_live_at": null
  }
},
{
  "model": "wagtailcore.revision",
  "pk": 3,
  "fields": {
    "content_type": [
      "home",
      "homepage"
    ],
    "base_content_type": [
      "wagtailcore",
      "page"
    ],
    "object_id": "3",
    "created_at": "2025-01-17T11:38:45.946Z",
    "user": [
      "admin"
    ],
    "object_str": "easydmp home",
    "content": {
      "pk": 3,
      "body": "",
      "live": true,
      "path": "00010001",
      "slug": "easydmp-home",
      "depth": 2,
      "intro": "This is the home page of easyDMP",
      "owner": 2,
      "title": "easydmp home",
      "locale": 1,
      "locked": false,
      "expired": false,
      "alias_of": null,
      "numchild": 0,
      "url_path": "/easydmp-home/",
      "expire_at": null,
      "locked_at": null,
      "locked_by": null,
      "seo_title": "",
      "go_live_at": null,
      "draft_title": "easydmp home",
      "content_type": 28,
      "live_revision": 2,
      "show_in_menus": false,
      "latest_revision": 2,
      "translation_key": "7b91540b-305b-442b-96b2-b92e2c3f48a9",
      "last_published_at": "2025-01-17T11:38:34.812Z",
      "first_published_at": "2025-01-17T11:38:27.296Z",
      "search_description": "",
      "wagtail_admin_comments": [],
      "has_unpublished_changes": false,
      "latest_revision_created_at": "2025-01-17T11:38:34.792Z"
    },
    "approved_go_live_at": null
  }
},
{
  "model": "wagtailcore.revision",
  "pk": 4,
  "fields": {
    "content_type": [
      "home",
      "switchlabpage"
    ],
    "base_content_type": [
      "wagtailcore",
      "page"
    ],
    "object_id": "4",
    "created_at": "2025-01-17T11:39:48.780Z",
    "user": [
      "admin"
    ],
    "object_str": "Select Laboratory",
    "content": {
      "pk": 4,
      "live": true,
      "path": "000100010001",
      "slug": "select-laboratory",
      "depth": 3,
      "intro": "<p data-block-key=\"8ziiz\">Select here your laboratory for the session.</p>",
      "owner": 2,
      "title": "Select Laboratory",
      "locale": 1,
      "locked": false,
      "expired": false,
      "alias_of": null,
      "numchild": 0,
      "url_path": "/easydmp-home/select-laboratory/",
      "expire_at": null,
      "locked_at": null,
      "locked_by": null,
      "seo_title": "",
      "go_live_at": null,
      "draft_title": "Select Laboratory",
      "content_type": 37,
      "live_revision": null,
      "show_in_menus": false,
      "latest_revision": null,
      "translation_key": "bdf19d1e-c800-44c7-8174-3dbcf8f36678",
      "last_published_at": null,
      "first_published_at": null,
      "search_description": "",
      "wagtail_admin_comments": [],
      "has_unpublished_changes": false,
      "latest_revision_created_at": null
    },
    "approved_go_live_at": null
  }
},
{
  "model": "wagtailcore.revision",
  "pk": 5,
  "fields": {
    "content_type": [
      "home",
      "switchlabpage"
    ],
    "base_content_type": [
      "wagtailcore",
      "page"
    ],
    "object_id": "4",
    "created_at": "2025-01-17T11:39:59.954Z",
    "user": [
      "admin"
    ],
    "object_str": "Select Laboratory",
    "content": {
      "pk": 4,
      "live": true,
      "path": "000100010001",
      "slug": "select-laboratory",
      "depth": 3,
      "intro": "<p data-block-key=\"8ziiz\">Select here your laboratory for the session.</p>",
      "owner": 2,
      "title": "Select Laboratory",
      "locale": 1,
      "locked": false,
      "expired": false,
      "alias_of": null,
      "numchild": 0,
      "url_path": "/easydmp-home/select-laboratory/",
      "expire_at": null,
      "locked_at": null,
      "locked_by": null,
      "seo_title": "",
      "go_live_at": null,
      "draft_title": "Select Laboratory",
      "content_type": 37,
      "live_revision": 4,
      "show_in_menus": false,
      "latest_revision": 4,
      "translation_key": "bdf19d1e-c800-44c7-8174-3dbcf8f36678",
      "last_published_at": "2025-01-17T11:39:48.791Z",
      "first_published_at": "2025-01-17T11:39:48.791Z",
      "search_description": "",
      "wagtail_admin_comments": [],
      "has_unpublished_changes": false,
      "latest_revision_created_at": "2025-01-17T11:39:48.780Z"
    },
    "approved_go_live_at": null
  }
},
{
  "model": "wagtailcore.revision",
  "pk": 6,
  "fields": {
    "content_type": [
      "home",
      "userdatapage"
    ],
    "base_content_type": [
      "wagtailcore",
      "page"
    ],
    "object_id": "5",
    "created_at": "2025-01-17T11:40:47.080Z",
    "user": [
      "admin"
    ],
    "object_str": "User Information",
    "content": {
      "pk": 5,
      "live": true,
      "path": "000100010002",
      "slug": "user-information",
      "depth": 3,
      "intro": "<p data-block-key=\"0jfv1\">Edit the user information here and add api tokens</p>",
      "owner": 2,
      "title": "User Information",
      "locale": 1,
      "locked": false,
      "expired": false,
      "alias_of": null,
      "numchild": 0,
      "url_path": "/easydmp-home/user-information/",
      "expire_at": null,
      "locked_at": null,
      "locked_by": null,
      "seo_title": "",
      "go_live_at": null,
      "draft_title": "User Information",
      "content_type": 38,
      "live_revision": null,
      "show_in_menus": false,
      "latest_revision": null,
      "translation_key": "2a01456b-5467-421c-927e-66724e6b6887",
      "last_published_at": null,
      "first_published_at": null,
      "search_description": "",
      "thankyou_page_title": "Thank you!",
      "wagtail_admin_comments": [],
      "has_unpublished_changes": false,
      "latest_revision_created_at": null
    },
    "approved_go_live_at": null
  }
},
{
  "model": "wagtailcore.revision",
  "pk": 7,
  "fields": {
    "content_type": [
      "home",
      "userdatapage"
    ],
    "base_content_type": [
      "wagtailcore",
      "page"
    ],
    "object_id": "5",
    "created_at": "2025-01-17T11:40:55.688Z",
    "user": [
      "admin"
    ],
    "object_str": "User Information",
    "content": {
      "pk": 5,
      "live": true,
      "path": "000100010002",
      "slug": "user-information",
      "depth": 3,
      "intro": "<p data-block-key=\"0jfv1\">Edit the user information here and add api tokens</p>",
      "owner": 2,
      "title": "User Information",
      "locale": 1,
      "locked": false,
      "expired": false,
      "alias_of": null,
      "numchild": 0,
      "url_path": "/easydmp-home/user-information/",
      "expire_at": null,
      "locked_at": null,
      "locked_by": null,
      "seo_title": "",
      "go_live_at": null,
      "draft_title": "User Information",
      "content_type": 38,
      "live_revision": 6,
      "show_in_menus": false,
      "latest_revision": 6,
      "translation_key": "2a01456b-5467-421c-927e-66724e6b6887",
      "last_published_at": "2025-01-17T11:40:47.092Z",
      "first_published_at": "2025-01-17T11:40:47.092Z",
      "search_description": "",
      "thankyou_page_title": "Thank you!",
      "wagtail_admin_comments": [],
      "has_unpublished_changes": false,
      "latest_revision_created_at": "2025-01-17T11:40:47.080Z"
    },
    "approved_go_live_at": null
  }
},
{
  "model": "wagtailcore.revision",
  "pk": 8,
  "fields": {
    "content_type": [
      "home",
      "userdatapage"
    ],
    "base_content_type": [
      "wagtailcore",
      "page"
    ],
    "object_id": "5",
    "created_at": "2025-01-17T11:42:49.968Z",
    "user": [
      "admin"
    ],
    "object_str": "User Information",
    "content": {
      "pk": 5,
      "live": true,
      "path": "000100010002",
      "slug": "user-data",
      "depth": 3,
      "intro": "<p data-block-key=\"0jfv1\">Edit the user information here and add api tokens</p>",
      "owner": 2,
      "title": "User Information",
      "locale": 1,
      "locked": false,
      "expired": false,
      "alias_of": null,
      "numchild": 0,
      "url_path": "/easydmp-home/user-information/",
      "expire_at": null,
      "locked_at": null,
      "locked_by": null,
      "seo_title": "",
      "go_live_at": null,
      "draft_title": "User Information",
      "content_type": 38,
      "live_revision": 7,
      "show_in_menus": false,
      "latest_revision": 7,
      "translation_key": "2a01456b-5467-421c-927e-66724e6b6887",
      "last_published_at": "2025-01-17T11:40:55.708Z",
      "first_published_at": "2025-01-17T11:40:47.092Z",
      "search_description": "",
      "thankyou_page_title": "Thank you!",
      "wagtail_admin_comments": [],
      "has_unpublished_changes": false,
      "latest_revision_created_at": "2025-01-17T11:40:55.688Z"
    },
    "approved_go_live_at": null
  }
},
{
  "model": "wagtailcore.revision",
  "pk": 9,
  "fields": {
    "content_type": [
      "home",
      "switchlabpage"
    ],
    "base_content_type": [
      "wagtailcore",
      "page"
    ],
    "object_id": "4",
    "created_at": "2025-01-17T11:43:09.685Z",
    "user": [
      "admin"
    ],
    "object_str": "Select Laboratory",
    "content": {
      "pk": 4,
      "live": true,
      "path": "000100010001",
      "slug": "switch-laboratory",
      "depth": 3,
      "intro": "<p data-block-key=\"8ziiz\">Select here your laboratory for the session.</p>",
      "owner": 2,
      "title": "Select Laboratory",
      "locale": 1,
      "locked": false,
      "expired": false,
      "alias_of": null,
      "numchild": 0,
      "url_path": "/easydmp-home/select-laboratory/",
      "expire_at": null,
      "locked_at": null,
      "locked_by": null,
      "seo_title": "",
      "go_live_at": null,
      "draft_title": "Select Laboratory",
      "content_type": 37,
      "live_revision": 5,
      "show_in_menus": false,
      "latest_revision": 5,
      "translation_key": "bdf19d1e-c800-44c7-8174-3dbcf8f36678",
      "last_published_at": "2025-01-17T11:39:59.978Z",
      "first_published_at": "2025-01-17T11:39:48.791Z",
      "search_description": "",
      "wagtail_admin_comments": [],
      "has_unpublished_changes": false,
      "latest_revision_created_at": "2025-01-17T11:39:59.954Z"
    },
    "approved_go_live_at": null
  }
},
{
  "model": "wagtailcore.revision",
  "pk": 10,
  "fields": {
    "content_type": [
      "home",
      "dmppage"
    ],
    "base_content_type": [
      "wagtailcore",
      "page"
    ],
    "object_id": "6",
    "created_at": "2025-01-17T11:45:10.259Z",
    "user": [
      "admin"
    ],
    "object_str": "Core Data Management Plan",
    "content": {
      "pk": 6,
      "live": true,
      "path": "000100010003",
      "slug": "core-data-management-plan",
      "depth": 3,
      "intro": "<p data-block-key=\"510rm\">This is the page to edit your core data management plan</p>",
      "owner": 2,
      "title": "Core Data Management Plan",
      "locale": 1,
      "locked": false,
      "expired": false,
      "alias_of": null,
      "numchild": 0,
      "url_path": "/easydmp-home/core-data-management-plan/",
      "expire_at": null,
      "locked_at": null,
      "locked_by": null,
      "seo_title": "",
      "go_live_at": null,
      "draft_title": "Core Data Management Plan",
      "content_type": 29,
      "live_revision": null,
      "show_in_menus": true,
      "latest_revision": null,
      "translation_key": "78e13932-7f41-476a-ae1b-3d3c3416063a",
      "last_published_at": null,
      "first_published_at": null,
      "search_description": "",
      "thankyou_page_title": "Thank you!",
      "wagtail_admin_comments": [],
      "has_unpublished_changes": false,
      "latest_revision_created_at": null
    },
    "approved_go_live_at": null
  }
},
{
  "model": "wagtailcore.revision",
  "pk": 11,
  "fields": {
    "content_type": [
      "home",
      "samplepage"
    ],
    "base_content_type": [
      "wagtailcore",
      "page"
    ],
    "object_id": "7",
    "created_at": "2025-01-17T11:46:10.560Z",
    "user": [
      "admin"
    ],
    "object_str": "Add sample",
    "content": {
      "pk": 7,
      "live": true,
      "path": "000100010004",
      "slug": "add-sample",
      "depth": 3,
      "intro": "<p data-block-key=\"i81sz\">Add a new sample here</p>",
      "owner": 2,
      "title": "Add sample",
      "locale": 1,
      "locked": false,
      "expired": false,
      "alias_of": null,
      "numchild": 0,
      "url_path": "/easydmp-home/add-sample/",
      "expire_at": null,
      "locked_at": null,
      "locked_by": null,
      "seo_title": "",
      "go_live_at": null,
      "draft_title": "Add sample",
      "content_type": 35,
      "live_revision": null,
      "show_in_menus": true,
      "latest_revision": null,
      "translation_key": "823ee5f5-d259-4a22-9313-47764a46aa2e",
      "last_published_at": null,
      "first_published_at": null,
      "search_description": "",
      "thankyou_page_title": "Thank you!",
      "wagtail_admin_comments": [],
      "has_unpublished_changes": false,
      "latest_revision_created_at": null
    },
    "approved_go_live_at": null
  }
},
{
  "model": "wagtailcore.revision",
  "pk": 12,
  "fields": {
    "content_type": [
      "home",
      "dmppage"
    ],
    "base_content_type": [
      "wagtailcore",
      "page"
    ],
    "object_id": "6",
    "created_at": "2025-01-17T11:46:18.253Z",
    "user": [
      "admin"
    ],
    "object_str": "Core Data Management Plan",
    "content": {
      "pk": 6,
      "live": true,
      "path": "000100010003",
      "slug": "core-data-management-plan",
      "depth": 3,
      "intro": "<p data-block-key=\"510rm\">This is the page to edit your core data management plan</p>",
      "owner": 2,
      "title": "Core Data Management Plan",
      "locale": 1,
      "locked": false,
      "expired": false,
      "alias_of": null,
      "numchild": 0,
      "url_path": "/easydmp-home/core-data-management-plan/",
      "expire_at": null,
      "locked_at": null,
      "locked_by": null,
      "seo_title": "",
      "go_live_at": null,
      "draft_title": "Core Data Management Plan",
      "content_type": 29,
      "live_revision": 10,
      "show_in_menus": true,
      "latest_revision": 10,
      "translation_key": "78e13932-7f41-476a-ae1b-3d3c3416063a",
      "last_published_at": "2025-01-17T11:45:10.269Z",
      "first_published_at": "2025-01-17T11:45:10.269Z",
      "search_description": "",
      "thankyou_page_title": "Thank you!",
      "wagtail_admin_comments": [],
      "has_unpublished_changes": false,
      "latest_revision_created_at": "2025-01-17T11:45:10.259Z"
    },
    "approved_go_live_at": null
  }
},
{
  "model": "wagtailcore.revision",
  "pk": 13,
  "fields": {
    "content_type": [
      "home",
      "samplepage"
    ],
    "base_content_type": [
      "wagtailcore",
      "page"
    ],
    "object_id": "7",
    "created_at": "2025-01-17T11:46:25.453Z",
    "user": [
      "admin"
    ],
    "object_str": "Add sample",
    "content": {
      "pk": 7,
      "live": true,
      "path": "000100010004",
      "slug": "add-sample",
      "depth": 3,
      "intro": "<p data-block-key=\"i81sz\">Add a new sample here</p>",
      "owner": 2,
      "title": "Add sample",
      "locale": 1,
      "locked": false,
      "expired": false,
      "alias_of": null,
      "numchild": 0,
      "url_path": "/easydmp-home/add-sample/",
      "expire_at": null,
      "locked_at": null,
      "locked_by": null,
      "seo_title": "",
      "go_live_at": null,
      "draft_title": "Add sample",
      "content_type": 35,
      "live_revision": 11,
      "show_in_menus": true,
      "latest_revision": 11,
      "translation_key": "823ee5f5-d259-4a22-9313-47764a46aa2e",
      "last_published_at": "2025-01-17T11:46:10.570Z",
      "first_published_at": "2025-01-17T11:46:10.570Z",
      "search_description": "",
      "thankyou_page_title": "Thank you!",
      "wagtail_admin_comments": [],
      "has_unpublished_changes": false,
      "latest_revision_created_at": "2025-01-17T11:46:10.560Z"
    },
    "approved_go_live_at": null
  }
},
{
  "model": "wagtailcore.revision",
  "pk": 14,
  "fields": {
    "content_type": [
      "home",
      "samplelistpage"
    ],
    "base_content_type": [
      "wagtailcore",
      "page"
    ],
    "object_id": "8",
    "created_at": "2025-01-17T11:47:35.954Z",
    "user": [
      "admin"
    ],
    "object_str": "Sample list",
    "content": {
      "pk": 8,
      "live": false,
      "path": "000100010005",
      "slug": "sample-list",
      "depth": 3,
      "intro": "<p data-block-key=\"kvdus\">Check your samples here</p>",
      "owner": 2,
      "title": "Sample list",
      "locale": 1,
      "locked": false,
      "expired": false,
      "alias_of": null,
      "numchild": 0,
      "url_path": "/easydmp-home/sample-list/",
      "expire_at": null,
      "locked_at": null,
      "locked_by": null,
      "seo_title": "",
      "go_live_at": null,
      "draft_title": "Sample list",
      "content_type": 34,
      "live_revision": null,
      "show_in_menus": true,
      "latest_revision": null,
      "translation_key": "0aede413-6bc3-42b0-81f6-db41597847be",
      "last_published_at": null,
      "first_published_at": null,
      "search_description": "",
      "wagtail_admin_comments": [],
      "has_unpublished_changes": false,
      "latest_revision_created_at": null
    },
    "approved_go_live_at": null
  }
},
{
  "model": "wagtailcore.revision",
  "pk": 15,
  "fields": {
    "content_type": [
      "home",
      "samplelistpage"
    ],
    "base_content_type": [
      "wagtailcore",
      "page"
    ],
    "object_id": "8",
    "created_at": "2025-01-17T11:47:41.924Z",
    "user": [
      "admin"
    ],
    "object_str": "Sample list",
    "content": {
      "pk": 8,
      "live": false,
      "path": "000100010005",
      "slug": "sample-list",
      "depth": 3,
      "intro": "<p data-block-key=\"kvdus\">Check your samples here</p>",
      "owner": 2,
      "title": "Sample list",
      "locale": 1,
      "locked": false,
      "expired": false,
      "alias_of": null,
      "numchild": 0,
      "url_path": "/easydmp-home/sample-list/",
      "expire_at": null,
      "locked_at": null,
      "locked_by": null,
      "seo_title": "",
      "go_live_at": null,
      "draft_title": "Sample list",
      "content_type": 34,
      "live_revision": null,
      "show_in_menus": true,
      "latest_revision": 14,
      "translation_key": "0aede413-6bc3-42b0-81f6-db41597847be",
      "last_published_at": null,
      "first_published_at": null,
      "search_description": "",
      "wagtail_admin_comments": [],
      "has_unpublished_changes": true,
      "latest_revision_created_at": "2025-01-17T11:47:35.954Z"
    },
    "approved_go_live_at": null
  }
},
{
  "model": "wagtailcore.revision",
  "pk": 16,
  "fields": {
    "content_type": [
      "home",
      "instrumentspage"
    ],
    "base_content_type": [
      "wagtailcore",
      "page"
    ],
    "object_id": "9",
    "created_at": "2025-01-20T14:00:15.003Z",
    "user": [
      "admin"
    ],
    "object_str": "Add Instrument",
    "content": {
      "pk": 9,
      "live": true,
      "path": "000100010006",
      "slug": "add-instrument",
      "depth": 3,
      "intro": "<p data-block-key=\"zbyd4\">Add a new instruments in your laboratory.</p>",
      "owner": 1,
      "title": "Add Instrument",
      "locale": 1,
      "locked": false,
      "expired": false,
      "alias_of": null,
      "numchild": 0,
      "url_path": "/easydmp-home/add-instrument/",
      "expire_at": null,
      "locked_at": null,
      "locked_by": null,
      "seo_title": "",
      "go_live_at": null,
      "draft_title": "Add Instrument",
      "content_type": 78,
      "live_revision": null,
      "show_in_menus": true,
      "latest_revision": null,
      "translation_key": "aea9d414-fb2e-42d6-8a2c-7e88b4151b76",
      "last_published_at": null,
      "first_published_at": null,
      "search_description": "",
      "thankyou_page_title": "Thank you!",
      "wagtail_admin_comments": [],
      "has_unpublished_changes": false,
      "latest_revision_created_at": null
    },
    "approved_go_live_at": null
  }
},
{
  "model": "wagtailcore.revision",
  "pk": 17,
  "fields": {
    "content_type": [
      "home",
      "instrumentspage"
    ],
    "base_content_type": [
      "wagtailcore",
      "page"
    ],
    "object_id": "9",
    "created_at": "2025-01-20T15:55:15.413Z",
    "user": [
      "admin"
    ],
    "object_str": "Add Instrument",
    "content": {
      "pk": 9,
      "live": true,
      "path": "000100010006",
      "slug": "add-instrument",
      "depth": 3,
      "intro": "<p data-block-key=\"zbyd4\">Add a new instruments in your laboratory.</p>",
      "owner": 1,
      "title": "Add Instrument",
      "locale": 1,
      "locked": false,
      "expired": false,
      "alias_of": null,
      "numchild": 0,
      "url_path": "/easydmp-home/add-instrument/",
      "expire_at": null,
      "locked_at": null,
      "locked_by": null,
      "seo_title": "",
      "go_live_at": null,
      "draft_title": "Add Instrument",
      "content_type": 78,
      "live_revision": 16,
      "show_in_menus": true,
      "latest_revision": 16,
      "translation_key": "aea9d414-fb2e-42d6-8a2c-7e88b4151b76",
      "last_published_at": "2025-01-20T14:00:15.016Z",
      "first_published_at": "2025-01-20T14:00:15.016Z",
      "search_description": "",
      "thankyou_page_title": "Thank you!",
      "wagtail_admin_comments": [],
      "has_unpublished_changes": false,
      "latest_revision_created_at": "2025-01-20T14:00:15.003Z"
    },
    "approved_go_live_at": null
  }
},
{
  "model": "wagtailcore.revision",
  "pk": 18,
  "fields": {
    "content_type": [
      "home",
      "editsamplepage"
    ],
    "base_content_type": [
      "wagtailcore",
      "page"
    ],
    "object_id": "10",
    "created_at": "2025-01-27T08:34:12.393Z",
    "user": [
      "admin"
    ],
    "object_str": "Edit sample entry",
    "content": {
      "pk": 10,
      "live": true,
      "path": "000100010007",
      "slug": "edit-sample-entry",
      "depth": 3,
      "intro": "<p data-block-key=\"kdjm4\">Please modify the fields</p>",
      "owner": 1,
      "title": "Edit sample entry",
      "locale": 1,
      "locked": false,
      "expired": false,
      "alias_of": null,
      "numchild": 0,
      "url_path": "/easydmp-home/edit-sample-entry/",
      "expire_at": null,
      "locked_at": null,
      "locked_by": null,
      "seo_title": "",
      "go_live_at": null,
      "draft_title": "Edit sample entry",
      "content_type": 79,
      "live_revision": null,
      "show_in_menus": false,
      "latest_revision": null,
      "translation_key": "b2cf8af5-14b2-4e41-a346-7485d7858773",
      "last_published_at": null,
      "first_published_at": null,
      "search_description": "",
      "wagtail_admin_comments": [],
      "has_unpublished_changes": false,
      "latest_revision_created_at": null
    },
    "approved_go_live_at": null
  }
},
{
  "model": "wagtailcore.revision",
  "pk": 19,
  "fields": {
    "content_type": [
      "home",
      "editsamplepage"
    ],
    "base_content_type": [
      "wagtailcore",
      "page"
    ],
    "object_id": "10",
    "created_at": "2025-01-27T08:34:32.659Z",
    "user": [
      "admin"
    ],
    "object_str": "Edit sample entry",
    "content": {
      "pk": 10,
      "live": true,
      "path": "000100010007",
      "slug": "edit-sample-entry",
      "depth": 3,
      "intro": "<p data-block-key=\"kdjm4\">Please modify the fields</p>",
      "owner": 1,
      "title": "Edit sample entry",
      "locale": 1,
      "locked": false,
      "expired": false,
      "alias_of": null,
      "numchild": 0,
      "url_path": "/easydmp-home/edit-sample-entry/",
      "expire_at": null,
      "locked_at": null,
      "locked_by": null,
      "seo_title": "",
      "go_live_at": null,
      "draft_title": "Edit sample entry",
      "content_type": 79,
      "live_revision": 18,
      "show_in_menus": false,
      "latest_revision": 18,
      "translation_key": "b2cf8af5-14b2-4e41-a346-7485d7858773",
      "last_published_at": "2025-01-27T08:34:12.404Z",
      "first_published_at": "2025-01-27T08:34:12.404Z",
      "search_description": "",
      "wagtail_admin_comments": [],
      "has_unpublished_changes": false,
      "latest_revision_created_at": "2025-01-27T08:34:12.393Z"
    },
    "approved_go_live_at": null
  }
},
{
  "model": "wagtailcore.revision",
  "pk": 20,
  "fields": {
    "content_type": [
      "home",
      "pipelinespage"
    ],
    "base_content_type": [
      "wagtailcore",
      "page"
    ],
    "object_id": "11",
    "created_at": "2025-01-28T13:04:27.352Z",
    "user": [
      "admin"
    ],
    "object_str": "Pipelines",
    "content": {
      "pk": 11,
      "live": false,
      "path": "000100010008",
      "slug": "pipelines",
      "depth": 3,
      "intro": "<p data-block-key=\"vew5g\">Here you can start pipelines from your data.</p>",
      "owner": 1,
      "title": "Pipelines",
      "locale": 1,
      "locked": false,
      "expired": false,
      "alias_of": null,
      "numchild": 0,
      "url_path": "/easydmp-home/pipelines/",
      "expire_at": null,
      "locked_at": null,
      "locked_by": null,
      "seo_title": "",
      "go_live_at": null,
      "draft_title": "Pipelines",
      "content_type": 80,
      "live_revision": null,
      "show_in_menus": false,
      "latest_revision": null,
      "translation_key": "ab7f8d49-5c07-4f30-bea4-36fc5a14c331",
      "last_published_at": null,
      "first_published_at": null,
      "search_description": "",
      "wagtail_admin_comments": [],
      "has_unpublished_changes": false,
      "latest_revision_created_at": null
    },
    "approved_go_live_at": null
  }
},
{
  "model": "wagtailcore.revision",
  "pk": 21,
  "fields": {
    "content_type": [
      "home",
      "pipelinespage"
    ],
    "base_content_type": [
      "wagtailcore",
      "page"
    ],
    "object_id": "11",
    "created_at": "2025-01-28T13:04:34.415Z",
    "user": [
      "admin"
    ],
    "object_str": "Pipelines",
    "content": {
      "pk": 11,
      "live": false,
      "path": "000100010008",
      "slug": "pipelines",
      "depth": 3,
      "intro": "<p data-block-key=\"vew5g\">Here you can start pipelines from your data.</p>",
      "owner": 1,
      "title": "Pipelines",
      "locale": 1,
      "locked": false,
      "expired": false,
      "alias_of": null,
      "numchild": 0,
      "url_path": "/easydmp-home/pipelines/",
      "expire_at": null,
      "locked_at": null,
      "locked_by": null,
      "seo_title": "",
      "go_live_at": null,
      "draft_title": "Pipelines",
      "content_type": 80,
      "live_revision": null,
      "show_in_menus": false,
      "latest_revision": 20,
      "translation_key": "ab7f8d49-5c07-4f30-bea4-36fc5a14c331",
      "last_published_at": null,
      "first_published_at": null,
      "search_description": "",
      "wagtail_admin_comments": [],
      "has_unpublished_changes": true,
      "latest_revision_created_at": "2025-01-28T13:04:27.352Z"
    },
    "approved_go_live_at": null
  }
},
{
  "model": "wagtailcore.revision",
  "pk": 22,
  "fields": {
    "content_type": [
      "home",
      "resultspage"
    ],
    "base_content_type": [
      "wagtailcore",
      "page"
    ],
    "object_id": "12",
    "created_at": "2025-01-29T07:54:05.602Z",
    "user": [
      "admin"
    ],
    "object_str": "Add result",
    "content": {
      "pk": 12,
      "live": false,
      "path": "000100010009",
      "slug": "add-result",
      "depth": 3,
      "intro": "",
      "owner": 1,
      "title": "Add result",
      "locale": 1,
      "locked": false,
      "expired": false,
      "alias_of": null,
      "numchild": 0,
      "url_path": "/easydmp-home/add-result/",
      "expire_at": null,
      "locked_at": null,
      "locked_by": null,
      "seo_title": "",
      "go_live_at": null,
      "draft_title": "Add result",
      "content_type": 84,
      "live_revision": null,
      "show_in_menus": false,
      "latest_revision": null,
      "translation_key": "eae9dc82-b03b-45a2-9de6-1be726513b87",
      "last_published_at": null,
      "first_published_at": null,
      "search_description": "",
      "thankyou_page_title": "Thank you!",
      "wagtail_admin_comments": [],
      "has_unpublished_changes": false,
      "latest_revision_created_at": null
    },
    "approved_go_live_at": null
  }
},
{
  "model": "wagtailcore.revision",
  "pk": 23,
  "fields": {
    "content_type": [
      "home",
      "resultspage"
    ],
    "base_content_type": [
      "wagtailcore",
      "page"
    ],
    "object_id": "12",
    "created_at": "2025-01-29T07:54:19.304Z",
    "user": [
      "admin"
    ],
    "object_str": "Add result",
    "content": {
      "pk": 12,
      "live": false,
      "path": "000100010009",
      "slug": "add-result",
      "depth": 3,
      "intro": "",
      "owner": 1,
      "title": "Add result",
      "locale": 1,
      "locked": false,
      "expired": false,
      "alias_of": null,
      "numchild": 0,
      "url_path": "/easydmp-home/add-result/",
      "expire_at": null,
      "locked_at": null,
      "locked_by": null,
      "seo_title": "",
      "go_live_at": null,
      "draft_title": "Add result",
      "content_type": 84,
      "live_revision": null,
      "show_in_menus": true,
      "latest_revision": 22,
      "translation_key": "eae9dc82-b03b-45a2-9de6-1be726513b87",
      "last_published_at": null,
      "first_published_at": null,
      "search_description": "",
      "thankyou_page_title": "Thank you!",
      "wagtail_admin_comments": [],
      "has_unpublished_changes": true,
      "latest_revision_created_at": "2025-01-29T07:54:05.602Z"
    },
    "approved_go_live_at": null
  }
},
{
  "model": "wagtailcore.revision",
  "pk": 24,
  "fields": {
    "content_type": [
      "home",
      "resultslistpage"
    ],
    "base_content_type": [
      "wagtailcore",
      "page"
    ],
    "object_id": "13",
    "created_at": "2025-02-03T14:44:37.810Z",
    "user": [
      "admin"
    ],
    "object_str": "Result List",
    "content": {
      "pk": 13,
      "live": false,
      "path": "00010001000A",
      "slug": "result-list",
      "depth": 3,
      "intro": "",
      "owner": 1,
      "title": "Result List",
      "locale": 1,
      "locked": false,
      "expired": false,
      "alias_of": null,
      "numchild": 0,
      "url_path": "/easydmp-home/result-list/",
      "expire_at": null,
      "locked_at": null,
      "locked_by": null,
      "seo_title": "",
      "go_live_at": null,
      "draft_title": "Result List",
      "content_type": 86,
      "live_revision": null,
      "show_in_menus": false,
      "latest_revision": null,
      "translation_key": "67bcf1d3-6e7f-4d60-ad38-00dab6ea0a9f",
      "last_published_at": null,
      "first_published_at": null,
      "search_description": "",
      "wagtail_admin_comments": [],
      "has_unpublished_changes": false,
      "latest_revision_created_at": null
    },
    "approved_go_live_at": null
  }
},
{
  "model": "wagtailcore.revision",
  "pk": 25,
  "fields": {
    "content_type": [
      "home",
      "resultslistpage"
    ],
    "base_content_type": [
      "wagtailcore",
      "page"
    ],
    "object_id": "13",
    "created_at": "2025-02-03T14:44:47.742Z",
    "user": [
      "admin"
    ],
    "object_str": "Result List",
    "content": {
      "pk": 13,
      "live": false,
      "path": "00010001000A",
      "slug": "result-list",
      "depth": 3,
      "intro": "",
      "owner": 1,
      "title": "Result List",
      "locale": 1,
      "locked": false,
      "expired": false,
      "alias_of": null,
      "numchild": 0,
      "url_path": "/easydmp-home/result-list/",
      "expire_at": null,
      "locked_at": null,
      "locked_by": null,
      "seo_title": "",
      "go_live_at": null,
      "draft_title": "Result List",
      "content_type": 86,
      "live_revision": null,
      "show_in_menus": true,
      "latest_revision": 24,
      "translation_key": "67bcf1d3-6e7f-4d60-ad38-00dab6ea0a9f",
      "last_published_at": null,
      "first_published_at": null,
      "search_description": "",
      "wagtail_admin_comments": [],
      "has_unpublished_changes": true,
      "latest_revision_created_at": "2025-02-03T14:44:37.810Z"
    },
    "approved_go_live_at": null
  }
},
{
  "model": "wagtailcore.revision",
  "pk": 26,
  "fields": {
    "content_type": [
      "home",
      "experimentdmppage"
    ],
    "base_content_type": [
      "wagtailcore",
      "page"
    ],
    "object_id": "14",
    "created_at": "2025-02-03T15:23:58.658Z",
    "user": [
      "admin"
    ],
    "object_str": "Experiment DMP",
    "content": {
      "pk": 14,
      "live": false,
      "path": "00010001000B",
      "slug": "experiment-dmp",
      "depth": 3,
      "intro": "",
      "owner": 1,
      "title": "Experiment DMP",
      "locale": 1,
      "locked": false,
      "expired": false,
      "alias_of": null,
      "numchild": 0,
      "url_path": "/easydmp-home/experiment-dmp/",
      "expire_at": null,
      "locked_at": null,
      "locked_by": null,
      "seo_title": "",
      "go_live_at": null,
      "draft_title": "Experiment DMP",
      "content_type": 87,
      "live_revision": null,
      "show_in_menus": false,
      "latest_revision": null,
      "translation_key": "25244e38-fbc0-42a2-96b2-d7f7a4ce7cec",
      "last_published_at": null,
      "first_published_at": null,
      "search_description": "",
      "wagtail_admin_comments": [],
      "has_unpublished_changes": false,
      "latest_revision_created_at": null
    },
    "approved_go_live_at": null
  }
},
{
  "model": "wagtailcore.revision",
  "pk": 27,
  "fields": {
    "content_type": [
      "home",
      "experimentdmppage"
    ],
    "base_content_type": [
      "wagtailcore",
      "page"
    ],
    "object_id": "14",
    "created_at": "2025-02-03T15:24:04.400Z",
    "user": [
      "admin"
    ],
    "object_str": "Experiment DMP",
    "content": {
      "pk": 14,
      "live": false,
      "path": "00010001000B",
      "slug": "experiment-dmp",
      "depth": 3,
      "intro": "",
      "owner": 1,
      "title": "Experiment DMP",
      "locale": 1,
      "locked": false,
      "expired": false,
      "alias_of": null,
      "numchild": 0,
      "url_path": "/easydmp-home/experiment-dmp/",
      "expire_at": null,
      "locked_at": null,
      "locked_by": null,
      "seo_title": "",
      "go_live_at": null,
      "draft_title": "Experiment DMP",
      "content_type": 87,
      "live_revision": null,
      "show_in_menus": false,
      "latest_revision": 26,
      "translation_key": "25244e38-fbc0-42a2-96b2-d7f7a4ce7cec",
      "last_published_at": null,
      "first_published_at": null,
      "search_description": "",
      "wagtail_admin_comments": [],
      "has_unpublished_changes": true,
      "latest_revision_created_at": "2025-02-03T15:23:58.658Z"
    },
    "approved_go_live_at": null
  }
},
{
  "model": "wagtailcore.revision",
  "pk": 28,
  "fields": {
    "content_type": [
      "home",
      "experimentdmppage"
    ],
    "base_content_type": [
      "wagtailcore",
      "page"
    ],
    "object_id": "14",
    "created_at": "2025-02-03T15:25:07.728Z",
    "user": [
      "admin"
    ],
    "object_str": "Experiment DMP",
    "content": {
      "pk": 14,
      "live": true,
      "path": "00010001000B",
      "slug": "dmp",
      "depth": 3,
      "intro": "",
      "owner": 1,
      "title": "Experiment DMP",
      "locale": 1,
      "locked": false,
      "expired": false,
      "alias_of": null,
      "numchild": 0,
      "url_path": "/easydmp-home/experiment-dmp/",
      "expire_at": null,
      "locked_at": null,
      "locked_by": null,
      "seo_title": "",
      "go_live_at": null,
      "draft_title": "Experiment DMP",
      "content_type": 87,
      "live_revision": 27,
      "show_in_menus": false,
      "latest_revision": 27,
      "translation_key": "25244e38-fbc0-42a2-96b2-d7f7a4ce7cec",
      "last_published_at": "2025-02-03T15:24:04.409Z",
      "first_published_at": "2025-02-03T15:24:04.409Z",
      "search_description": "",
      "wagtail_admin_comments": [],
      "has_unpublished_changes": false,
      "latest_revision_created_at": "2025-02-03T15:24:04.400Z"
    },
    "approved_go_live_at": null
  }
},
{
  "model": "wagtailcore.revision",
  "pk": 29,
  "fields": {
    "content_type": [
      "home",
      "experimentdmppage"
    ],
    "base_content_type": [
      "wagtailcore",
      "page"
    ],
    "object_id": "14",
    "created_at": "2025-02-03T15:25:29.983Z",
    "user": [
      "admin"
    ],
    "object_str": "Experiment DMP",
    "content": {
      "pk": 14,
      "live": true,
      "path": "00010001000B",
      "slug": "dmp",
      "depth": 3,
      "intro": "",
      "owner": 1,
      "title": "Experiment DMP",
      "locale": 1,
      "locked": false,
      "expired": false,
      "alias_of": null,
      "numchild": 0,
      "url_path": "/easydmp-home/dmp/",
      "expire_at": null,
      "locked_at": null,
      "locked_by": null,
      "seo_title": "",
      "go_live_at": null,
      "draft_title": "Experiment DMP",
      "content_type": 87,
      "live_revision": 28,
      "show_in_menus": false,
      "latest_revision": 28,
      "translation_key": "25244e38-fbc0-42a2-96b2-d7f7a4ce7cec",
      "last_published_at": "2025-02-03T15:25:07.745Z",
      "first_published_at": "2025-02-03T15:24:04.409Z",
      "search_description": "",
      "wagtail_admin_comments": [],
      "has_unpublished_changes": false,
      "latest_revision_created_at": "2025-02-03T15:25:07.728Z"
    },
    "approved_go_live_at": null
  }
},
{
  "model": "wagtailcore.page",
  "pk": 1,
  "fields": {
    "path": "0001",
    "depth": 1,
    "numchild": 1,
    "translation_key": "e3198d26-cfea-43b6-99ac-49a42389fcc7",
    "locale": 1,
    "latest_revision": null,
    "live": true,
    "has_unpublished_changes": false,
    "first_published_at": null,
    "last_published_at": null,
    "live_revision": null,
    "go_live_at": null,
    "expire_at": null,
    "expired": false,
    "locked": false,
    "locked_at": null,
    "locked_by": null,
    "title": "Root",
    "draft_title": "Root",
    "slug": "root",
    "content_type": [
      "wagtailcore",
      "page"
    ],
    "url_path": "/",
    "owner": null,
    "seo_title": "",
    "show_in_menus": false,
    "search_description": "",
    "latest_revision_created_at": null,
    "alias_of": null
  }
},
{
  "model": "wagtailcore.page",
  "pk": 3,
  "fields": {
    "path": "00010001",
    "depth": 2,
    "numchild": 10,
    "translation_key": "7b91540b-305b-442b-96b2-b92e2c3f48a9",
    "locale": 1,
    "latest_revision": 3,
    "live": true,
    "has_unpublished_changes": false,
    "first_published_at": "2025-01-17T11:38:27.296Z",
    "last_published_at": "2025-01-17T11:38:45.965Z",
    "live_revision": 3,
    "go_live_at": null,
    "expire_at": null,
    "expired": false,
    "locked": false,
    "locked_at": null,
    "locked_by": null,
    "title": "easydmp home",
    "draft_title": "easydmp home",
    "slug": "easydmp-home",
    "content_type": [
      "home",
      "homepage"
    ],
    "url_path": "/easydmp-home/",
    "owner": [
      "admin"
    ],
    "seo_title": "",
    "show_in_menus": false,
    "search_description": "",
    "latest_revision_created_at": "2025-01-17T11:38:45.946Z",
    "alias_of": null
  }
},
{
  "model": "wagtailcore.page",
  "pk": 4,
  "fields": {
    "path": "000100010001",
    "depth": 3,
    "numchild": 0,
    "translation_key": "bdf19d1e-c800-44c7-8174-3dbcf8f36678",
    "locale": 1,
    "latest_revision": 9,
    "live": true,
    "has_unpublished_changes": false,
    "first_published_at": "2025-01-17T11:39:48.791Z",
    "last_published_at": "2025-01-17T11:43:09.701Z",
    "live_revision": 9,
    "go_live_at": null,
    "expire_at": null,
    "expired": false,
    "locked": false,
    "locked_at": null,
    "locked_by": null,
    "title": "Select Laboratory",
    "draft_title": "Select Laboratory",
    "slug": "switch-laboratory",
    "content_type": [
      "home",
      "switchlabpage"
    ],
    "url_path": "/easydmp-home/switch-laboratory/",
    "owner": [
      "admin"
    ],
    "seo_title": "",
    "show_in_menus": false,
    "search_description": "",
    "latest_revision_created_at": "2025-01-17T11:43:09.685Z",
    "alias_of": null
  }
},
{
  "model": "wagtailcore.page",
  "pk": 5,
  "fields": {
    "path": "000100010002",
    "depth": 3,
    "numchild": 0,
    "translation_key": "2a01456b-5467-421c-927e-66724e6b6887",
    "locale": 1,
    "latest_revision": 8,
    "live": true,
    "has_unpublished_changes": false,
    "first_published_at": "2025-01-17T11:40:47.092Z",
    "last_published_at": "2025-01-17T11:42:49.990Z",
    "live_revision": 8,
    "go_live_at": null,
    "expire_at": null,
    "expired": false,
    "locked": false,
    "locked_at": null,
    "locked_by": null,
    "title": "User Information",
    "draft_title": "User Information",
    "slug": "user-data",
    "content_type": [
      "home",
      "userdatapage"
    ],
    "url_path": "/easydmp-home/user-data/",
    "owner": [
      "admin"
    ],
    "seo_title": "",
    "show_in_menus": false,
    "search_description": "",
    "latest_revision_created_at": "2025-01-17T11:42:49.968Z",
    "alias_of": null
  }
},
{
  "model": "wagtailcore.page",
  "pk": 6,
  "fields": {
    "path": "000100010003",
    "depth": 3,
    "numchild": 0,
    "translation_key": "78e13932-7f41-476a-ae1b-3d3c3416063a",
    "locale": 1,
    "latest_revision": 12,
    "live": true,
    "has_unpublished_changes": false,
    "first_published_at": "2025-01-17T11:45:10.269Z",
    "last_published_at": "2025-01-17T11:46:18.274Z",
    "live_revision": 12,
    "go_live_at": null,
    "expire_at": null,
    "expired": false,
    "locked": false,
    "locked_at": null,
    "locked_by": null,
    "title": "Core Data Management Plan",
    "draft_title": "Core Data Management Plan",
    "slug": "core-data-management-plan",
    "content_type": [
      "home",
      "dmppage"
    ],
    "url_path": "/easydmp-home/core-data-management-plan/",
    "owner": [
      "admin"
    ],
    "seo_title": "",
    "show_in_menus": true,
    "search_description": "",
    "latest_revision_created_at": "2025-01-17T11:46:18.253Z",
    "alias_of": null
  }
},
{
  "model": "wagtailcore.page",
  "pk": 7,
  "fields": {
    "path": "000100010004",
    "depth": 3,
    "numchild": 0,
    "translation_key": "823ee5f5-d259-4a22-9313-47764a46aa2e",
    "locale": 1,
    "latest_revision": 13,
    "live": true,
    "has_unpublished_changes": false,
    "first_published_at": "2025-01-17T11:46:10.570Z",
    "last_published_at": "2025-01-17T11:46:25.471Z",
    "live_revision": 13,
    "go_live_at": null,
    "expire_at": null,
    "expired": false,
    "locked": false,
    "locked_at": null,
    "locked_by": null,
    "title": "Add sample",
    "draft_title": "Add sample",
    "slug": "add-sample",
    "content_type": [
      "home",
      "samplepage"
    ],
    "url_path": "/easydmp-home/add-sample/",
    "owner": [
      "admin"
    ],
    "seo_title": "",
    "show_in_menus": true,
    "search_description": "",
    "latest_revision_created_at": "2025-01-17T11:46:25.453Z",
    "alias_of": null
  }
},
{
  "model": "wagtailcore.page",
  "pk": 8,
  "fields": {
    "path": "000100010005",
    "depth": 3,
    "numchild": 0,
    "translation_key": "0aede413-6bc3-42b0-81f6-db41597847be",
    "locale": 1,
    "latest_revision": 15,
    "live": true,
    "has_unpublished_changes": false,
    "first_published_at": "2025-01-17T11:47:41.933Z",
    "last_published_at": "2025-01-17T11:47:41.933Z",
    "live_revision": 15,
    "go_live_at": null,
    "expire_at": null,
    "expired": false,
    "locked": false,
    "locked_at": null,
    "locked_by": null,
    "title": "Sample list",
    "draft_title": "Sample list",
    "slug": "sample-list",
    "content_type": [
      "home",
      "samplelistpage"
    ],
    "url_path": "/easydmp-home/sample-list/",
    "owner": [
      "admin"
    ],
    "seo_title": "",
    "show_in_menus": true,
    "search_description": "",
    "latest_revision_created_at": "2025-01-17T11:47:41.924Z",
    "alias_of": null
  }
},
{
  "model": "wagtailcore.page",
  "pk": 9,
  "fields": {
    "path": "000100010006",
    "depth": 3,
    "numchild": 0,
    "translation_key": "aea9d414-fb2e-42d6-8a2c-7e88b4151b76",
    "locale": 1,
    "latest_revision": 17,
    "live": true,
    "has_unpublished_changes": false,
    "first_published_at": "2025-01-20T14:00:15.016Z",
    "last_published_at": "2025-01-20T15:55:15.478Z",
    "live_revision": 17,
    "go_live_at": null,
    "expire_at": null,
    "expired": false,
    "locked": false,
    "locked_at": null,
    "locked_by": null,
    "title": "Add Instrument",
    "draft_title": "Add Instrument",
    "slug": "add-instrument",
    "content_type": [
      "home",
      "instrumentspage"
    ],
    "url_path": "/easydmp-home/add-instrument/",
    "owner": [
      "admin"
    ],
    "seo_title": "",
    "show_in_menus": true,
    "search_description": "",
    "latest_revision_created_at": "2025-01-20T15:55:15.413Z",
    "alias_of": null
  }
},
{
  "model": "wagtailcore.page",
  "pk": 10,
  "fields": {
    "path": "000100010007",
    "depth": 3,
    "numchild": 0,
    "translation_key": "b2cf8af5-14b2-4e41-a346-7485d7858773",
    "locale": 1,
    "latest_revision": 19,
    "live": true,
    "has_unpublished_changes": false,
    "first_published_at": "2025-01-27T08:34:12.404Z",
    "last_published_at": "2025-01-27T08:34:32.691Z",
    "live_revision": 19,
    "go_live_at": null,
    "expire_at": null,
    "expired": false,
    "locked": false,
    "locked_at": null,
    "locked_by": null,
    "title": "Edit sample entry",
    "draft_title": "Edit sample entry",
    "slug": "edit-sample-entry",
    "content_type": [
      "home",
      "editsamplepage"
    ],
    "url_path": "/easydmp-home/edit-sample-entry/",
    "owner": [
      "admin"
    ],
    "seo_title": "",
    "show_in_menus": false,
    "search_description": "",
    "latest_revision_created_at": "2025-01-27T08:34:32.659Z",
    "alias_of": null
  }
},
{
  "model": "wagtailcore.page",
  "pk": 11,
  "fields": {
    "path": "000100010008",
    "depth": 3,
    "numchild": 0,
    "translation_key": "ab7f8d49-5c07-4f30-bea4-36fc5a14c331",
    "locale": 1,
    "latest_revision": 21,
    "live": true,
    "has_unpublished_changes": false,
    "first_published_at": "2025-01-28T13:04:34.423Z",
    "last_published_at": "2025-01-28T13:04:34.423Z",
    "live_revision": 21,
    "go_live_at": null,
    "expire_at": null,
    "expired": false,
    "locked": false,
    "locked_at": null,
    "locked_by": null,
    "title": "Pipelines",
    "draft_title": "Pipelines",
    "slug": "pipelines",
    "content_type": [
      "home",
      "pipelinespage"
    ],
    "url_path": "/easydmp-home/pipelines/",
    "owner": [
      "admin"
    ],
    "seo_title": "",
    "show_in_menus": false,
    "search_description": "",
    "latest_revision_created_at": "2025-01-28T13:04:34.415Z",
    "alias_of": null
  }
},
{
  "model": "wagtailcore.page",
  "pk": 12,
  "fields": {
    "path": "000100010009",
    "depth": 3,
    "numchild": 0,
    "translation_key": "eae9dc82-b03b-45a2-9de6-1be726513b87",
    "locale": 1,
    "latest_revision": 23,
    "live": true,
    "has_unpublished_changes": false,
    "first_published_at": "2025-01-29T07:54:19.314Z",
    "last_published_at": "2025-01-29T07:54:19.314Z",
    "live_revision": 23,
    "go_live_at": null,
    "expire_at": null,
    "expired": false,
    "locked": false,
    "locked_at": null,
    "locked_by": null,
    "title": "Add result",
    "draft_title": "Add result",
    "slug": "add-result",
    "content_type": [
      "home",
      "resultspage"
    ],
    "url_path": "/easydmp-home/add-result/",
    "owner": [
      "admin"
    ],
    "seo_title": "",
    "show_in_menus": true,
    "search_description": "",
    "latest_revision_created_at": "2025-01-29T07:54:19.304Z",
    "alias_of": null
  }
},
{
  "model": "wagtailcore.page",
  "pk": 13,
  "fields": {
    "path": "00010001000A",
    "depth": 3,
    "numchild": 1,
    "translation_key": "67bcf1d3-6e7f-4d60-ad38-00dab6ea0a9f",
    "locale": 1,
    "latest_revision": 25,
    "live": true,
    "has_unpublished_changes": false,
    "first_published_at": "2025-02-03T14:44:47.750Z",
    "last_published_at": "2025-02-03T14:44:47.750Z",
    "live_revision": 25,
    "go_live_at": null,
    "expire_at": null,
    "expired": false,
    "locked": false,
    "locked_at": null,
    "locked_by": null,
    "title": "Result List",
    "draft_title": "Result List",
    "slug": "result-list",
    "content_type": [
      "home",
      "resultslistpage"
    ],
    "url_path": "/easydmp-home/result-list/",
    "owner": [
      "admin"
    ],
    "seo_title": "",
    "show_in_menus": true,
    "search_description": "",
    "latest_revision_created_at": "2025-02-03T14:44:47.742Z",
    "alias_of": null
  }
},
{
  "model": "wagtailcore.page",
  "pk": 14,
  "fields": {
    "path": "00010001000A0001",
    "depth": 4,
    "numchild": 0,
    "translation_key": "25244e38-fbc0-42a2-96b2-d7f7a4ce7cec",
    "locale": 1,
    "latest_revision": 29,
    "live": true,
    "has_unpublished_changes": false,
    "first_published_at": "2025-02-03T15:24:04.409Z",
    "last_published_at": "2025-02-03T15:25:30.002Z",
    "live_revision": 29,
    "go_live_at": null,
    "expire_at": null,
    "expired": false,
    "locked": false,
    "locked_at": null,
    "locked_by": null,
    "title": "Experiment DMP",
    "draft_title": "Experiment DMP",
    "slug": "dmp",
    "content_type": [
      "home",
      "experimentdmppage"
    ],
    "url_path": "/easydmp-home/result-list/dmp/",
    "owner": [
      "admin"
    ],
    "seo_title": "",
    "show_in_menus": false,
    "search_description": "",
    "latest_revision_created_at": "2025-02-03T15:25:29.983Z",
    "alias_of": null
  }
},
{
  "model": "wagtailcore.groupcollectionpermission",
  "fields": {
    "group": [
      "Moderators"
    ],
    "collection": 1,
    "permission": [
      "add_image",
      "wagtailimages",
      "image"
    ]
  }
},
{
  "model": "wagtailcore.groupcollectionpermission",
  "fields": {
    "group": [
      "Editors"
    ],
    "collection": 1,
    "permission": [
      "add_image",
      "wagtailimages",
      "image"
    ]
  }
},
{
  "model": "wagtailcore.groupcollectionpermission",
  "fields": {
    "group": [
      "Moderators"
    ],
    "collection": 1,
    "permission": [
      "change_image",
      "wagtailimages",
      "image"
    ]
  }
},
{
  "model": "wagtailcore.groupcollectionpermission",
  "fields": {
    "group": [
      "Editors"
    ],
    "collection": 1,
    "permission": [
      "change_image",
      "wagtailimages",
      "image"
    ]
  }
},
{
  "model": "wagtailcore.groupcollectionpermission",
  "fields": {
    "group": [
      "Moderators"
    ],
    "collection": 1,
    "permission": [
      "add_document",
      "wagtaildocs",
      "document"
    ]
  }
},
{
  "model": "wagtailcore.groupcollectionpermission",
  "fields": {
    "group": [
      "Editors"
    ],
    "collection": 1,
    "permission": [
      "add_document",
      "wagtaildocs",
      "document"
    ]
  }
},
{
  "model": "wagtailcore.groupcollectionpermission",
  "fields": {
    "group": [
      "Moderators"
    ],
    "collection": 1,
    "permission": [
      "change_document",
      "wagtaildocs",
      "document"
    ]
  }
},
{
  "model": "wagtailcore.groupcollectionpermission",
  "fields": {
    "group": [
      "Editors"
    ],
    "collection": 1,
    "permission": [
      "change_document",
      "wagtaildocs",
      "document"
    ]
  }
},
{
  "model": "wagtailcore.groupcollectionpermission",
  "fields": {
    "group": [
      "Moderators"
    ],
    "collection": 1,
    "permission": [
      "choose_document",
      "wagtaildocs",
      "document"
    ]
  }
},
{
  "model": "wagtailcore.groupcollectionpermission",
  "fields": {
    "group": [
      "Editors"
    ],
    "collection": 1,
    "permission": [
      "choose_document",
      "wagtaildocs",
      "document"
    ]
  }
},
{
  "model": "wagtailcore.modellogentry",
  "pk": 1,
  "fields": {
    "content_type": [
      "wagtailcore",
      "site"
    ],
    "label": "easydmp [default]",
    "action": "wagtail.create",
    "data": {},
    "timestamp": "2025-01-17T11:41:24.045Z",
    "uuid": "2c24b74a-2afb-42b2-be44-eca7f46d46b6",
    "user": [
      "admin"
    ],
    "revision": null,
    "content_changed": true,
    "deleted": false,
    "object_id": "3"
  }
},
{
  "model": "wagtailcore.modellogentry",
  "pk": 2,
  "fields": {
    "content_type": [
      "auth",
      "user"
    ],
    "label": "admin",
    "action": "wagtail.edit",
    "data": {},
    "timestamp": "2025-01-17T11:43:45.876Z",
    "uuid": "6f970cf3-e257-441b-b510-d5308a6aa60b",
    "user": [
      "admin"
    ],
    "revision": null,
    "content_changed": true,
    "deleted": false,
    "object_id": "2"
  }
},
{
  "model": "wagtailcore.modellogentry",
  "pk": 3,
  "fields": {
    "content_type": [
      "auth",
      "group"
    ],
    "label": "LAGE",
    "action": "wagtail.delete",
    "data": {},
    "timestamp": "2025-01-20T15:22:34.991Z",
    "uuid": "40cae06c-d8ab-4c26-9159-69286c94cc95",
    "user": [
      "admin"
    ],
    "revision": null,
    "content_changed": false,
    "deleted": false,
    "object_id": "3"
  }
},
{
  "model": "wagtailcore.modellogentry",
  "pk": 4,
  "fields": {
    "content_type": [
      "auth",
      "group"
    ],
    "label": "LAME",
    "action": "wagtail.delete",
    "data": {},
    "timestamp": "2025-01-20T15:22:40.483Z",
    "uuid": "4349368e-33b0-44d2-89b6-56ac8ba85c5d",
    "user": [
      "admin"
    ],
    "revision": null,
    "content_changed": false,
    "deleted": false,
    "object_id": "4"
  }
},
{
  "model": "wagtailcore.modellogentry",
  "pk": 5,
  "fields": {
    "content_type": [
      "auth",
      "user"
    ],
    "label": "admin",
    "action": "wagtail.edit",
    "data": {},
    "timestamp": "2025-01-21T09:43:58.180Z",
    "uuid": "8e7dff10-4781-4209-aa48-a3d9c4f5723c",
    "user": [
      "admin"
    ],
    "revision": null,
    "content_changed": true,
    "deleted": false,
    "object_id": "1"
  }
},
{
  "model": "wagtailcore.modellogentry",
  "pk": 6,
  "fields": {
    "content_type": [
      "home",
      "apisettings"
    ],
    "label": "api settings",
    "action": "wagtail.edit",
    "data": {},
    "timestamp": "2025-01-28T09:43:04.776Z",
    "uuid": "2cf0b5be-5456-42e3-9e0b-37eb9be1b17e",
    "user": [
      "admin"
    ],
    "revision": null,
    "content_changed": true,
    "deleted": false,
    "object_id": "1"
  }
},
{
  "model": "wagtailcore.modellogentry",
  "pk": 7,
  "fields": {
    "content_type": [
      "home",
      "headersettings"
    ],
    "label": "header settings",
    "action": "wagtail.edit",
    "data": {},
    "timestamp": "2025-02-03T09:38:02.217Z",
    "uuid": "c048201f-365d-4048-a978-2b79cb61ca57",
    "user": [
      "admin"
    ],
    "revision": null,
    "content_changed": true,
    "deleted": false,
    "object_id": "1"
  }
},
{
  "model": "wagtailcore.modellogentry",
  "pk": 8,
  "fields": {
    "content_type": [
      "auth",
      "user"
    ],
    "label": "admin",
    "action": "wagtail.edit",
    "data": {},
    "timestamp": "2025-02-04T09:58:48.356Z",
    "uuid": "f1864683-7fa2-45cd-b5e9-28a9cd3bee58",
    "user": [
      "admin"
    ],
    "revision": null,
    "content_changed": true,
    "deleted": false,
    "object_id": "1"
  }
},
{
  "model": "wagtailcore.modellogentry",
  "pk": 9,
  "fields": {
    "content_type": [
      "auth",
      "user"
    ],
    "label": "admin",
    "action": "wagtail.edit",
    "data": {},
    "timestamp": "2025-02-05T08:40:03.375Z",
    "uuid": "408cc7b2-c43b-4696-adf4-b7d1492d0f0d",
    "user": [
      "admin"
    ],
    "revision": null,
    "content_changed": true,
    "deleted": false,
    "object_id": "1"
  }
},
{
  "model": "wagtailimages.image",
  "pk": 1,
  "fields": {
    "collection": 1,
    "title": "logo_prp_pathogen_ri",
    "file": "original_images/logo_prp_pathogen_ri_tzETPJY.png",
    "description": "",
    "width": 201,
    "height": 70,
    "created_at": "2025-02-03T09:37:49.172Z",
    "uploaded_by_user": [
      "admin"
    ],
    "focal_point_x": null,
    "focal_point_y": null,
    "focal_point_width": null,
    "focal_point_height": null,
    "file_size": 7905,
    "file_hash": "fcd6b3e3c4dbb0e1cf29c1dda30040975c16b4cb"
  }
},
{
  "model": "wagtailredirects.redirect",
  "pk": 1,
  "fields": {
    "old_path": "/user-information",
    "site": [
      "easydmp.localhost",
      8080
    ],
    "is_permanent": true,
    "redirect_page": 5,
    "redirect_page_route_path": "",
    "redirect_link": "",
    "automatically_created": true,
    "created_at": "2025-01-17T11:42:50.006Z"
  }
},
{
  "model": "wagtailredirects.redirect",
  "pk": 2,
  "fields": {
    "old_path": "/select-laboratory",
    "site": [
      "easydmp.localhost",
      8080
    ],
    "is_permanent": true,
    "redirect_page": 4,
    "redirect_page_route_path": "",
    "redirect_link": "",
    "automatically_created": true,
    "created_at": "2025-01-17T11:43:09.716Z"
  }
},
{
  "model": "wagtailredirects.redirect",
  "pk": 3,
  "fields": {
    "old_path": "/experiment-dmp",
    "site": [
      "easydmp.localhost",
      8080
    ],
    "is_permanent": true,
    "redirect_page": 14,
    "redirect_page_route_path": "",
    "redirect_link": "",
    "automatically_created": true,
    "created_at": "2025-02-03T15:25:07.760Z"
  }
},
{
  "model": "wagtailredirects.redirect",
  "pk": 4,
  "fields": {
    "old_path": "/dmp",
    "site": [
      "easydmp.localhost",
      8080
    ],
    "is_permanent": true,
    "redirect_page": 14,
    "redirect_page_route_path": "",
    "redirect_link": "",
    "automatically_created": true,
    "created_at": "2025-02-03T15:26:00.626Z"
  }
},
{
  "model": "home.experimentdmppage",
  "pk": 14,
  "fields": {
    "page_ptr": 14,
    "intro": ""
  }
},
{
  "model": "home.resultslistpage",
  "pk": 13,
  "fields": {
    "page_ptr": 13,
    "intro": ""
  }
},
{
  "model": "home.resultspage",
  "pk": 12,
  "fields": {
    "page_ptr": 12,
    "intro": "",
    "thankyou_page_title": "Thank you!"
  }
},
{
  "model": "home.instrumentspage",
  "pk": 9,
  "fields": {
    "page_ptr": 9,
    "intro": "<p data-block-key=\"zbyd4\">Add a new instruments in your laboratory.</p>",
    "thankyou_page_title": "Thank you!"
  }
},
{
  "model": "home.dmppage",
  "pk": 6,
  "fields": {
    "page_ptr": 6,
    "intro": "<p data-block-key=\"510rm\">This is the page to edit your core data management plan</p>",
    "thankyou_page_title": "Thank you!"
  }
},
{
  "model": "home.pipelinespage",
  "pk": 11,
  "fields": {
    "page_ptr": 11,
    "intro": "<p data-block-key=\"vew5g\">Here you can start pipelines from your data.</p>"
  }
},
{
  "model": "home.editsamplepage",
  "pk": 10,
  "fields": {
    "page_ptr": 10,
    "intro": "<p data-block-key=\"kdjm4\">Please modify the fields</p>"
  }
},
{
  "model": "home.samplelistpage",
  "pk": 8,
  "fields": {
    "page_ptr": 8,
    "intro": "<p data-block-key=\"kvdus\">Check your samples here</p>"
  }
},
{
  "model": "home.samplepage",
  "pk": 7,
  "fields": {
    "page_ptr": 7,
    "intro": "<p data-block-key=\"i81sz\">Add a new sample here</p>",
    "thankyou_page_title": "Thank you!"
  }
},
{
  "model": "home.userdatapage",
  "pk": 5,
  "fields": {
    "page_ptr": 5,
    "intro": "<p data-block-key=\"0jfv1\">Edit the user information here and add api tokens</p>",
    "thankyou_page_title": "Thank you!"
  }
},
{
  "model": "home.switchlabpage",
  "pk": 4,
  "fields": {
    "page_ptr": 4,
    "intro": "<p data-block-key=\"8ziiz\">Select here your laboratory for the session.</p>"
  }
},
{
  "model": "home.homepage",
  "pk": 3,
  "fields": {
    "page_ptr": 3,
    "intro": "This is the home page of easyDMP",
    "body": ""
  }
}
]
