--
-- PostgreSQL database dump
--

-- Dumped from database version 16.8 (Debian 16.8-1.pgdg120+1)
-- Dumped by pg_dump version 16.8 (Debian 16.8-1.pgdg120+1)

SET statement_timeout = 0;
SET lock_timeout = 0;
SET idle_in_transaction_session_timeout = 0;
SET client_encoding = 'UTF8';
SET standard_conforming_strings = on;
SELECT pg_catalog.set_config('search_path', '', false);
SET check_function_bodies = false;
SET xmloption = content;
SET client_min_messages = warning;
SET row_security = off;

SET default_tablespace = '';

SET default_table_access_method = heap;

--
-- Name: account_emailaddress; Type: TABLE; Schema: public; Owner: decos
--

CREATE TABLE public.account_emailaddress (
    id integer NOT NULL,
    email character varying(254) NOT NULL,
    verified boolean NOT NULL,
    "primary" boolean NOT NULL,
    user_id integer NOT NULL
);


ALTER TABLE public.account_emailaddress OWNER TO decos;

--
-- Name: account_emailaddress_id_seq; Type: SEQUENCE; Schema: public; Owner: decos
--

ALTER TABLE public.account_emailaddress ALTER COLUMN id ADD GENERATED BY DEFAULT AS IDENTITY (
    SEQUENCE NAME public.account_emailaddress_id_seq
    START WITH 1
    INCREMENT BY 1
    NO MINVALUE
    NO MAXVALUE
    CACHE 1
);


--
-- Name: account_emailconfirmation; Type: TABLE; Schema: public; Owner: decos
--

CREATE TABLE public.account_emailconfirmation (
    id integer NOT NULL,
    created timestamp with time zone NOT NULL,
    sent timestamp with time zone,
    key character varying(64) NOT NULL,
    email_address_id integer NOT NULL
);


ALTER TABLE public.account_emailconfirmation OWNER TO decos;

--
-- Name: account_emailconfirmation_id_seq; Type: SEQUENCE; Schema: public; Owner: decos
--

ALTER TABLE public.account_emailconfirmation ALTER COLUMN id ADD GENERATED BY DEFAULT AS IDENTITY (
    SEQUENCE NAME public.account_emailconfirmation_id_seq
    START WITH 1
    INCREMENT BY 1
    NO MINVALUE
    NO MAXVALUE
    CACHE 1
);


--
-- Name: api_tokens; Type: TABLE; Schema: public; Owner: decos
--

CREATE TABLE public.api_tokens (
    id bigint NOT NULL,
    user_id character varying(50) NOT NULL,
    laboratory character varying(50) NOT NULL,
    elab_token character varying(128),
    jenkins_token character varying(128),
    minio_acces_key character varying(128),
    minio_secret_key character varying(128)
);


ALTER TABLE public.api_tokens OWNER TO decos;

--
-- Name: api_tokens_id_seq; Type: SEQUENCE; Schema: public; Owner: decos
--

ALTER TABLE public.api_tokens ALTER COLUMN id ADD GENERATED BY DEFAULT AS IDENTITY (
    SEQUENCE NAME public.api_tokens_id_seq
    START WITH 1
    INCREMENT BY 1
    NO MINVALUE
    NO MAXVALUE
    CACHE 1
);


--
-- Name: auth_group; Type: TABLE; Schema: public; Owner: decos
--

CREATE TABLE public.auth_group (
    id integer NOT NULL,
    name character varying(150) NOT NULL,
    laboratory boolean DEFAULT false
);


ALTER TABLE public.auth_group OWNER TO decos;

--
-- Name: auth_group_id_seq; Type: SEQUENCE; Schema: public; Owner: decos
--

ALTER TABLE public.auth_group ALTER COLUMN id ADD GENERATED BY DEFAULT AS IDENTITY (
    SEQUENCE NAME public.auth_group_id_seq
    START WITH 1
    INCREMENT BY 1
    NO MINVALUE
    NO MAXVALUE
    CACHE 1
);


--
-- Name: auth_group_permissions; Type: TABLE; Schema: public; Owner: decos
--

CREATE TABLE public.auth_group_permissions (
    id bigint NOT NULL,
    group_id integer NOT NULL,
    permission_id integer NOT NULL
);


ALTER TABLE public.auth_group_permissions OWNER TO decos;

--
-- Name: auth_group_permissions_id_seq; Type: SEQUENCE; Schema: public; Owner: decos
--

ALTER TABLE public.auth_group_permissions ALTER COLUMN id ADD GENERATED BY DEFAULT AS IDENTITY (
    SEQUENCE NAME public.auth_group_permissions_id_seq
    START WITH 1
    INCREMENT BY 1
    NO MINVALUE
    NO MAXVALUE
    CACHE 1
);


--
-- Name: auth_permission; Type: TABLE; Schema: public; Owner: decos
--

CREATE TABLE public.auth_permission (
    id integer NOT NULL,
    name character varying(255) NOT NULL,
    content_type_id integer NOT NULL,
    codename character varying(100) NOT NULL
);


ALTER TABLE public.auth_permission OWNER TO decos;

--
-- Name: auth_permission_id_seq; Type: SEQUENCE; Schema: public; Owner: decos
--

ALTER TABLE public.auth_permission ALTER COLUMN id ADD GENERATED BY DEFAULT AS IDENTITY (
    SEQUENCE NAME public.auth_permission_id_seq
    START WITH 1
    INCREMENT BY 1
    NO MINVALUE
    NO MAXVALUE
    CACHE 1
);


--
-- Name: auth_user; Type: TABLE; Schema: public; Owner: decos
--

CREATE TABLE public.auth_user (
    id integer NOT NULL,
    password character varying(128) NOT NULL,
    last_login timestamp with time zone,
    is_superuser boolean NOT NULL,
    username character varying(150) NOT NULL,
    first_name character varying(150) NOT NULL,
    last_name character varying(150) NOT NULL,
    email character varying(254) NOT NULL,
    is_staff boolean NOT NULL,
    is_active boolean NOT NULL,
    date_joined timestamp with time zone NOT NULL
);


ALTER TABLE public.auth_user OWNER TO decos;

--
-- Name: auth_user_groups; Type: TABLE; Schema: public; Owner: decos
--

CREATE TABLE public.auth_user_groups (
    id bigint NOT NULL,
    user_id integer NOT NULL,
    group_id integer NOT NULL
);


ALTER TABLE public.auth_user_groups OWNER TO decos;

--
-- Name: auth_user_groups_id_seq; Type: SEQUENCE; Schema: public; Owner: decos
--

ALTER TABLE public.auth_user_groups ALTER COLUMN id ADD GENERATED BY DEFAULT AS IDENTITY (
    SEQUENCE NAME public.auth_user_groups_id_seq
    START WITH 1
    INCREMENT BY 1
    NO MINVALUE
    NO MAXVALUE
    CACHE 1
);


--
-- Name: auth_user_id_seq; Type: SEQUENCE; Schema: public; Owner: decos
--

ALTER TABLE public.auth_user ALTER COLUMN id ADD GENERATED BY DEFAULT AS IDENTITY (
    SEQUENCE NAME public.auth_user_id_seq
    START WITH 1
    INCREMENT BY 1
    NO MINVALUE
    NO MAXVALUE
    CACHE 1
);


--
-- Name: auth_user_user_permissions; Type: TABLE; Schema: public; Owner: decos
--

CREATE TABLE public.auth_user_user_permissions (
    id bigint NOT NULL,
    user_id integer NOT NULL,
    permission_id integer NOT NULL
);


ALTER TABLE public.auth_user_user_permissions OWNER TO decos;

--
-- Name: auth_user_user_permissions_id_seq; Type: SEQUENCE; Schema: public; Owner: decos
--

ALTER TABLE public.auth_user_user_permissions ALTER COLUMN id ADD GENERATED BY DEFAULT AS IDENTITY (
    SEQUENCE NAME public.auth_user_user_permissions_id_seq
    START WITH 1
    INCREMENT BY 1
    NO MINVALUE
    NO MAXVALUE
    CACHE 1
);


--
-- Name: django_admin_log; Type: TABLE; Schema: public; Owner: decos
--

CREATE TABLE public.django_admin_log (
    id integer NOT NULL,
    action_time timestamp with time zone NOT NULL,
    object_id text,
    object_repr character varying(200) NOT NULL,
    action_flag smallint NOT NULL,
    change_message text NOT NULL,
    content_type_id integer,
    user_id integer NOT NULL,
    CONSTRAINT django_admin_log_action_flag_check CHECK ((action_flag >= 0))
);


ALTER TABLE public.django_admin_log OWNER TO decos;

--
-- Name: django_admin_log_id_seq; Type: SEQUENCE; Schema: public; Owner: decos
--

ALTER TABLE public.django_admin_log ALTER COLUMN id ADD GENERATED BY DEFAULT AS IDENTITY (
    SEQUENCE NAME public.django_admin_log_id_seq
    START WITH 1
    INCREMENT BY 1
    NO MINVALUE
    NO MAXVALUE
    CACHE 1
);


--
-- Name: django_content_type; Type: TABLE; Schema: public; Owner: decos
--

CREATE TABLE public.django_content_type (
    id integer NOT NULL,
    app_label character varying(100) NOT NULL,
    model character varying(100) NOT NULL
);


ALTER TABLE public.django_content_type OWNER TO decos;

--
-- Name: django_content_type_id_seq; Type: SEQUENCE; Schema: public; Owner: decos
--

ALTER TABLE public.django_content_type ALTER COLUMN id ADD GENERATED BY DEFAULT AS IDENTITY (
    SEQUENCE NAME public.django_content_type_id_seq
    START WITH 1
    INCREMENT BY 1
    NO MINVALUE
    NO MAXVALUE
    CACHE 1
);


--
-- Name: django_migrations; Type: TABLE; Schema: public; Owner: decos
--

CREATE TABLE public.django_migrations (
    id bigint NOT NULL,
    app character varying(255) NOT NULL,
    name character varying(255) NOT NULL,
    applied timestamp with time zone NOT NULL
);


ALTER TABLE public.django_migrations OWNER TO decos;

--
-- Name: django_migrations_id_seq; Type: SEQUENCE; Schema: public; Owner: decos
--

ALTER TABLE public.django_migrations ALTER COLUMN id ADD GENERATED BY DEFAULT AS IDENTITY (
    SEQUENCE NAME public.django_migrations_id_seq
    START WITH 1
    INCREMENT BY 1
    NO MINVALUE
    NO MAXVALUE
    CACHE 1
);


--
-- Name: django_session; Type: TABLE; Schema: public; Owner: decos
--

CREATE TABLE public.django_session (
    session_key character varying(40) NOT NULL,
    session_data text NOT NULL,
    expire_date timestamp with time zone NOT NULL
);


ALTER TABLE public.django_session OWNER TO decos;

--
-- Name: home_apisettings; Type: TABLE; Schema: public; Owner: decos
--

CREATE TABLE public.home_apisettings (
    id bigint NOT NULL,
    elab_base_url character varying(200) NOT NULL,
    jenkins_base_url character varying(200) NOT NULL,
    minio_base_url character varying(255) NOT NULL
);


ALTER TABLE public.home_apisettings OWNER TO decos;

--
-- Name: home_apisettings_id_seq; Type: SEQUENCE; Schema: public; Owner: decos
--

ALTER TABLE public.home_apisettings ALTER COLUMN id ADD GENERATED BY DEFAULT AS IDENTITY (
    SEQUENCE NAME public.home_apisettings_id_seq
    START WITH 1
    INCREMENT BY 1
    NO MINVALUE
    NO MAXVALUE
    CACHE 1
);


--
-- Name: home_dmppage; Type: TABLE; Schema: public; Owner: decos
--

CREATE TABLE public.home_dmppage (
    page_ptr_id integer NOT NULL,
    intro text NOT NULL,
    thankyou_page_title character varying(255) NOT NULL
);


ALTER TABLE public.home_dmppage OWNER TO decos;

--
-- Name: home_dmpsearchpage; Type: TABLE; Schema: public; Owner: decos
--

CREATE TABLE public.home_dmpsearchpage (
    page_ptr_id integer NOT NULL
);


ALTER TABLE public.home_dmpsearchpage OWNER TO decos;

--
-- Name: home_dmpviewpage; Type: TABLE; Schema: public; Owner: decos
--

CREATE TABLE public.home_dmpviewpage (
    page_ptr_id integer NOT NULL
);


ALTER TABLE public.home_dmpviewpage OWNER TO decos;

--
-- Name: home_editsamplepage; Type: TABLE; Schema: public; Owner: decos
--

CREATE TABLE public.home_editsamplepage (
    page_ptr_id integer NOT NULL,
    intro text NOT NULL
);


ALTER TABLE public.home_editsamplepage OWNER TO decos;

--
-- Name: home_experimentmetadatareportpage; Type: TABLE; Schema: public; Owner: decos
--

CREATE TABLE public.home_experimentmetadatareportpage (
    page_ptr_id integer NOT NULL,
    intro text NOT NULL
);


ALTER TABLE public.home_experimentmetadatareportpage OWNER TO decos;

--
-- Name: home_fileinfopage; Type: TABLE; Schema: public; Owner: decos
--

CREATE TABLE public.home_fileinfopage (
    page_ptr_id integer NOT NULL,
    intro text NOT NULL,
    thankyou_page_title character varying(255) NOT NULL
);


ALTER TABLE public.home_fileinfopage OWNER TO decos;

--
-- Name: home_footersettings; Type: TABLE; Schema: public; Owner: decos
--

CREATE TABLE public.home_footersettings (
    id bigint NOT NULL,
    footer_text text NOT NULL
);


ALTER TABLE public.home_footersettings OWNER TO decos;

--
-- Name: home_footersettings_id_seq; Type: SEQUENCE; Schema: public; Owner: decos
--

ALTER TABLE public.home_footersettings ALTER COLUMN id ADD GENERATED BY DEFAULT AS IDENTITY (
    SEQUENCE NAME public.home_footersettings_id_seq
    START WITH 1
    INCREMENT BY 1
    NO MINVALUE
    NO MAXVALUE
    CACHE 1
);


--
-- Name: home_headersettings; Type: TABLE; Schema: public; Owner: decos
--

CREATE TABLE public.home_headersettings (
    id bigint NOT NULL,
    header_text text NOT NULL,
    prp_icon_id integer
);


ALTER TABLE public.home_headersettings OWNER TO decos;

--
-- Name: home_headersettings_id_seq; Type: SEQUENCE; Schema: public; Owner: decos
--

ALTER TABLE public.home_headersettings ALTER COLUMN id ADD GENERATED BY DEFAULT AS IDENTITY (
    SEQUENCE NAME public.home_headersettings_id_seq
    START WITH 1
    INCREMENT BY 1
    NO MINVALUE
    NO MAXVALUE
    CACHE 1
);


--
-- Name: home_homepage; Type: TABLE; Schema: public; Owner: decos
--

CREATE TABLE public.home_homepage (
    page_ptr_id integer NOT NULL,
    body text NOT NULL,
    intro character varying(250) NOT NULL
);


ALTER TABLE public.home_homepage OWNER TO decos;

--
-- Name: home_instrumentspage; Type: TABLE; Schema: public; Owner: decos
--

CREATE TABLE public.home_instrumentspage (
    page_ptr_id integer NOT NULL,
    intro text NOT NULL,
    thankyou_page_title character varying(255) NOT NULL
);


ALTER TABLE public.home_instrumentspage OWNER TO decos;

--
-- Name: home_pipelinespage; Type: TABLE; Schema: public; Owner: decos
--

CREATE TABLE public.home_pipelinespage (
    page_ptr_id integer NOT NULL,
    intro text NOT NULL
);


ALTER TABLE public.home_pipelinespage OWNER TO decos;

--
-- Name: home_proposallistpage; Type: TABLE; Schema: public; Owner: decos
--

CREATE TABLE public.home_proposallistpage (
    page_ptr_id integer NOT NULL,
    intro text NOT NULL
);


ALTER TABLE public.home_proposallistpage OWNER TO decos;

--
-- Name: home_proposalsubmissionpage; Type: TABLE; Schema: public; Owner: decos
--

CREATE TABLE public.home_proposalsubmissionpage (
    page_ptr_id integer NOT NULL,
    intro text NOT NULL,
    thankyou_page_title character varying(255) NOT NULL
);


ALTER TABLE public.home_proposalsubmissionpage OWNER TO decos;

--
-- Name: home_resultslistpage; Type: TABLE; Schema: public; Owner: decos
--

CREATE TABLE public.home_resultslistpage (
    page_ptr_id integer NOT NULL,
    intro text NOT NULL
);


ALTER TABLE public.home_resultslistpage OWNER TO decos;

--
-- Name: home_resultspage; Type: TABLE; Schema: public; Owner: decos
--

CREATE TABLE public.home_resultspage (
    page_ptr_id integer NOT NULL,
    intro text NOT NULL,
    thankyou_page_title character varying(255) NOT NULL
);


ALTER TABLE public.home_resultspage OWNER TO decos;

--
-- Name: home_samplelistpage; Type: TABLE; Schema: public; Owner: decos
--

CREATE TABLE public.home_samplelistpage (
    page_ptr_id integer NOT NULL,
    intro text NOT NULL
);


ALTER TABLE public.home_samplelistpage OWNER TO decos;

--
-- Name: home_samplepage; Type: TABLE; Schema: public; Owner: decos
--

CREATE TABLE public.home_samplepage (
    page_ptr_id integer NOT NULL,
    intro text NOT NULL,
    thankyou_page_title text NOT NULL
);


ALTER TABLE public.home_samplepage OWNER TO decos;

--
-- Name: home_servicerequestsubmissionpage; Type: TABLE; Schema: public; Owner: decos
--

CREATE TABLE public.home_servicerequestsubmissionpage (
    page_ptr_id integer NOT NULL,
    intro text NOT NULL,
    thankyou_page_title character varying(255) NOT NULL
);


ALTER TABLE public.home_servicerequestsubmissionpage OWNER TO decos;

--
-- Name: socialaccount_socialaccount; Type: TABLE; Schema: public; Owner: decos
--

CREATE TABLE public.socialaccount_socialaccount (
    id integer NOT NULL,
    provider character varying(200) NOT NULL,
    uid character varying(191) NOT NULL,
    last_login timestamp with time zone NOT NULL,
    date_joined timestamp with time zone NOT NULL,
    extra_data jsonb NOT NULL,
    user_id integer NOT NULL
);


ALTER TABLE public.socialaccount_socialaccount OWNER TO decos;

--
-- Name: socialaccount_socialaccount_id_seq; Type: SEQUENCE; Schema: public; Owner: decos
--

ALTER TABLE public.socialaccount_socialaccount ALTER COLUMN id ADD GENERATED BY DEFAULT AS IDENTITY (
    SEQUENCE NAME public.socialaccount_socialaccount_id_seq
    START WITH 1
    INCREMENT BY 1
    NO MINVALUE
    NO MAXVALUE
    CACHE 1
);


--
-- Name: socialaccount_socialapp; Type: TABLE; Schema: public; Owner: decos
--

CREATE TABLE public.socialaccount_socialapp (
    id integer NOT NULL,
    provider character varying(30) NOT NULL,
    name character varying(40) NOT NULL,
    client_id character varying(191) NOT NULL,
    secret character varying(191) NOT NULL,
    key character varying(191) NOT NULL,
    provider_id character varying(200) NOT NULL,
    settings jsonb NOT NULL
);


ALTER TABLE public.socialaccount_socialapp OWNER TO decos;

--
-- Name: socialaccount_socialapp_id_seq; Type: SEQUENCE; Schema: public; Owner: decos
--

ALTER TABLE public.socialaccount_socialapp ALTER COLUMN id ADD GENERATED BY DEFAULT AS IDENTITY (
    SEQUENCE NAME public.socialaccount_socialapp_id_seq
    START WITH 1
    INCREMENT BY 1
    NO MINVALUE
    NO MAXVALUE
    CACHE 1
);


--
-- Name: socialaccount_socialtoken; Type: TABLE; Schema: public; Owner: decos
--

CREATE TABLE public.socialaccount_socialtoken (
    id integer NOT NULL,
    token text NOT NULL,
    token_secret text NOT NULL,
    expires_at timestamp with time zone,
    account_id integer NOT NULL,
    app_id integer
);


ALTER TABLE public.socialaccount_socialtoken OWNER TO decos;

--
-- Name: socialaccount_socialtoken_id_seq; Type: SEQUENCE; Schema: public; Owner: decos
--

ALTER TABLE public.socialaccount_socialtoken ALTER COLUMN id ADD GENERATED BY DEFAULT AS IDENTITY (
    SEQUENCE NAME public.socialaccount_socialtoken_id_seq
    START WITH 1
    INCREMENT BY 1
    NO MINVALUE
    NO MAXVALUE
    CACHE 1
);


--
-- Name: taggit_tag; Type: TABLE; Schema: public; Owner: decos
--

CREATE TABLE public.taggit_tag (
    id integer NOT NULL,
    name character varying(100) NOT NULL,
    slug character varying(100) NOT NULL
);


ALTER TABLE public.taggit_tag OWNER TO decos;

--
-- Name: taggit_tag_id_seq; Type: SEQUENCE; Schema: public; Owner: decos
--

ALTER TABLE public.taggit_tag ALTER COLUMN id ADD GENERATED BY DEFAULT AS IDENTITY (
    SEQUENCE NAME public.taggit_tag_id_seq
    START WITH 1
    INCREMENT BY 1
    NO MINVALUE
    NO MAXVALUE
    CACHE 1
);


--
-- Name: taggit_taggeditem; Type: TABLE; Schema: public; Owner: decos
--

CREATE TABLE public.taggit_taggeditem (
    id integer NOT NULL,
    object_id integer NOT NULL,
    content_type_id integer NOT NULL,
    tag_id integer NOT NULL
);


ALTER TABLE public.taggit_taggeditem OWNER TO decos;

--
-- Name: taggit_taggeditem_id_seq; Type: SEQUENCE; Schema: public; Owner: decos
--

ALTER TABLE public.taggit_taggeditem ALTER COLUMN id ADD GENERATED BY DEFAULT AS IDENTITY (
    SEQUENCE NAME public.taggit_taggeditem_id_seq
    START WITH 1
    INCREMENT BY 1
    NO MINVALUE
    NO MAXVALUE
    CACHE 1
);


--
-- Name: wagtailadmin_admin; Type: TABLE; Schema: public; Owner: decos
--

CREATE TABLE public.wagtailadmin_admin (
    id integer NOT NULL
);


ALTER TABLE public.wagtailadmin_admin OWNER TO decos;

--
-- Name: wagtailadmin_admin_id_seq; Type: SEQUENCE; Schema: public; Owner: decos
--

ALTER TABLE public.wagtailadmin_admin ALTER COLUMN id ADD GENERATED BY DEFAULT AS IDENTITY (
    SEQUENCE NAME public.wagtailadmin_admin_id_seq
    START WITH 1
    INCREMENT BY 1
    NO MINVALUE
    NO MAXVALUE
    CACHE 1
);


--
-- Name: wagtailadmin_editingsession; Type: TABLE; Schema: public; Owner: decos
--

CREATE TABLE public.wagtailadmin_editingsession (
    id integer NOT NULL,
    object_id character varying(255) NOT NULL,
    last_seen_at timestamp with time zone NOT NULL,
    content_type_id integer NOT NULL,
    user_id integer NOT NULL,
    is_editing boolean NOT NULL
);


ALTER TABLE public.wagtailadmin_editingsession OWNER TO decos;

--
-- Name: wagtailadmin_editingsession_id_seq; Type: SEQUENCE; Schema: public; Owner: decos
--

ALTER TABLE public.wagtailadmin_editingsession ALTER COLUMN id ADD GENERATED BY DEFAULT AS IDENTITY (
    SEQUENCE NAME public.wagtailadmin_editingsession_id_seq
    START WITH 1
    INCREMENT BY 1
    NO MINVALUE
    NO MAXVALUE
    CACHE 1
);


--
-- Name: wagtailcore_collection; Type: TABLE; Schema: public; Owner: decos
--

CREATE TABLE public.wagtailcore_collection (
    id integer NOT NULL,
    path character varying(255) NOT NULL COLLATE pg_catalog."C",
    depth integer NOT NULL,
    numchild integer NOT NULL,
    name character varying(255) NOT NULL,
    CONSTRAINT wagtailcore_collection_depth_check CHECK ((depth >= 0)),
    CONSTRAINT wagtailcore_collection_numchild_check CHECK ((numchild >= 0))
);


ALTER TABLE public.wagtailcore_collection OWNER TO decos;

--
-- Name: wagtailcore_collection_id_seq; Type: SEQUENCE; Schema: public; Owner: decos
--

ALTER TABLE public.wagtailcore_collection ALTER COLUMN id ADD GENERATED BY DEFAULT AS IDENTITY (
    SEQUENCE NAME public.wagtailcore_collection_id_seq
    START WITH 1
    INCREMENT BY 1
    NO MINVALUE
    NO MAXVALUE
    CACHE 1
);


--
-- Name: wagtailcore_collectionviewrestriction; Type: TABLE; Schema: public; Owner: decos
--

CREATE TABLE public.wagtailcore_collectionviewrestriction (
    id integer NOT NULL,
    restriction_type character varying(20) NOT NULL,
    password character varying(255) NOT NULL,
    collection_id integer NOT NULL
);


ALTER TABLE public.wagtailcore_collectionviewrestriction OWNER TO decos;

--
-- Name: wagtailcore_collectionviewrestriction_groups; Type: TABLE; Schema: public; Owner: decos
--

CREATE TABLE public.wagtailcore_collectionviewrestriction_groups (
    id bigint NOT NULL,
    collectionviewrestriction_id integer NOT NULL,
    group_id integer NOT NULL
);


ALTER TABLE public.wagtailcore_collectionviewrestriction_groups OWNER TO decos;

--
-- Name: wagtailcore_collectionviewrestriction_groups_id_seq; Type: SEQUENCE; Schema: public; Owner: decos
--

ALTER TABLE public.wagtailcore_collectionviewrestriction_groups ALTER COLUMN id ADD GENERATED BY DEFAULT AS IDENTITY (
    SEQUENCE NAME public.wagtailcore_collectionviewrestriction_groups_id_seq
    START WITH 1
    INCREMENT BY 1
    NO MINVALUE
    NO MAXVALUE
    CACHE 1
);


--
-- Name: wagtailcore_collectionviewrestriction_id_seq; Type: SEQUENCE; Schema: public; Owner: decos
--

ALTER TABLE public.wagtailcore_collectionviewrestriction ALTER COLUMN id ADD GENERATED BY DEFAULT AS IDENTITY (
    SEQUENCE NAME public.wagtailcore_collectionviewrestriction_id_seq
    START WITH 1
    INCREMENT BY 1
    NO MINVALUE
    NO MAXVALUE
    CACHE 1
);


--
-- Name: wagtailcore_comment; Type: TABLE; Schema: public; Owner: decos
--

CREATE TABLE public.wagtailcore_comment (
    id integer NOT NULL,
    text text NOT NULL,
    contentpath text NOT NULL,
    "position" text NOT NULL,
    created_at timestamp with time zone NOT NULL,
    updated_at timestamp with time zone NOT NULL,
    resolved_at timestamp with time zone,
    page_id integer NOT NULL,
    resolved_by_id integer,
    revision_created_id integer,
    user_id integer NOT NULL
);


ALTER TABLE public.wagtailcore_comment OWNER TO decos;

--
-- Name: wagtailcore_comment_id_seq; Type: SEQUENCE; Schema: public; Owner: decos
--

ALTER TABLE public.wagtailcore_comment ALTER COLUMN id ADD GENERATED BY DEFAULT AS IDENTITY (
    SEQUENCE NAME public.wagtailcore_comment_id_seq
    START WITH 1
    INCREMENT BY 1
    NO MINVALUE
    NO MAXVALUE
    CACHE 1
);


--
-- Name: wagtailcore_commentreply; Type: TABLE; Schema: public; Owner: decos
--

CREATE TABLE public.wagtailcore_commentreply (
    id integer NOT NULL,
    text text NOT NULL,
    created_at timestamp with time zone NOT NULL,
    updated_at timestamp with time zone NOT NULL,
    comment_id integer NOT NULL,
    user_id integer NOT NULL
);


ALTER TABLE public.wagtailcore_commentreply OWNER TO decos;

--
-- Name: wagtailcore_commentreply_id_seq; Type: SEQUENCE; Schema: public; Owner: decos
--

ALTER TABLE public.wagtailcore_commentreply ALTER COLUMN id ADD GENERATED BY DEFAULT AS IDENTITY (
    SEQUENCE NAME public.wagtailcore_commentreply_id_seq
    START WITH 1
    INCREMENT BY 1
    NO MINVALUE
    NO MAXVALUE
    CACHE 1
);


--
-- Name: wagtailcore_groupapprovaltask; Type: TABLE; Schema: public; Owner: decos
--

CREATE TABLE public.wagtailcore_groupapprovaltask (
    task_ptr_id integer NOT NULL
);


ALTER TABLE public.wagtailcore_groupapprovaltask OWNER TO decos;

--
-- Name: wagtailcore_groupapprovaltask_groups; Type: TABLE; Schema: public; Owner: decos
--

CREATE TABLE public.wagtailcore_groupapprovaltask_groups (
    id bigint NOT NULL,
    groupapprovaltask_id integer NOT NULL,
    group_id integer NOT NULL
);


ALTER TABLE public.wagtailcore_groupapprovaltask_groups OWNER TO decos;

--
-- Name: wagtailcore_groupapprovaltask_groups_id_seq; Type: SEQUENCE; Schema: public; Owner: decos
--

ALTER TABLE public.wagtailcore_groupapprovaltask_groups ALTER COLUMN id ADD GENERATED BY DEFAULT AS IDENTITY (
    SEQUENCE NAME public.wagtailcore_groupapprovaltask_groups_id_seq
    START WITH 1
    INCREMENT BY 1
    NO MINVALUE
    NO MAXVALUE
    CACHE 1
);


--
-- Name: wagtailcore_groupcollectionpermission; Type: TABLE; Schema: public; Owner: decos
--

CREATE TABLE public.wagtailcore_groupcollectionpermission (
    id integer NOT NULL,
    collection_id integer NOT NULL,
    group_id integer NOT NULL,
    permission_id integer NOT NULL
);


ALTER TABLE public.wagtailcore_groupcollectionpermission OWNER TO decos;

--
-- Name: wagtailcore_groupcollectionpermission_id_seq; Type: SEQUENCE; Schema: public; Owner: decos
--

ALTER TABLE public.wagtailcore_groupcollectionpermission ALTER COLUMN id ADD GENERATED BY DEFAULT AS IDENTITY (
    SEQUENCE NAME public.wagtailcore_groupcollectionpermission_id_seq
    START WITH 1
    INCREMENT BY 1
    NO MINVALUE
    NO MAXVALUE
    CACHE 1
);


--
-- Name: wagtailcore_grouppagepermission; Type: TABLE; Schema: public; Owner: decos
--

CREATE TABLE public.wagtailcore_grouppagepermission (
    id integer NOT NULL,
    group_id integer NOT NULL,
    page_id integer NOT NULL,
    permission_id integer NOT NULL
);


ALTER TABLE public.wagtailcore_grouppagepermission OWNER TO decos;

--
-- Name: wagtailcore_grouppagepermission_id_seq; Type: SEQUENCE; Schema: public; Owner: decos
--

ALTER TABLE public.wagtailcore_grouppagepermission ALTER COLUMN id ADD GENERATED BY DEFAULT AS IDENTITY (
    SEQUENCE NAME public.wagtailcore_grouppagepermission_id_seq
    START WITH 1
    INCREMENT BY 1
    NO MINVALUE
    NO MAXVALUE
    CACHE 1
);


--
-- Name: wagtailcore_locale; Type: TABLE; Schema: public; Owner: decos
--

CREATE TABLE public.wagtailcore_locale (
    id integer NOT NULL,
    language_code character varying(100) NOT NULL
);


ALTER TABLE public.wagtailcore_locale OWNER TO decos;

--
-- Name: wagtailcore_locale_id_seq; Type: SEQUENCE; Schema: public; Owner: decos
--

ALTER TABLE public.wagtailcore_locale ALTER COLUMN id ADD GENERATED BY DEFAULT AS IDENTITY (
    SEQUENCE NAME public.wagtailcore_locale_id_seq
    START WITH 1
    INCREMENT BY 1
    NO MINVALUE
    NO MAXVALUE
    CACHE 1
);


--
-- Name: wagtailcore_modellogentry; Type: TABLE; Schema: public; Owner: decos
--

CREATE TABLE public.wagtailcore_modellogentry (
    id integer NOT NULL,
    label text NOT NULL,
    action character varying(255) NOT NULL,
    data jsonb NOT NULL,
    "timestamp" timestamp with time zone NOT NULL,
    content_changed boolean NOT NULL,
    deleted boolean NOT NULL,
    object_id character varying(255) NOT NULL,
    content_type_id integer,
    user_id integer,
    uuid uuid,
    revision_id integer
);


ALTER TABLE public.wagtailcore_modellogentry OWNER TO decos;

--
-- Name: wagtailcore_modellogentry_id_seq; Type: SEQUENCE; Schema: public; Owner: decos
--

ALTER TABLE public.wagtailcore_modellogentry ALTER COLUMN id ADD GENERATED BY DEFAULT AS IDENTITY (
    SEQUENCE NAME public.wagtailcore_modellogentry_id_seq
    START WITH 1
    INCREMENT BY 1
    NO MINVALUE
    NO MAXVALUE
    CACHE 1
);


--
-- Name: wagtailcore_page; Type: TABLE; Schema: public; Owner: decos
--

CREATE TABLE public.wagtailcore_page (
    id integer NOT NULL,
    path character varying(255) NOT NULL COLLATE pg_catalog."C",
    depth integer NOT NULL,
    numchild integer NOT NULL,
    title character varying(255) NOT NULL,
    slug character varying(255) NOT NULL,
    live boolean NOT NULL,
    has_unpublished_changes boolean NOT NULL,
    url_path text NOT NULL,
    seo_title character varying(255) NOT NULL,
    show_in_menus boolean NOT NULL,
    search_description text NOT NULL,
    go_live_at timestamp with time zone,
    expire_at timestamp with time zone,
    expired boolean NOT NULL,
    content_type_id integer NOT NULL,
    owner_id integer,
    locked boolean NOT NULL,
    latest_revision_created_at timestamp with time zone,
    first_published_at timestamp with time zone,
    live_revision_id integer,
    last_published_at timestamp with time zone,
    draft_title character varying(255) NOT NULL,
    locked_at timestamp with time zone,
    locked_by_id integer,
    translation_key uuid NOT NULL,
    locale_id integer NOT NULL,
    alias_of_id integer,
    latest_revision_id integer,
    CONSTRAINT wagtailcore_page_depth_check CHECK ((depth >= 0)),
    CONSTRAINT wagtailcore_page_numchild_check CHECK ((numchild >= 0))
);


ALTER TABLE public.wagtailcore_page OWNER TO decos;

--
-- Name: wagtailcore_page_id_seq; Type: SEQUENCE; Schema: public; Owner: decos
--

ALTER TABLE public.wagtailcore_page ALTER COLUMN id ADD GENERATED BY DEFAULT AS IDENTITY (
    SEQUENCE NAME public.wagtailcore_page_id_seq
    START WITH 1
    INCREMENT BY 1
    NO MINVALUE
    NO MAXVALUE
    CACHE 1
);


--
-- Name: wagtailcore_pagelogentry; Type: TABLE; Schema: public; Owner: decos
--

CREATE TABLE public.wagtailcore_pagelogentry (
    id integer NOT NULL,
    label text NOT NULL,
    action character varying(255) NOT NULL,
    data jsonb NOT NULL,
    "timestamp" timestamp with time zone NOT NULL,
    content_changed boolean NOT NULL,
    deleted boolean NOT NULL,
    content_type_id integer,
    page_id integer NOT NULL,
    revision_id integer,
    user_id integer,
    uuid uuid
);


ALTER TABLE public.wagtailcore_pagelogentry OWNER TO decos;

--
-- Name: wagtailcore_pagelogentry_id_seq; Type: SEQUENCE; Schema: public; Owner: decos
--

ALTER TABLE public.wagtailcore_pagelogentry ALTER COLUMN id ADD GENERATED BY DEFAULT AS IDENTITY (
    SEQUENCE NAME public.wagtailcore_pagelogentry_id_seq
    START WITH 1
    INCREMENT BY 1
    NO MINVALUE
    NO MAXVALUE
    CACHE 1
);


--
-- Name: wagtailcore_revision; Type: TABLE; Schema: public; Owner: decos
--

CREATE TABLE public.wagtailcore_revision (
    id integer NOT NULL,
    created_at timestamp with time zone NOT NULL,
    content jsonb NOT NULL,
    approved_go_live_at timestamp with time zone,
    object_id character varying(255) NOT NULL,
    user_id integer,
    content_type_id integer NOT NULL,
    base_content_type_id integer NOT NULL,
    object_str text NOT NULL
);


ALTER TABLE public.wagtailcore_revision OWNER TO decos;

--
-- Name: wagtailcore_pagerevision_id_seq; Type: SEQUENCE; Schema: public; Owner: decos
--

ALTER TABLE public.wagtailcore_revision ALTER COLUMN id ADD GENERATED BY DEFAULT AS IDENTITY (
    SEQUENCE NAME public.wagtailcore_pagerevision_id_seq
    START WITH 1
    INCREMENT BY 1
    NO MINVALUE
    NO MAXVALUE
    CACHE 1
);


--
-- Name: wagtailcore_pagesubscription; Type: TABLE; Schema: public; Owner: decos
--

CREATE TABLE public.wagtailcore_pagesubscription (
    id integer NOT NULL,
    comment_notifications boolean NOT NULL,
    page_id integer NOT NULL,
    user_id integer NOT NULL
);


ALTER TABLE public.wagtailcore_pagesubscription OWNER TO decos;

--
-- Name: wagtailcore_pagesubscription_id_seq; Type: SEQUENCE; Schema: public; Owner: decos
--

ALTER TABLE public.wagtailcore_pagesubscription ALTER COLUMN id ADD GENERATED BY DEFAULT AS IDENTITY (
    SEQUENCE NAME public.wagtailcore_pagesubscription_id_seq
    START WITH 1
    INCREMENT BY 1
    NO MINVALUE
    NO MAXVALUE
    CACHE 1
);


--
-- Name: wagtailcore_pageviewrestriction; Type: TABLE; Schema: public; Owner: decos
--

CREATE TABLE public.wagtailcore_pageviewrestriction (
    id integer NOT NULL,
    password character varying(255) NOT NULL,
    page_id integer NOT NULL,
    restriction_type character varying(20) NOT NULL
);


ALTER TABLE public.wagtailcore_pageviewrestriction OWNER TO decos;

--
-- Name: wagtailcore_pageviewrestriction_groups; Type: TABLE; Schema: public; Owner: decos
--

CREATE TABLE public.wagtailcore_pageviewrestriction_groups (
    id bigint NOT NULL,
    pageviewrestriction_id integer NOT NULL,
    group_id integer NOT NULL
);


ALTER TABLE public.wagtailcore_pageviewrestriction_groups OWNER TO decos;

--
-- Name: wagtailcore_pageviewrestriction_groups_id_seq; Type: SEQUENCE; Schema: public; Owner: decos
--

ALTER TABLE public.wagtailcore_pageviewrestriction_groups ALTER COLUMN id ADD GENERATED BY DEFAULT AS IDENTITY (
    SEQUENCE NAME public.wagtailcore_pageviewrestriction_groups_id_seq
    START WITH 1
    INCREMENT BY 1
    NO MINVALUE
    NO MAXVALUE
    CACHE 1
);


--
-- Name: wagtailcore_pageviewrestriction_id_seq; Type: SEQUENCE; Schema: public; Owner: decos
--

ALTER TABLE public.wagtailcore_pageviewrestriction ALTER COLUMN id ADD GENERATED BY DEFAULT AS IDENTITY (
    SEQUENCE NAME public.wagtailcore_pageviewrestriction_id_seq
    START WITH 1
    INCREMENT BY 1
    NO MINVALUE
    NO MAXVALUE
    CACHE 1
);


--
-- Name: wagtailcore_referenceindex; Type: TABLE; Schema: public; Owner: decos
--

CREATE TABLE public.wagtailcore_referenceindex (
    id integer NOT NULL,
    object_id character varying(255) NOT NULL,
    to_object_id character varying(255) NOT NULL,
    model_path text NOT NULL,
    content_path text NOT NULL,
    content_path_hash uuid NOT NULL,
    base_content_type_id integer NOT NULL,
    content_type_id integer NOT NULL,
    to_content_type_id integer NOT NULL
);


ALTER TABLE public.wagtailcore_referenceindex OWNER TO decos;

--
-- Name: wagtailcore_referenceindex_id_seq; Type: SEQUENCE; Schema: public; Owner: decos
--

ALTER TABLE public.wagtailcore_referenceindex ALTER COLUMN id ADD GENERATED BY DEFAULT AS IDENTITY (
    SEQUENCE NAME public.wagtailcore_referenceindex_id_seq
    START WITH 1
    INCREMENT BY 1
    NO MINVALUE
    NO MAXVALUE
    CACHE 1
);


--
-- Name: wagtailcore_site; Type: TABLE; Schema: public; Owner: decos
--

CREATE TABLE public.wagtailcore_site (
    id integer NOT NULL,
    hostname character varying(255) NOT NULL,
    port integer NOT NULL,
    is_default_site boolean NOT NULL,
    root_page_id integer NOT NULL,
    site_name character varying(255) NOT NULL
);


ALTER TABLE public.wagtailcore_site OWNER TO decos;

--
-- Name: wagtailcore_site_id_seq; Type: SEQUENCE; Schema: public; Owner: decos
--

ALTER TABLE public.wagtailcore_site ALTER COLUMN id ADD GENERATED BY DEFAULT AS IDENTITY (
    SEQUENCE NAME public.wagtailcore_site_id_seq
    START WITH 1
    INCREMENT BY 1
    NO MINVALUE
    NO MAXVALUE
    CACHE 1
);


--
-- Name: wagtailcore_task; Type: TABLE; Schema: public; Owner: decos
--

CREATE TABLE public.wagtailcore_task (
    id integer NOT NULL,
    name character varying(255) NOT NULL,
    active boolean NOT NULL,
    content_type_id integer NOT NULL
);


ALTER TABLE public.wagtailcore_task OWNER TO decos;

--
-- Name: wagtailcore_task_id_seq; Type: SEQUENCE; Schema: public; Owner: decos
--

ALTER TABLE public.wagtailcore_task ALTER COLUMN id ADD GENERATED BY DEFAULT AS IDENTITY (
    SEQUENCE NAME public.wagtailcore_task_id_seq
    START WITH 1
    INCREMENT BY 1
    NO MINVALUE
    NO MAXVALUE
    CACHE 1
);


--
-- Name: wagtailcore_taskstate; Type: TABLE; Schema: public; Owner: decos
--

CREATE TABLE public.wagtailcore_taskstate (
    id integer NOT NULL,
    status character varying(50) NOT NULL,
    started_at timestamp with time zone NOT NULL,
    finished_at timestamp with time zone,
    content_type_id integer NOT NULL,
    revision_id integer NOT NULL,
    task_id integer NOT NULL,
    workflow_state_id integer NOT NULL,
    finished_by_id integer,
    comment text NOT NULL
);


ALTER TABLE public.wagtailcore_taskstate OWNER TO decos;

--
-- Name: wagtailcore_taskstate_id_seq; Type: SEQUENCE; Schema: public; Owner: decos
--

ALTER TABLE public.wagtailcore_taskstate ALTER COLUMN id ADD GENERATED BY DEFAULT AS IDENTITY (
    SEQUENCE NAME public.wagtailcore_taskstate_id_seq
    START WITH 1
    INCREMENT BY 1
    NO MINVALUE
    NO MAXVALUE
    CACHE 1
);


--
-- Name: wagtailcore_uploadedfile; Type: TABLE; Schema: public; Owner: decos
--

CREATE TABLE public.wagtailcore_uploadedfile (
    id integer NOT NULL,
    file character varying(200) NOT NULL,
    for_content_type_id integer,
    uploaded_by_user_id integer
);


ALTER TABLE public.wagtailcore_uploadedfile OWNER TO decos;

--
-- Name: wagtailcore_uploadedfile_id_seq; Type: SEQUENCE; Schema: public; Owner: decos
--

ALTER TABLE public.wagtailcore_uploadedfile ALTER COLUMN id ADD GENERATED BY DEFAULT AS IDENTITY (
    SEQUENCE NAME public.wagtailcore_uploadedfile_id_seq
    START WITH 1
    INCREMENT BY 1
    NO MINVALUE
    NO MAXVALUE
    CACHE 1
);


--
-- Name: wagtailcore_workflow; Type: TABLE; Schema: public; Owner: decos
--

CREATE TABLE public.wagtailcore_workflow (
    id integer NOT NULL,
    name character varying(255) NOT NULL,
    active boolean NOT NULL
);


ALTER TABLE public.wagtailcore_workflow OWNER TO decos;

--
-- Name: wagtailcore_workflow_id_seq; Type: SEQUENCE; Schema: public; Owner: decos
--

ALTER TABLE public.wagtailcore_workflow ALTER COLUMN id ADD GENERATED BY DEFAULT AS IDENTITY (
    SEQUENCE NAME public.wagtailcore_workflow_id_seq
    START WITH 1
    INCREMENT BY 1
    NO MINVALUE
    NO MAXVALUE
    CACHE 1
);


--
-- Name: wagtailcore_workflowcontenttype; Type: TABLE; Schema: public; Owner: decos
--

CREATE TABLE public.wagtailcore_workflowcontenttype (
    content_type_id integer NOT NULL,
    workflow_id integer NOT NULL
);


ALTER TABLE public.wagtailcore_workflowcontenttype OWNER TO decos;

--
-- Name: wagtailcore_workflowpage; Type: TABLE; Schema: public; Owner: decos
--

CREATE TABLE public.wagtailcore_workflowpage (
    page_id integer NOT NULL,
    workflow_id integer NOT NULL
);


ALTER TABLE public.wagtailcore_workflowpage OWNER TO decos;

--
-- Name: wagtailcore_workflowstate; Type: TABLE; Schema: public; Owner: decos
--

CREATE TABLE public.wagtailcore_workflowstate (
    id integer NOT NULL,
    status character varying(50) NOT NULL,
    created_at timestamp with time zone NOT NULL,
    current_task_state_id integer,
    object_id character varying(255) NOT NULL,
    requested_by_id integer,
    workflow_id integer NOT NULL,
    content_type_id integer NOT NULL,
    base_content_type_id integer NOT NULL
);


ALTER TABLE public.wagtailcore_workflowstate OWNER TO decos;

--
-- Name: wagtailcore_workflowstate_id_seq; Type: SEQUENCE; Schema: public; Owner: decos
--

ALTER TABLE public.wagtailcore_workflowstate ALTER COLUMN id ADD GENERATED BY DEFAULT AS IDENTITY (
    SEQUENCE NAME public.wagtailcore_workflowstate_id_seq
    START WITH 1
    INCREMENT BY 1
    NO MINVALUE
    NO MAXVALUE
    CACHE 1
);


--
-- Name: wagtailcore_workflowtask; Type: TABLE; Schema: public; Owner: decos
--

CREATE TABLE public.wagtailcore_workflowtask (
    id integer NOT NULL,
    sort_order integer,
    task_id integer NOT NULL,
    workflow_id integer NOT NULL
);


ALTER TABLE public.wagtailcore_workflowtask OWNER TO decos;

--
-- Name: wagtailcore_workflowtask_id_seq; Type: SEQUENCE; Schema: public; Owner: decos
--

ALTER TABLE public.wagtailcore_workflowtask ALTER COLUMN id ADD GENERATED BY DEFAULT AS IDENTITY (
    SEQUENCE NAME public.wagtailcore_workflowtask_id_seq
    START WITH 1
    INCREMENT BY 1
    NO MINVALUE
    NO MAXVALUE
    CACHE 1
);


--
-- Name: wagtaildocs_document; Type: TABLE; Schema: public; Owner: decos
--

CREATE TABLE public.wagtaildocs_document (
    id integer NOT NULL,
    title character varying(255) NOT NULL,
    file character varying(100) NOT NULL,
    created_at timestamp with time zone NOT NULL,
    uploaded_by_user_id integer,
    collection_id integer NOT NULL,
    file_size bigint,
    file_hash character varying(40) NOT NULL,
    CONSTRAINT wagtaildocs_document_file_size_check CHECK ((file_size >= 0))
);


ALTER TABLE public.wagtaildocs_document OWNER TO decos;

--
-- Name: wagtaildocs_document_id_seq; Type: SEQUENCE; Schema: public; Owner: decos
--

ALTER TABLE public.wagtaildocs_document ALTER COLUMN id ADD GENERATED BY DEFAULT AS IDENTITY (
    SEQUENCE NAME public.wagtaildocs_document_id_seq
    START WITH 1
    INCREMENT BY 1
    NO MINVALUE
    NO MAXVALUE
    CACHE 1
);


--
-- Name: wagtailembeds_embed; Type: TABLE; Schema: public; Owner: decos
--

CREATE TABLE public.wagtailembeds_embed (
    id integer NOT NULL,
    url text NOT NULL,
    max_width smallint,
    type character varying(10) NOT NULL,
    html text NOT NULL,
    title text NOT NULL,
    author_name text NOT NULL,
    provider_name text NOT NULL,
    thumbnail_url text NOT NULL,
    width integer,
    height integer,
    last_updated timestamp with time zone NOT NULL,
    hash character varying(32) NOT NULL,
    cache_until timestamp with time zone
);


ALTER TABLE public.wagtailembeds_embed OWNER TO decos;

--
-- Name: wagtailembeds_embed_id_seq; Type: SEQUENCE; Schema: public; Owner: decos
--

ALTER TABLE public.wagtailembeds_embed ALTER COLUMN id ADD GENERATED BY DEFAULT AS IDENTITY (
    SEQUENCE NAME public.wagtailembeds_embed_id_seq
    START WITH 1
    INCREMENT BY 1
    NO MINVALUE
    NO MAXVALUE
    CACHE 1
);


--
-- Name: wagtailforms_formsubmission; Type: TABLE; Schema: public; Owner: decos
--

CREATE TABLE public.wagtailforms_formsubmission (
    id integer NOT NULL,
    form_data jsonb NOT NULL,
    submit_time timestamp with time zone NOT NULL,
    page_id integer NOT NULL
);


ALTER TABLE public.wagtailforms_formsubmission OWNER TO decos;

--
-- Name: wagtailforms_formsubmission_id_seq; Type: SEQUENCE; Schema: public; Owner: decos
--

ALTER TABLE public.wagtailforms_formsubmission ALTER COLUMN id ADD GENERATED BY DEFAULT AS IDENTITY (
    SEQUENCE NAME public.wagtailforms_formsubmission_id_seq
    START WITH 1
    INCREMENT BY 1
    NO MINVALUE
    NO MAXVALUE
    CACHE 1
);


--
-- Name: wagtailimages_image; Type: TABLE; Schema: public; Owner: decos
--

CREATE TABLE public.wagtailimages_image (
    id integer NOT NULL,
    title character varying(255) NOT NULL,
    file character varying(100) NOT NULL,
    width integer NOT NULL,
    height integer NOT NULL,
    created_at timestamp with time zone NOT NULL,
    focal_point_x integer,
    focal_point_y integer,
    focal_point_width integer,
    focal_point_height integer,
    uploaded_by_user_id integer,
    file_size integer,
    collection_id integer NOT NULL,
    file_hash character varying(40) NOT NULL,
    description character varying(255) NOT NULL,
    CONSTRAINT wagtailimages_image_file_size_check CHECK ((file_size >= 0)),
    CONSTRAINT wagtailimages_image_focal_point_height_check CHECK ((focal_point_height >= 0)),
    CONSTRAINT wagtailimages_image_focal_point_width_check CHECK ((focal_point_width >= 0)),
    CONSTRAINT wagtailimages_image_focal_point_x_check CHECK ((focal_point_x >= 0)),
    CONSTRAINT wagtailimages_image_focal_point_y_check CHECK ((focal_point_y >= 0))
);


ALTER TABLE public.wagtailimages_image OWNER TO decos;

--
-- Name: wagtailimages_image_id_seq; Type: SEQUENCE; Schema: public; Owner: decos
--

ALTER TABLE public.wagtailimages_image ALTER COLUMN id ADD GENERATED BY DEFAULT AS IDENTITY (
    SEQUENCE NAME public.wagtailimages_image_id_seq
    START WITH 1
    INCREMENT BY 1
    NO MINVALUE
    NO MAXVALUE
    CACHE 1
);


--
-- Name: wagtailimages_rendition; Type: TABLE; Schema: public; Owner: decos
--

CREATE TABLE public.wagtailimages_rendition (
    id integer NOT NULL,
    file character varying(100) NOT NULL,
    width integer NOT NULL,
    height integer NOT NULL,
    focal_point_key character varying(16) NOT NULL,
    filter_spec character varying(255) NOT NULL,
    image_id integer NOT NULL
);


ALTER TABLE public.wagtailimages_rendition OWNER TO decos;

--
-- Name: wagtailimages_rendition_id_seq; Type: SEQUENCE; Schema: public; Owner: decos
--

ALTER TABLE public.wagtailimages_rendition ALTER COLUMN id ADD GENERATED BY DEFAULT AS IDENTITY (
    SEQUENCE NAME public.wagtailimages_rendition_id_seq
    START WITH 1
    INCREMENT BY 1
    NO MINVALUE
    NO MAXVALUE
    CACHE 1
);


--
-- Name: wagtailredirects_redirect; Type: TABLE; Schema: public; Owner: decos
--

CREATE TABLE public.wagtailredirects_redirect (
    id integer NOT NULL,
    old_path character varying(255) NOT NULL,
    is_permanent boolean NOT NULL,
    redirect_link character varying(255) NOT NULL,
    redirect_page_id integer,
    site_id integer,
    automatically_created boolean NOT NULL,
    created_at timestamp with time zone,
    redirect_page_route_path character varying(255) NOT NULL
);


ALTER TABLE public.wagtailredirects_redirect OWNER TO decos;

--
-- Name: wagtailredirects_redirect_id_seq; Type: SEQUENCE; Schema: public; Owner: decos
--

ALTER TABLE public.wagtailredirects_redirect ALTER COLUMN id ADD GENERATED BY DEFAULT AS IDENTITY (
    SEQUENCE NAME public.wagtailredirects_redirect_id_seq
    START WITH 1
    INCREMENT BY 1
    NO MINVALUE
    NO MAXVALUE
    CACHE 1
);


--
-- Name: wagtailsearch_indexentry; Type: TABLE; Schema: public; Owner: decos
--

CREATE TABLE public.wagtailsearch_indexentry (
    id integer NOT NULL,
    object_id character varying(50) NOT NULL,
    title_norm double precision NOT NULL,
    content_type_id integer NOT NULL,
    autocomplete tsvector NOT NULL,
    title tsvector NOT NULL,
    body tsvector NOT NULL
);


ALTER TABLE public.wagtailsearch_indexentry OWNER TO decos;

--
-- Name: wagtailsearch_indexentry_id_seq; Type: SEQUENCE; Schema: public; Owner: decos
--

ALTER TABLE public.wagtailsearch_indexentry ALTER COLUMN id ADD GENERATED BY DEFAULT AS IDENTITY (
    SEQUENCE NAME public.wagtailsearch_indexentry_id_seq
    START WITH 1
    INCREMENT BY 1
    NO MINVALUE
    NO MAXVALUE
    CACHE 1
);


--
-- Name: wagtailusers_userprofile; Type: TABLE; Schema: public; Owner: decos
--

CREATE TABLE public.wagtailusers_userprofile (
    id integer NOT NULL,
    submitted_notifications boolean NOT NULL,
    approved_notifications boolean NOT NULL,
    rejected_notifications boolean NOT NULL,
    user_id integer NOT NULL,
    preferred_language character varying(10) NOT NULL,
    current_time_zone character varying(40) NOT NULL,
    avatar character varying(100) NOT NULL,
    updated_comments_notifications boolean NOT NULL,
    dismissibles jsonb NOT NULL,
    theme character varying(40) NOT NULL,
    density character varying(40) NOT NULL,
    contrast character varying(40) NOT NULL
);


ALTER TABLE public.wagtailusers_userprofile OWNER TO decos;

--
-- Name: wagtailusers_userprofile_id_seq; Type: SEQUENCE; Schema: public; Owner: decos
--

ALTER TABLE public.wagtailusers_userprofile ALTER COLUMN id ADD GENERATED BY DEFAULT AS IDENTITY (
    SEQUENCE NAME public.wagtailusers_userprofile_id_seq
    START WITH 1
    INCREMENT BY 1
    NO MINVALUE
    NO MAXVALUE
    CACHE 1
);


--
-- Data for Name: account_emailaddress; Type: TABLE DATA; Schema: public; Owner: decos
--

COPY public.account_emailaddress (id, email, verified, "primary", user_id) FROM stdin;
\.


--
-- Data for Name: account_emailconfirmation; Type: TABLE DATA; Schema: public; Owner: decos
--

COPY public.account_emailconfirmation (id, created, sent, key, email_address_id) FROM stdin;
\.


--
-- Data for Name: api_tokens; Type: TABLE DATA; Schema: public; Owner: decos
--

COPY public.api_tokens (id, user_id, laboratory, elab_token, jenkins_token, minio_acces_key, minio_secret_key) FROM stdin;
5	admin	LAGE	34-34dd9cf5c4ba9a641479c4c8302dbff2c7d9f93f25ffc3ee4e295d8fe60ed11156a64ce099c147834b1e34	11555c6b1d768a18f293d7e0640a5d1f7c	zxRyi8A7evZKbitAyU5t	HaQnLIJaKTvjkktpAp9UccSU3vv1P4g3cl5wuH2t
\.


--
-- Data for Name: auth_group; Type: TABLE DATA; Schema: public; Owner: decos
--

COPY public.auth_group (id, name, laboratory) FROM stdin;
1	Moderators	f
2	Editors	f
3	LAGE	t
\.


--
-- Data for Name: auth_group_permissions; Type: TABLE DATA; Schema: public; Owner: decos
--

COPY public.auth_group_permissions (id, group_id, permission_id) FROM stdin;
1	1	101
2	1	102
3	1	103
4	2	101
5	2	102
6	2	103
7	1	104
8	2	104
9	1	105
10	2	105
11	1	106
12	1	107
13	1	108
14	2	106
15	2	107
16	2	108
17	1	109
18	2	109
\.


--
-- Data for Name: auth_permission; Type: TABLE DATA; Schema: public; Owner: decos
--

COPY public.auth_permission (id, name, content_type_id, codename) FROM stdin;
1	Can add locale	3	add_locale
2	Can change locale	3	change_locale
3	Can delete locale	3	delete_locale
4	Can view locale	3	view_locale
5	Can add site	4	add_site
6	Can change site	4	change_site
7	Can delete site	4	delete_site
8	Can view site	4	view_site
9	Can add model log entry	5	add_modellogentry
10	Can change model log entry	5	change_modellogentry
11	Can delete model log entry	5	delete_modellogentry
12	Can view model log entry	5	view_modellogentry
13	Can add collection view restriction	6	add_collectionviewrestriction
14	Can change collection view restriction	6	change_collectionviewrestriction
15	Can delete collection view restriction	6	delete_collectionviewrestriction
16	Can view collection view restriction	6	view_collectionviewrestriction
17	Can add collection	7	add_collection
18	Can change collection	7	change_collection
19	Can delete collection	7	delete_collection
20	Can view collection	7	view_collection
21	Can add group collection permission	8	add_groupcollectionpermission
22	Can change group collection permission	8	change_groupcollectionpermission
23	Can delete group collection permission	8	delete_groupcollectionpermission
24	Can view group collection permission	8	view_groupcollectionpermission
25	Can add uploaded file	9	add_uploadedfile
26	Can change uploaded file	9	change_uploadedfile
27	Can delete uploaded file	9	delete_uploadedfile
28	Can view uploaded file	9	view_uploadedfile
29	Can add reference index	10	add_referenceindex
30	Can change reference index	10	change_referenceindex
31	Can delete reference index	10	delete_referenceindex
32	Can view reference index	10	view_referenceindex
33	Can add page	1	add_page
34	Can change page	1	change_page
35	Can delete page	1	delete_page
36	Can view page	1	view_page
37	Delete pages with children	1	bulk_delete_page
38	Lock/unlock pages you've locked	1	lock_page
39	Publish any page	1	publish_page
40	Unlock any page	1	unlock_page
41	Can add revision	11	add_revision
42	Can change revision	11	change_revision
43	Can delete revision	11	delete_revision
44	Can view revision	11	view_revision
45	Can add group page permission	12	add_grouppagepermission
46	Can change group page permission	12	change_grouppagepermission
47	Can delete group page permission	12	delete_grouppagepermission
48	Can view group page permission	12	view_grouppagepermission
49	Can add page view restriction	13	add_pageviewrestriction
50	Can change page view restriction	13	change_pageviewrestriction
51	Can delete page view restriction	13	delete_pageviewrestriction
52	Can view page view restriction	13	view_pageviewrestriction
53	Can add workflow page	14	add_workflowpage
54	Can change workflow page	14	change_workflowpage
55	Can delete workflow page	14	delete_workflowpage
56	Can view workflow page	14	view_workflowpage
57	Can add workflow content type	15	add_workflowcontenttype
58	Can change workflow content type	15	change_workflowcontenttype
59	Can delete workflow content type	15	delete_workflowcontenttype
60	Can view workflow content type	15	view_workflowcontenttype
61	Can add workflow task order	16	add_workflowtask
62	Can change workflow task order	16	change_workflowtask
63	Can delete workflow task order	16	delete_workflowtask
64	Can view workflow task order	16	view_workflowtask
65	Can add task	17	add_task
66	Can change task	17	change_task
67	Can delete task	17	delete_task
68	Can view task	17	view_task
69	Can add workflow	18	add_workflow
70	Can change workflow	18	change_workflow
71	Can delete workflow	18	delete_workflow
72	Can view workflow	18	view_workflow
73	Can add Group approval task	2	add_groupapprovaltask
74	Can change Group approval task	2	change_groupapprovaltask
75	Can delete Group approval task	2	delete_groupapprovaltask
76	Can view Group approval task	2	view_groupapprovaltask
77	Can add Workflow state	19	add_workflowstate
78	Can change Workflow state	19	change_workflowstate
79	Can delete Workflow state	19	delete_workflowstate
80	Can view Workflow state	19	view_workflowstate
81	Can add Task state	20	add_taskstate
82	Can change Task state	20	change_taskstate
83	Can delete Task state	20	delete_taskstate
84	Can view Task state	20	view_taskstate
85	Can add page log entry	21	add_pagelogentry
86	Can change page log entry	21	change_pagelogentry
87	Can delete page log entry	21	delete_pagelogentry
88	Can view page log entry	21	view_pagelogentry
89	Can add comment	22	add_comment
90	Can change comment	22	change_comment
91	Can delete comment	22	delete_comment
92	Can view comment	22	view_comment
93	Can add comment reply	23	add_commentreply
94	Can change comment reply	23	change_commentreply
95	Can delete comment reply	23	delete_commentreply
96	Can view comment reply	23	view_commentreply
97	Can add page subscription	24	add_pagesubscription
98	Can change page subscription	24	change_pagesubscription
99	Can delete page subscription	24	delete_pagesubscription
100	Can view page subscription	24	view_pagesubscription
101	Can add image	25	add_image
102	Can change image	25	change_image
103	Can delete image	25	delete_image
104	Can access Wagtail admin	26	access_admin
105	Can choose image	25	choose_image
106	Can add document	27	add_document
107	Can change document	27	change_document
108	Can delete document	27	delete_document
109	Can choose document	27	choose_document
110	Can add home page	28	add_homepage
111	Can change home page	28	change_homepage
112	Can delete home page	28	delete_homepage
113	Can view home page	28	view_homepage
114	Can add ap i_ tokens	29	add_api_tokens
115	Can change ap i_ tokens	29	change_api_tokens
116	Can delete ap i_ tokens	29	delete_api_tokens
117	Can view ap i_ tokens	29	view_api_tokens
118	Can add api settings	30	add_apisettings
119	Can change api settings	30	change_apisettings
120	Can delete api settings	30	delete_apisettings
121	Can view api settings	30	view_apisettings
122	Can add dmp page	31	add_dmppage
123	Can change dmp page	31	change_dmppage
124	Can delete dmp page	31	delete_dmppage
125	Can view dmp page	31	view_dmppage
126	Can add dmp search page	32	add_dmpsearchpage
127	Can change dmp search page	32	change_dmpsearchpage
128	Can delete dmp search page	32	delete_dmpsearchpage
129	Can view dmp search page	32	view_dmpsearchpage
130	Can add dmp view page	33	add_dmpviewpage
131	Can change dmp view page	33	change_dmpviewpage
132	Can delete dmp view page	33	delete_dmpviewpage
133	Can view dmp view page	33	view_dmpviewpage
134	Can add edit sample page	34	add_editsamplepage
135	Can change edit sample page	34	change_editsamplepage
136	Can delete edit sample page	34	delete_editsamplepage
137	Can view edit sample page	34	view_editsamplepage
138	Can add experiment metadata report page	35	add_experimentmetadatareportpage
139	Can change experiment metadata report page	35	change_experimentmetadatareportpage
140	Can delete experiment metadata report page	35	delete_experimentmetadatareportpage
141	Can view experiment metadata report page	35	view_experimentmetadatareportpage
142	Can add footer settings	36	add_footersettings
143	Can change footer settings	36	change_footersettings
144	Can delete footer settings	36	delete_footersettings
145	Can view footer settings	36	view_footersettings
146	Can add instruments page	37	add_instrumentspage
147	Can change instruments page	37	change_instrumentspage
148	Can delete instruments page	37	delete_instrumentspage
149	Can view instruments page	37	view_instrumentspage
150	Can add pipelines page	38	add_pipelinespage
151	Can change pipelines page	38	change_pipelinespage
152	Can delete pipelines page	38	delete_pipelinespage
153	Can view pipelines page	38	view_pipelinespage
154	Can add proposal list page	39	add_proposallistpage
155	Can change proposal list page	39	change_proposallistpage
156	Can delete proposal list page	39	delete_proposallistpage
157	Can view proposal list page	39	view_proposallistpage
158	Can add proposal submission page	40	add_proposalsubmissionpage
159	Can change proposal submission page	40	change_proposalsubmissionpage
160	Can delete proposal submission page	40	delete_proposalsubmissionpage
161	Can view proposal submission page	40	view_proposalsubmissionpage
162	Can add results list page	41	add_resultslistpage
163	Can change results list page	41	change_resultslistpage
164	Can delete results list page	41	delete_resultslistpage
165	Can view results list page	41	view_resultslistpage
166	Can add results page	42	add_resultspage
167	Can change results page	42	change_resultspage
168	Can delete results page	42	delete_resultspage
169	Can view results page	42	view_resultspage
170	Can add sample list page	43	add_samplelistpage
171	Can change sample list page	43	change_samplelistpage
172	Can delete sample list page	43	delete_samplelistpage
173	Can view sample list page	43	view_samplelistpage
174	Can add sample page	44	add_samplepage
175	Can change sample page	44	change_samplepage
176	Can delete sample page	44	delete_samplepage
177	Can view sample page	44	view_samplepage
178	Can add service request submission page	45	add_servicerequestsubmissionpage
179	Can change service request submission page	45	change_servicerequestsubmissionpage
180	Can delete service request submission page	45	delete_servicerequestsubmissionpage
181	Can view service request submission page	45	view_servicerequestsubmissionpage
182	Can add header settings	46	add_headersettings
183	Can change header settings	46	change_headersettings
184	Can delete header settings	46	delete_headersettings
185	Can view header settings	46	view_headersettings
186	Can add new test page	47	add_newtestpage
187	Can change new test page	47	change_newtestpage
188	Can delete new test page	47	delete_newtestpage
189	Can view new test page	47	view_newtestpage
190	Can add form submission	48	add_formsubmission
191	Can change form submission	48	change_formsubmission
192	Can delete form submission	48	delete_formsubmission
193	Can view form submission	48	view_formsubmission
194	Can add redirect	49	add_redirect
195	Can change redirect	49	change_redirect
196	Can delete redirect	49	delete_redirect
197	Can view redirect	49	view_redirect
198	Can add embed	50	add_embed
199	Can change embed	50	change_embed
200	Can delete embed	50	delete_embed
201	Can view embed	50	view_embed
202	Can add user profile	51	add_userprofile
203	Can change user profile	51	change_userprofile
204	Can delete user profile	51	delete_userprofile
205	Can view user profile	51	view_userprofile
206	Can view document	27	view_document
207	Can view image	25	view_image
208	Can add rendition	52	add_rendition
209	Can change rendition	52	change_rendition
210	Can delete rendition	52	delete_rendition
211	Can view rendition	52	view_rendition
212	Can add index entry	53	add_indexentry
213	Can change index entry	53	change_indexentry
214	Can delete index entry	53	delete_indexentry
215	Can view index entry	53	view_indexentry
216	Can add editing session	54	add_editingsession
217	Can change editing session	54	change_editingsession
218	Can delete editing session	54	delete_editingsession
219	Can view editing session	54	view_editingsession
220	Can add tag	55	add_tag
221	Can change tag	55	change_tag
222	Can delete tag	55	delete_tag
223	Can view tag	55	view_tag
224	Can add tagged item	56	add_taggeditem
225	Can change tagged item	56	change_taggeditem
226	Can delete tagged item	56	delete_taggeditem
227	Can view tagged item	56	view_taggeditem
228	Can add log entry	57	add_logentry
229	Can change log entry	57	change_logentry
230	Can delete log entry	57	delete_logentry
231	Can view log entry	57	view_logentry
232	Can add permission	58	add_permission
233	Can change permission	58	change_permission
234	Can delete permission	58	delete_permission
235	Can view permission	58	view_permission
236	Can add group	59	add_group
237	Can change group	59	change_group
238	Can delete group	59	delete_group
239	Can view group	59	view_group
240	Can add user	60	add_user
241	Can change user	60	change_user
242	Can delete user	60	delete_user
243	Can view user	60	view_user
244	Can add content type	61	add_contenttype
245	Can change content type	61	change_contenttype
246	Can delete content type	61	delete_contenttype
247	Can view content type	61	view_contenttype
248	Can add session	62	add_session
249	Can change session	62	change_session
250	Can delete session	62	delete_session
251	Can view session	62	view_session
252	Can add administration	63	add_administration
253	Can change administration	63	change_administration
254	Can delete administration	63	delete_administration
255	Can view administration	63	view_administration
256	Can add instruments	64	add_instruments
257	Can change instruments	64	change_instruments
258	Can delete instruments	64	delete_instruments
259	Can view instruments	64	view_instruments
260	Can add lab dmp	65	add_labdmp
261	Can change lab dmp	65	change_labdmp
262	Can delete lab dmp	65	delete_labdmp
263	Can view lab dmp	65	view_labdmp
264	Can add laboratories	66	add_laboratories
265	Can change laboratories	66	change_laboratories
266	Can delete laboratories	66	delete_laboratories
267	Can view laboratories	66	view_laboratories
268	Can add samples	67	add_samples
269	Can change samples	67	change_samples
270	Can delete samples	67	delete_samples
271	Can view samples	67	view_samples
272	Can add proposals	68	add_proposals
273	Can change proposals	68	change_proposals
274	Can delete proposals	68	delete_proposals
275	Can view proposals	68	view_proposals
276	Can add results	69	add_results
277	Can change results	69	change_results
278	Can delete results	69	delete_results
279	Can view results	69	view_results
280	Can add techniques	70	add_techniques
281	Can change techniques	70	change_techniques
282	Can delete techniques	70	delete_techniques
283	Can view techniques	70	view_techniques
284	Can add users	71	add_users
285	Can change users	71	change_users
286	Can delete users	71	delete_users
287	Can view users	71	view_users
288	Can add lab x instrument	72	add_labxinstrument
289	Can change lab x instrument	72	change_labxinstrument
290	Can delete lab x instrument	72	delete_labxinstrument
291	Can view lab x instrument	72	view_labxinstrument
292	Can add lage samples	73	add_lagesamples
293	Can change lage samples	73	change_lagesamples
294	Can delete lage samples	73	delete_lagesamples
295	Can view lage samples	73	view_lagesamples
296	Can add lame samples	74	add_lamesamples
297	Can change lame samples	74	change_lamesamples
298	Can delete lame samples	74	delete_lamesamples
299	Can view lame samples	74	view_lamesamples
300	Can add questions	75	add_questions
301	Can change questions	75	change_questions
302	Can delete questions	75	delete_questions
303	Can view questions	75	view_questions
304	Can add resultx instrument	76	add_resultxinstrument
305	Can change resultx instrument	76	change_resultxinstrument
306	Can delete resultx instrument	76	delete_resultxinstrument
307	Can view resultx instrument	76	view_resultxinstrument
308	Can add resultx lab	77	add_resultxlab
309	Can change resultx lab	77	change_resultxlab
310	Can delete resultx lab	77	delete_resultxlab
311	Can view resultx lab	77	view_resultxlab
312	Can add resultx sample	78	add_resultxsample
313	Can change resultx sample	78	change_resultxsample
314	Can delete resultx sample	78	delete_resultxsample
315	Can view resultx sample	78	view_resultxsample
316	Can add service requests	79	add_servicerequests
317	Can change service requests	79	change_servicerequests
318	Can delete service requests	79	delete_servicerequests
319	Can view service requests	79	view_servicerequests
320	Can add steps	80	add_steps
321	Can change steps	80	change_steps
322	Can delete steps	80	delete_steps
323	Can view steps	80	view_steps
324	Can add instrument x technique	81	add_instrumentxtechnique
325	Can change instrument x technique	81	change_instrumentxtechnique
326	Can delete instrument x technique	81	delete_instrumentxtechnique
327	Can view instrument x technique	81	view_instrumentxtechnique
328	Can add email address	82	add_emailaddress
329	Can change email address	82	change_emailaddress
330	Can delete email address	82	delete_emailaddress
331	Can view email address	82	view_emailaddress
332	Can add email confirmation	83	add_emailconfirmation
333	Can change email confirmation	83	change_emailconfirmation
334	Can delete email confirmation	83	delete_emailconfirmation
335	Can view email confirmation	83	view_emailconfirmation
336	Can add social account	84	add_socialaccount
337	Can change social account	84	change_socialaccount
338	Can delete social account	84	delete_socialaccount
339	Can view social account	84	view_socialaccount
340	Can add social application	85	add_socialapp
341	Can change social application	85	change_socialapp
342	Can delete social application	85	delete_socialapp
343	Can view social application	85	view_socialapp
344	Can add social application token	86	add_socialtoken
345	Can change social application token	86	change_socialtoken
346	Can delete social application token	86	delete_socialtoken
347	Can view social application token	86	view_socialtoken
348	Can add experiment data management plan	87	add_experimentdatamanagementplan
349	Can change experiment data management plan	87	change_experimentdatamanagementplan
350	Can delete experiment data management plan	87	delete_experimentdatamanagementplan
351	Can view experiment data management plan	87	view_experimentdatamanagementplan
352	Can add files info	88	add_filesinfo
353	Can change files info	88	change_filesinfo
354	Can delete files info	88	delete_filesinfo
355	Can view files info	88	view_filesinfo
356	Can add experiment dm px instrument	89	add_experimentdmpxinstrument
357	Can change experiment dm px instrument	89	change_experimentdmpxinstrument
358	Can delete experiment dm px instrument	89	delete_experimentdmpxinstrument
359	Can view experiment dm px instrument	89	view_experimentdmpxinstrument
360	Can add experiment dm px lab	90	add_experimentdmpxlab
361	Can change experiment dm px lab	90	change_experimentdmpxlab
362	Can delete experiment dm px lab	90	delete_experimentdmpxlab
363	Can view experiment dm px lab	90	view_experimentdmpxlab
364	Can add experiment dm px sample	91	add_experimentdmpxsample
365	Can change experiment dm px sample	91	change_experimentdmpxsample
366	Can delete experiment dm px sample	91	delete_experimentdmpxsample
367	Can view experiment dm px sample	91	view_experimentdmpxsample
368	Can add experiment dm px files info	92	add_experimentdmpxfilesinfo
369	Can change experiment dm px files info	92	change_experimentdmpxfilesinfo
370	Can delete experiment dm px files info	92	delete_experimentdmpxfilesinfo
371	Can view experiment dm px files info	92	view_experimentdmpxfilesinfo
372	Can add file info page	93	add_fileinfopage
373	Can change file info page	93	change_fileinfopage
374	Can delete file info page	93	delete_fileinfopage
375	Can view file info page	93	view_fileinfopage
\.


--
-- Data for Name: auth_user; Type: TABLE DATA; Schema: public; Owner: decos
--

COPY public.auth_user (id, password, last_login, is_superuser, username, first_name, last_name, email, is_staff, is_active, date_joined) FROM stdin;
1	pbkdf2_sha256$870000$mkoFJKDAwI9r0BWSFwSQiJ$Iqk2g5Pvm8inmIInGWJzjA5iddFOreaw/L8EvR4+qW8=	2025-03-13 08:43:07.618275+00	t	admin	Marco	Prenassi	admin@example.com	t	t	2025-02-27 17:09:22.617753+00
\.


--
-- Data for Name: auth_user_groups; Type: TABLE DATA; Schema: public; Owner: decos
--

COPY public.auth_user_groups (id, user_id, group_id) FROM stdin;
1	1	2
2	1	3
\.


--
-- Data for Name: auth_user_user_permissions; Type: TABLE DATA; Schema: public; Owner: decos
--

COPY public.auth_user_user_permissions (id, user_id, permission_id) FROM stdin;
\.


--
-- Data for Name: django_admin_log; Type: TABLE DATA; Schema: public; Owner: decos
--

COPY public.django_admin_log (id, action_time, object_id, object_repr, action_flag, change_message, content_type_id, user_id) FROM stdin;
\.


--
-- Data for Name: django_content_type; Type: TABLE DATA; Schema: public; Owner: decos
--

COPY public.django_content_type (id, app_label, model) FROM stdin;
1	wagtailcore	page
2	wagtailcore	groupapprovaltask
3	wagtailcore	locale
4	wagtailcore	site
5	wagtailcore	modellogentry
6	wagtailcore	collectionviewrestriction
7	wagtailcore	collection
8	wagtailcore	groupcollectionpermission
9	wagtailcore	uploadedfile
10	wagtailcore	referenceindex
11	wagtailcore	revision
12	wagtailcore	grouppagepermission
13	wagtailcore	pageviewrestriction
14	wagtailcore	workflowpage
15	wagtailcore	workflowcontenttype
16	wagtailcore	workflowtask
17	wagtailcore	task
18	wagtailcore	workflow
19	wagtailcore	workflowstate
20	wagtailcore	taskstate
21	wagtailcore	pagelogentry
22	wagtailcore	comment
23	wagtailcore	commentreply
24	wagtailcore	pagesubscription
25	wagtailimages	image
26	wagtailadmin	admin
27	wagtaildocs	document
28	home	homepage
29	home	api_tokens
30	home	apisettings
31	home	dmppage
32	home	dmpsearchpage
33	home	dmpviewpage
34	home	editsamplepage
35	home	experimentmetadatareportpage
36	home	footersettings
37	home	instrumentspage
38	home	pipelinespage
39	home	proposallistpage
40	home	proposalsubmissionpage
41	home	resultslistpage
42	home	resultspage
43	home	samplelistpage
44	home	samplepage
45	home	servicerequestsubmissionpage
46	home	headersettings
47	home	newtestpage
48	wagtailforms	formsubmission
49	wagtailredirects	redirect
50	wagtailembeds	embed
51	wagtailusers	userprofile
52	wagtailimages	rendition
53	wagtailsearch	indexentry
54	wagtailadmin	editingsession
55	taggit	tag
56	taggit	taggeditem
57	admin	logentry
58	auth	permission
59	auth	group
60	auth	user
61	contenttypes	contenttype
62	sessions	session
63	PRP_CDM_app	administration
64	PRP_CDM_app	instruments
65	PRP_CDM_app	labdmp
66	PRP_CDM_app	laboratories
67	PRP_CDM_app	samples
68	PRP_CDM_app	proposals
69	PRP_CDM_app	results
70	PRP_CDM_app	techniques
71	PRP_CDM_app	users
72	PRP_CDM_app	labxinstrument
73	PRP_CDM_app	lagesamples
74	PRP_CDM_app	lamesamples
75	PRP_CDM_app	questions
76	PRP_CDM_app	resultxinstrument
77	PRP_CDM_app	resultxlab
78	PRP_CDM_app	resultxsample
79	PRP_CDM_app	servicerequests
80	PRP_CDM_app	steps
81	PRP_CDM_app	instrumentxtechnique
82	account	emailaddress
83	account	emailconfirmation
84	socialaccount	socialaccount
85	socialaccount	socialapp
86	socialaccount	socialtoken
87	PRP_CDM_app	experimentdatamanagementplan
88	PRP_CDM_app	filesinfo
89	PRP_CDM_app	experimentdmpxinstrument
90	PRP_CDM_app	experimentdmpxlab
91	PRP_CDM_app	experimentdmpxsample
92	PRP_CDM_app	experimentdmpxfilesinfo
93	home	fileinfopage
\.


--
-- Data for Name: django_migrations; Type: TABLE DATA; Schema: public; Owner: decos
--

COPY public.django_migrations (id, app, name, applied) FROM stdin;
1	PRP_CDM_app	0001_initial	2025-02-27 17:09:09.484536+00
2	contenttypes	0001_initial	2025-02-27 17:09:09.49229+00
3	auth	0001_initial	2025-02-27 17:09:09.530769+00
4	account	0001_initial	2025-02-27 17:09:09.550256+00
5	account	0002_email_max_length	2025-02-27 17:09:09.554961+00
6	account	0003_alter_emailaddress_create_unique_verified_email	2025-02-27 17:09:09.56453+00
7	account	0004_alter_emailaddress_drop_unique_email	2025-02-27 17:09:09.571352+00
8	account	0005_emailaddress_idx_upper_email	2025-02-27 17:09:09.581261+00
9	account	0006_emailaddress_lower	2025-02-27 17:09:09.593603+00
10	account	0007_emailaddress_idx_email	2025-02-27 17:09:09.602552+00
11	account	0008_emailaddress_unique_primary_email_fixup	2025-02-27 17:09:09.612817+00
12	account	0009_emailaddress_unique_primary_email	2025-02-27 17:09:09.620925+00
13	admin	0001_initial	2025-02-27 17:09:09.638221+00
14	admin	0002_logentry_remove_auto_add	2025-02-27 17:09:09.642343+00
15	admin	0003_logentry_add_action_flag_choices	2025-02-27 17:09:09.645907+00
16	contenttypes	0002_remove_content_type_name	2025-02-27 17:09:09.663748+00
17	auth	0002_alter_permission_name_max_length	2025-02-27 17:09:09.668937+00
18	auth	0003_alter_user_email_max_length	2025-02-27 17:09:09.681051+00
19	auth	0004_alter_user_username_opts	2025-02-27 17:09:09.684695+00
20	auth	0005_alter_user_last_login_null	2025-02-27 17:09:09.688629+00
21	auth	0006_require_contenttypes_0002	2025-02-27 17:09:09.689144+00
22	auth	0007_alter_validators_add_error_messages	2025-02-27 17:09:09.693248+00
23	auth	0008_alter_user_username_max_length	2025-02-27 17:09:09.698137+00
24	auth	0009_alter_user_last_name_max_length	2025-02-27 17:09:09.789052+00
25	auth	0010_alter_group_name_max_length	2025-02-27 17:09:09.79653+00
26	auth	0011_update_proxy_permissions	2025-02-27 17:09:09.808158+00
27	auth	0012_alter_user_first_name_max_length	2025-02-27 17:09:09.811791+00
28	wagtailcore	0001_initial	2025-02-27 17:09:09.965673+00
29	wagtailcore	0002_initial_data	2025-02-27 17:09:09.966324+00
30	wagtailcore	0003_add_uniqueness_constraint_on_group_page_permission	2025-02-27 17:09:09.966739+00
31	wagtailcore	0004_page_locked	2025-02-27 17:09:09.967348+00
32	wagtailcore	0005_add_page_lock_permission_to_moderators	2025-02-27 17:09:09.967821+00
33	wagtailcore	0006_add_lock_page_permission	2025-02-27 17:09:09.968098+00
34	wagtailcore	0007_page_latest_revision_created_at	2025-02-27 17:09:09.968393+00
35	wagtailcore	0008_populate_latest_revision_created_at	2025-02-27 17:09:09.968835+00
36	wagtailcore	0009_remove_auto_now_add_from_pagerevision_created_at	2025-02-27 17:09:09.969101+00
37	wagtailcore	0010_change_page_owner_to_null_on_delete	2025-02-27 17:09:09.969349+00
38	wagtailcore	0011_page_first_published_at	2025-02-27 17:09:09.969681+00
39	wagtailcore	0012_extend_page_slug_field	2025-02-27 17:09:09.970261+00
40	wagtailcore	0013_update_golive_expire_help_text	2025-02-27 17:09:09.970566+00
41	wagtailcore	0014_add_verbose_name	2025-02-27 17:09:09.970869+00
42	wagtailcore	0015_add_more_verbose_names	2025-02-27 17:09:09.971147+00
43	wagtailcore	0016_change_page_url_path_to_text_field	2025-02-27 17:09:09.971467+00
44	wagtailcore	0017_change_edit_page_permission_description	2025-02-27 17:09:09.976592+00
45	wagtailcore	0018_pagerevision_submitted_for_moderation_index	2025-02-27 17:09:10.020931+00
46	wagtailcore	0019_verbose_names_cleanup	2025-02-27 17:09:10.04609+00
47	wagtailcore	0020_add_index_on_page_first_published_at	2025-02-27 17:09:10.053979+00
48	wagtailcore	0021_capitalizeverbose	2025-02-27 17:09:10.344012+00
49	wagtailcore	0022_add_site_name	2025-02-27 17:09:10.40321+00
50	wagtailcore	0023_alter_page_revision_on_delete_behaviour	2025-02-27 17:09:10.411359+00
51	wagtailcore	0024_collection	2025-02-27 17:09:10.429257+00
52	wagtailcore	0025_collection_initial_data	2025-02-27 17:09:10.443206+00
53	wagtailcore	0026_group_collection_permission	2025-02-27 17:09:10.468683+00
54	wagtailcore	0027_fix_collection_path_collation	2025-02-27 17:09:10.482741+00
55	wagtailcore	0024_alter_page_content_type_on_delete_behaviour	2025-02-27 17:09:10.490591+00
56	wagtailcore	0028_merge	2025-02-27 17:09:10.491507+00
57	wagtailcore	0029_unicode_slugfield_dj19	2025-02-27 17:09:10.658275+00
58	wagtailcore	0030_index_on_pagerevision_created_at	2025-02-27 17:09:10.676448+00
59	wagtailcore	0031_add_page_view_restriction_types	2025-02-27 17:09:10.707526+00
60	wagtailcore	0032_add_bulk_delete_page_permission	2025-02-27 17:09:10.714763+00
61	wagtailcore	0033_remove_golive_expiry_help_text	2025-02-27 17:09:10.727298+00
62	wagtailcore	0034_page_live_revision	2025-02-27 17:09:10.737691+00
63	wagtailcore	0035_page_last_published_at	2025-02-27 17:09:10.745171+00
64	wagtailcore	0036_populate_page_last_published_at	2025-02-27 17:09:10.756725+00
65	wagtailcore	0037_set_page_owner_editable	2025-02-27 17:09:10.763976+00
66	wagtailcore	0038_make_first_published_at_editable	2025-02-27 17:09:10.772326+00
67	wagtailcore	0039_collectionviewrestriction	2025-02-27 17:09:10.816323+00
68	wagtailcore	0040_page_draft_title	2025-02-27 17:09:10.838075+00
69	wagtailcore	0041_group_collection_permissions_verbose_name_plural	2025-02-27 17:09:10.843556+00
70	wagtailcore	0042_index_on_pagerevision_approved_go_live_at	2025-02-27 17:09:10.851929+00
71	wagtailcore	0043_lock_fields	2025-02-27 17:09:10.866691+00
72	wagtailcore	0044_add_unlock_grouppagepermission	2025-02-27 17:09:10.874177+00
73	wagtailcore	0045_assign_unlock_grouppagepermission	2025-02-27 17:09:10.886947+00
74	wagtailcore	0046_site_name_remove_null	2025-02-27 17:09:10.891957+00
75	wagtailcore	0047_add_workflow_models	2025-02-27 17:09:11.143182+00
76	wagtailcore	0048_add_default_workflows	2025-02-27 17:09:11.176905+00
77	wagtailcore	0049_taskstate_finished_by	2025-02-27 17:09:11.190766+00
78	wagtailcore	0050_workflow_rejected_to_needs_changes	2025-02-27 17:09:11.34808+00
79	wagtailcore	0051_taskstate_comment	2025-02-27 17:09:11.362827+00
80	wagtailcore	0052_pagelogentry	2025-02-27 17:09:11.394195+00
81	wagtailcore	0053_locale_model	2025-02-27 17:09:11.399488+00
82	wagtailcore	0054_initial_locale	2025-02-27 17:09:11.419238+00
83	wagtailcore	0055_page_locale_fields	2025-02-27 17:09:11.461714+00
84	wagtailcore	0056_page_locale_fields_populate	2025-02-27 17:09:11.485209+00
85	wagtailcore	0057_page_locale_fields_notnull	2025-02-27 17:09:11.513813+00
86	wagtailcore	0058_page_alias_of	2025-02-27 17:09:11.526941+00
87	wagtailcore	0059_apply_collection_ordering	2025-02-27 17:09:11.544471+00
88	wagtailcore	0060_fix_workflow_unique_constraint	2025-02-27 17:09:11.565725+00
89	wagtailcore	0061_change_promote_tab_helpt_text_and_verbose_names	2025-02-27 17:09:11.58115+00
90	wagtailcore	0062_comment_models_and_pagesubscription	2025-02-27 17:09:11.653061+00
91	wagtailcore	0063_modellogentry	2025-02-27 17:09:11.681847+00
92	wagtailcore	0064_log_timestamp_indexes	2025-02-27 17:09:11.704708+00
93	wagtailcore	0065_log_entry_uuid	2025-02-27 17:09:11.723161+00
94	wagtailcore	0066_collection_management_permissions	2025-02-27 17:09:11.753631+00
95	wagtailcore	0067_alter_pagerevision_content_json	2025-02-27 17:09:11.847911+00
96	wagtailcore	0068_log_entry_empty_object	2025-02-27 17:09:11.904609+00
97	wagtailcore	0069_log_entry_jsonfield	2025-02-27 17:09:12.030936+00
98	wagtailcore	0070_rename_pagerevision_revision	2025-02-27 17:09:12.172178+00
99	wagtailcore	0071_populate_revision_content_type	2025-02-27 17:09:12.187995+00
100	wagtailcore	0072_alter_revision_content_type_notnull	2025-02-27 17:09:12.2136+00
101	wagtailcore	0073_page_latest_revision	2025-02-27 17:09:12.225993+00
102	wagtailcore	0074_revision_object_str	2025-02-27 17:09:12.234901+00
103	wagtailcore	0075_populate_latest_revision_and_revision_object_str	2025-02-27 17:09:12.330955+00
104	wagtailcore	0076_modellogentry_revision	2025-02-27 17:09:12.344328+00
105	wagtailcore	0077_alter_revision_user	2025-02-27 17:09:12.356146+00
106	wagtailcore	0078_referenceindex	2025-02-27 17:09:12.377088+00
107	wagtailcore	0079_rename_taskstate_page_revision	2025-02-27 17:09:12.387411+00
108	wagtailcore	0080_generic_workflowstate	2025-02-27 17:09:12.47004+00
109	wagtailcore	0081_populate_workflowstate_content_type	2025-02-27 17:09:12.489213+00
110	wagtailcore	0082_alter_workflowstate_content_type_notnull	2025-02-27 17:09:12.518065+00
111	wagtailcore	0083_workflowcontenttype	2025-02-27 17:09:12.534051+00
112	wagtailcore	0084_add_default_page_permissions	2025-02-27 17:09:12.543407+00
113	wagtailcore	0085_add_grouppagepermission_permission	2025-02-27 17:09:12.563709+00
114	wagtailcore	0086_populate_grouppagepermission_permission	2025-02-27 17:09:12.641974+00
115	wagtailcore	0087_alter_grouppagepermission_unique_together_and_more	2025-02-27 17:09:12.679169+00
116	wagtailcore	0088_fix_log_entry_json_timestamps	2025-02-27 17:09:12.712341+00
117	wagtailcore	0089_log_entry_data_json_null_to_object	2025-02-27 17:09:12.727896+00
118	wagtailcore	0090_remove_grouppagepermission_permission_type	2025-02-27 17:09:12.760923+00
119	wagtailcore	0091_remove_revision_submitted_for_moderation	2025-02-27 17:09:12.769255+00
120	wagtailcore	0092_alter_collectionviewrestriction_password_and_more	2025-02-27 17:09:12.792364+00
121	wagtailcore	0093_uploadedfile	2025-02-27 17:09:12.811499+00
122	wagtailcore	0094_alter_page_locale	2025-02-27 17:09:12.824295+00
123	taggit	0001_initial	2025-02-27 17:09:12.846562+00
124	wagtailimages	0001_initial	2025-02-27 17:09:12.964808+00
125	wagtailimages	0002_initial_data	2025-02-27 17:09:12.965189+00
126	wagtailimages	0003_fix_focal_point_fields	2025-02-27 17:09:12.965479+00
127	wagtailimages	0004_make_focal_point_key_not_nullable	2025-02-27 17:09:12.965751+00
128	wagtailimages	0005_make_filter_spec_unique	2025-02-27 17:09:12.966003+00
129	wagtailimages	0006_add_verbose_names	2025-02-27 17:09:12.966319+00
130	wagtailimages	0007_image_file_size	2025-02-27 17:09:12.966554+00
131	wagtailimages	0008_image_created_at_index	2025-02-27 17:09:12.966817+00
132	wagtailimages	0009_capitalizeverbose	2025-02-27 17:09:12.967221+00
133	wagtailimages	0010_change_on_delete_behaviour	2025-02-27 17:09:12.967495+00
134	wagtailimages	0011_image_collection	2025-02-27 17:09:12.967733+00
135	wagtailimages	0012_copy_image_permissions_to_collections	2025-02-27 17:09:12.967991+00
136	wagtailimages	0013_make_rendition_upload_callable	2025-02-27 17:09:12.968231+00
137	wagtailimages	0014_add_filter_spec_field	2025-02-27 17:09:12.968504+00
138	wagtailimages	0015_fill_filter_spec_field	2025-02-27 17:09:12.96874+00
139	wagtailimages	0016_deprecate_rendition_filter_relation	2025-02-27 17:09:12.968983+00
140	wagtailimages	0017_reduce_focal_point_key_max_length	2025-02-27 17:09:12.969247+00
141	wagtailimages	0018_remove_rendition_filter	2025-02-27 17:09:12.969596+00
142	wagtailimages	0019_delete_filter	2025-02-27 17:09:12.969906+00
143	wagtailimages	0020_add-verbose-name	2025-02-27 17:09:12.970186+00
144	wagtailimages	0021_image_file_hash	2025-02-27 17:09:12.970467+00
145	wagtailimages	0022_uploadedimage	2025-02-27 17:09:12.993008+00
146	wagtailadmin	0001_create_admin_access_permissions	2025-02-27 17:09:13.017053+00
147	wagtailimages	0023_add_choose_permissions	2025-02-27 17:09:13.064999+00
148	wagtailimages	0024_index_image_file_hash	2025-02-27 17:09:13.081189+00
149	wagtailimages	0025_alter_image_file_alter_rendition_file	2025-02-27 17:09:13.09592+00
150	wagtailimages	0026_delete_uploadedimage	2025-02-27 17:09:13.097869+00
151	wagtailimages	0027_image_description	2025-02-27 17:09:13.110563+00
152	home	0001_initial	2025-02-27 17:09:13.126281+00
153	home	0002_api_tokens_apisettings_dmppage_dmpsearchpage_and_more	2025-02-27 17:09:13.508044+00
154	home	0003_newtestpage	2025-02-27 17:09:13.527364+00
155	sessions	0001_initial	2025-02-27 17:09:13.532115+00
156	socialaccount	0001_initial	2025-02-27 17:09:13.597383+00
157	socialaccount	0002_token_max_lengths	2025-02-27 17:09:13.665351+00
158	socialaccount	0003_extra_data_default_dict	2025-02-27 17:09:13.673237+00
159	socialaccount	0004_app_provider_id_settings	2025-02-27 17:09:13.686261+00
160	socialaccount	0005_socialtoken_nullable_app	2025-02-27 17:09:13.707427+00
161	socialaccount	0006_alter_socialaccount_extra_data	2025-02-27 17:09:13.721656+00
162	taggit	0002_auto_20150616_2121	2025-02-27 17:09:13.730661+00
163	taggit	0003_taggeditem_add_unique_index	2025-02-27 17:09:13.7399+00
164	taggit	0004_alter_taggeditem_content_type_alter_taggeditem_tag	2025-02-27 17:09:13.775466+00
165	taggit	0005_auto_20220424_2025	2025-02-27 17:09:13.79549+00
166	taggit	0006_rename_taggeditem_content_type_object_id_taggit_tagg_content_8fc721_idx	2025-02-27 17:09:13.809876+00
167	wagtailadmin	0002_admin	2025-02-27 17:09:13.811001+00
168	wagtailadmin	0003_admin_managed	2025-02-27 17:09:13.8134+00
169	wagtailadmin	0004_editingsession	2025-02-27 17:09:13.839223+00
170	wagtailadmin	0005_editingsession_is_editing	2025-02-27 17:09:13.84899+00
171	wagtaildocs	0001_initial	2025-02-27 17:09:13.869655+00
172	wagtaildocs	0002_initial_data	2025-02-27 17:09:13.894253+00
173	wagtaildocs	0003_add_verbose_names	2025-02-27 17:09:13.97222+00
174	wagtaildocs	0004_capitalizeverbose	2025-02-27 17:09:14.041943+00
175	wagtaildocs	0005_document_collection	2025-02-27 17:09:14.063974+00
176	wagtaildocs	0006_copy_document_permissions_to_collections	2025-02-27 17:09:14.088213+00
177	wagtaildocs	0005_alter_uploaded_by_user_on_delete_action	2025-02-27 17:09:14.108132+00
178	wagtaildocs	0007_merge	2025-02-27 17:09:14.10885+00
179	wagtaildocs	0008_document_file_size	2025-02-27 17:09:14.119152+00
180	wagtaildocs	0009_document_verbose_name_plural	2025-02-27 17:09:14.128809+00
181	wagtaildocs	0010_document_file_hash	2025-02-27 17:09:14.138762+00
182	wagtaildocs	0011_add_choose_permissions	2025-02-27 17:09:14.198703+00
183	wagtaildocs	0012_uploadeddocument	2025-02-27 17:09:14.281303+00
184	wagtaildocs	0013_delete_uploadeddocument	2025-02-27 17:09:14.282753+00
185	wagtaildocs	0014_alter_document_file_size	2025-02-27 17:09:14.295223+00
186	wagtailembeds	0001_initial	2025-02-27 17:09:14.30203+00
187	wagtailembeds	0002_add_verbose_names	2025-02-27 17:09:14.304124+00
188	wagtailembeds	0003_capitalizeverbose	2025-02-27 17:09:14.306395+00
189	wagtailembeds	0004_embed_verbose_name_plural	2025-02-27 17:09:14.307918+00
190	wagtailembeds	0005_specify_thumbnail_url_max_length	2025-02-27 17:09:14.309873+00
191	wagtailembeds	0006_add_embed_hash	2025-02-27 17:09:14.311712+00
192	wagtailembeds	0007_populate_hash	2025-02-27 17:09:14.335014+00
193	wagtailembeds	0008_allow_long_urls	2025-02-27 17:09:14.345923+00
194	wagtailembeds	0009_embed_cache_until	2025-02-27 17:09:14.349005+00
195	wagtailforms	0001_initial	2025-02-27 17:09:14.374235+00
196	wagtailforms	0002_add_verbose_names	2025-02-27 17:09:14.39591+00
197	wagtailforms	0003_capitalizeverbose	2025-02-27 17:09:14.415711+00
198	wagtailforms	0004_add_verbose_name_plural	2025-02-27 17:09:14.428234+00
199	wagtailforms	0005_alter_formsubmission_form_data	2025-02-27 17:09:14.442103+00
200	wagtailredirects	0001_initial	2025-02-27 17:09:14.479162+00
201	wagtailredirects	0002_add_verbose_names	2025-02-27 17:09:14.512987+00
202	wagtailredirects	0003_make_site_field_editable	2025-02-27 17:09:14.537616+00
203	wagtailredirects	0004_set_unique_on_path_and_site	2025-02-27 17:09:14.574877+00
204	wagtailredirects	0005_capitalizeverbose	2025-02-27 17:09:14.717292+00
205	wagtailredirects	0006_redirect_increase_max_length	2025-02-27 17:09:14.732769+00
206	wagtailredirects	0007_add_autocreate_fields	2025-02-27 17:09:14.785408+00
207	wagtailredirects	0008_add_verbose_name_plural	2025-02-27 17:09:14.798193+00
208	wagtailsearch	0001_initial	2025-02-27 17:09:14.885099+00
209	wagtailsearch	0002_add_verbose_names	2025-02-27 17:09:14.949706+00
210	wagtailsearch	0003_remove_editors_pick	2025-02-27 17:09:14.950646+00
211	wagtailsearch	0004_querydailyhits_verbose_name_plural	2025-02-27 17:09:14.953199+00
212	wagtailsearch	0005_create_indexentry	2025-02-27 17:09:14.99179+00
213	wagtailsearch	0006_customise_indexentry	2025-02-27 17:09:15.041719+00
214	wagtailsearch	0007_delete_editorspick	2025-02-27 17:09:15.04517+00
215	wagtailsearch	0008_remove_query_and_querydailyhits_models	2025-02-27 17:09:15.113113+00
216	wagtailusers	0001_initial	2025-02-27 17:09:15.139857+00
217	wagtailusers	0002_add_verbose_name_on_userprofile	2025-02-27 17:09:15.170944+00
218	wagtailusers	0003_add_verbose_names	2025-02-27 17:09:15.18447+00
219	wagtailusers	0004_capitalizeverbose	2025-02-27 17:09:15.240232+00
220	wagtailusers	0005_make_related_name_wagtail_specific	2025-02-27 17:09:15.271035+00
221	wagtailusers	0006_userprofile_prefered_language	2025-02-27 17:09:15.284183+00
222	wagtailusers	0007_userprofile_current_time_zone	2025-02-27 17:09:15.295752+00
223	wagtailusers	0008_userprofile_avatar	2025-02-27 17:09:15.307694+00
224	wagtailusers	0009_userprofile_verbose_name_plural	2025-02-27 17:09:15.318479+00
225	wagtailusers	0010_userprofile_updated_comments_notifications	2025-02-27 17:09:15.331123+00
226	wagtailusers	0011_userprofile_dismissibles	2025-02-27 17:09:15.344282+00
227	wagtailusers	0012_userprofile_theme	2025-02-27 17:09:15.357527+00
228	wagtailusers	0013_userprofile_density	2025-02-27 17:09:15.367748+00
229	wagtailusers	0014_userprofile_contrast	2025-02-27 17:09:15.381441+00
230	wagtailimages	0001_squashed_0021	2025-02-27 17:09:15.383452+00
231	wagtailcore	0001_squashed_0016_change_page_url_path_to_text_field	2025-02-27 17:09:15.384048+00
232	PRP_CDM_app	0002_experimentdatamanagementplan_filesinfo_and_more	2025-03-06 14:37:18.700086+00
233	home	0004_fileinfopage_delete_newtestpage	2025-03-06 15:53:01.856801+00
\.


--
-- Data for Name: django_session; Type: TABLE DATA; Schema: public; Owner: decos
--

COPY public.django_session (session_key, session_data, expire_date) FROM stdin;
dr673ebp3c4f58f4pw9x1i8bnp4mnmtp	.eJxVj0FugzAQRe8yawTGGHDYpVLVTXuCqkJjexLTgo2wURtFuXvtNpvsZua_edK_AmrtdxdH3KMlFyeNcfJuXChabwIM71f4n2GAFUP49puBAjDCUPeCdX3H665seV2LuilgD7Q5XCjRaJbJwe2jgD_5mKNxyp4aHm4K9Re5HJhPdGdfau_iNqkyI-U9DeWbNzQ_3dkHgcVg03eLpj-0Ghs6YIOma5SWmosTGYGCN2lBJlqDCRNcammUNFyRkkqdNG95lgYKIfenn3XaLqkjZ4eOsQI2ivvmxhXPuZuNcR2qijBczLKWs9c4Wx_iIJlkVRLNqJJrJh0pF3s9vjzD7Rew6nnB:1tnhPZ:8ZRoXIHwg9T8kqtMShnW4GI5vYwXYzLbEk9iMXLjB1E	2025-03-13 17:11:01.809294+00
8o18bcm29hhro4us2o4xys4obxivyp23	.eJxVj8tugzAQRf9l1oiAH2BYdt8vqCo0tifBbbCRbdRWUf69dptNdjNzzxzp3gCNCYfPCx55JZ-dweyCXzbKa7AJ5rcb_M8ww44pfYVooQHMMPej6JWUXI2tnLjop6GBI1H0uFGh0W7Ow_29gT_5UqPFVU8PTzeN5pN8DewH-ktoTfA5Ot1WpH2kqX0Nlq4vD_ZJsGJay7dEO07SIKcJOdqBa6MME2eyAgXjZcFOSIsFE0wZZbWyTJNWWp8Nk6xKE6VU-9P37uJP6ci6aei6BiLlI_plx0vtdkq47VdKJ7j_Am8Ca9g:1tseCW:liYShBVyxPWK8V-75hWFuuidtXcXzEscBkPnhuJmqO8	2025-03-27 08:46:00.789628+00
\.


--
-- Data for Name: home_apisettings; Type: TABLE DATA; Schema: public; Owner: decos
--

COPY public.home_apisettings (id, elab_base_url, jenkins_base_url, minio_base_url) FROM stdin;
3	https://prp-electronic-lab.areasciencepark.it/	http://localhost:9000/	s3.dev.rd.areasciencepark.it
\.


--
-- Data for Name: home_dmppage; Type: TABLE DATA; Schema: public; Owner: decos
--

COPY public.home_dmppage (page_ptr_id, intro, thankyou_page_title) FROM stdin;
7		Thank you!
\.


--
-- Data for Name: home_dmpsearchpage; Type: TABLE DATA; Schema: public; Owner: decos
--

COPY public.home_dmpsearchpage (page_ptr_id) FROM stdin;
\.


--
-- Data for Name: home_dmpviewpage; Type: TABLE DATA; Schema: public; Owner: decos
--

COPY public.home_dmpviewpage (page_ptr_id) FROM stdin;
\.


--
-- Data for Name: home_editsamplepage; Type: TABLE DATA; Schema: public; Owner: decos
--

COPY public.home_editsamplepage (page_ptr_id, intro) FROM stdin;
10	
\.


--
-- Data for Name: home_experimentmetadatareportpage; Type: TABLE DATA; Schema: public; Owner: decos
--

COPY public.home_experimentmetadatareportpage (page_ptr_id, intro) FROM stdin;
12	
\.


--
-- Data for Name: home_fileinfopage; Type: TABLE DATA; Schema: public; Owner: decos
--

COPY public.home_fileinfopage (page_ptr_id, intro, thankyou_page_title) FROM stdin;
13	<p data-block-key="gr5f6">Write something about the files</p>	Thank you!
\.


--
-- Data for Name: home_footersettings; Type: TABLE DATA; Schema: public; Owner: decos
--

COPY public.home_footersettings (id, footer_text) FROM stdin;
1	
\.


--
-- Data for Name: home_headersettings; Type: TABLE DATA; Schema: public; Owner: decos
--

COPY public.home_headersettings (id, header_text, prp_icon_id) FROM stdin;
1		2
\.


--
-- Data for Name: home_homepage; Type: TABLE DATA; Schema: public; Owner: decos
--

COPY public.home_homepage (page_ptr_id, body, intro) FROM stdin;
3		Welcome to EasyDMP!
\.


--
-- Data for Name: home_instrumentspage; Type: TABLE DATA; Schema: public; Owner: decos
--

COPY public.home_instrumentspage (page_ptr_id, intro, thankyou_page_title) FROM stdin;
8		Thank you!
\.


--
-- Data for Name: home_pipelinespage; Type: TABLE DATA; Schema: public; Owner: decos
--

COPY public.home_pipelinespage (page_ptr_id, intro) FROM stdin;
11	
\.


--
-- Data for Name: home_proposallistpage; Type: TABLE DATA; Schema: public; Owner: decos
--

COPY public.home_proposallistpage (page_ptr_id, intro) FROM stdin;
\.


--
-- Data for Name: home_proposalsubmissionpage; Type: TABLE DATA; Schema: public; Owner: decos
--

COPY public.home_proposalsubmissionpage (page_ptr_id, intro, thankyou_page_title) FROM stdin;
\.


--
-- Data for Name: home_resultslistpage; Type: TABLE DATA; Schema: public; Owner: decos
--

COPY public.home_resultslistpage (page_ptr_id, intro) FROM stdin;
6	
\.


--
-- Data for Name: home_resultspage; Type: TABLE DATA; Schema: public; Owner: decos
--

COPY public.home_resultspage (page_ptr_id, intro, thankyou_page_title) FROM stdin;
5		Thank you!
\.


--
-- Data for Name: home_samplelistpage; Type: TABLE DATA; Schema: public; Owner: decos
--

COPY public.home_samplelistpage (page_ptr_id, intro) FROM stdin;
4	
\.


--
-- Data for Name: home_samplepage; Type: TABLE DATA; Schema: public; Owner: decos
--

COPY public.home_samplepage (page_ptr_id, intro, thankyou_page_title) FROM stdin;
9		Thank you!
\.


--
-- Data for Name: home_servicerequestsubmissionpage; Type: TABLE DATA; Schema: public; Owner: decos
--

COPY public.home_servicerequestsubmissionpage (page_ptr_id, intro, thankyou_page_title) FROM stdin;
\.


--
-- Data for Name: socialaccount_socialaccount; Type: TABLE DATA; Schema: public; Owner: decos
--

COPY public.socialaccount_socialaccount (id, provider, uid, last_login, date_joined, extra_data, user_id) FROM stdin;
\.


--
-- Data for Name: socialaccount_socialapp; Type: TABLE DATA; Schema: public; Owner: decos
--

COPY public.socialaccount_socialapp (id, provider, name, client_id, secret, key, provider_id, settings) FROM stdin;
\.


--
-- Data for Name: socialaccount_socialtoken; Type: TABLE DATA; Schema: public; Owner: decos
--

COPY public.socialaccount_socialtoken (id, token, token_secret, expires_at, account_id, app_id) FROM stdin;
\.


--
-- Data for Name: taggit_tag; Type: TABLE DATA; Schema: public; Owner: decos
--

COPY public.taggit_tag (id, name, slug) FROM stdin;
\.


--
-- Data for Name: taggit_taggeditem; Type: TABLE DATA; Schema: public; Owner: decos
--

COPY public.taggit_taggeditem (id, object_id, content_type_id, tag_id) FROM stdin;
\.


--
-- Data for Name: wagtailadmin_admin; Type: TABLE DATA; Schema: public; Owner: decos
--

COPY public.wagtailadmin_admin (id) FROM stdin;
\.


--
-- Data for Name: wagtailadmin_editingsession; Type: TABLE DATA; Schema: public; Owner: decos
--

COPY public.wagtailadmin_editingsession (id, object_id, last_seen_at, content_type_id, user_id, is_editing) FROM stdin;
\.


--
-- Data for Name: wagtailcore_collection; Type: TABLE DATA; Schema: public; Owner: decos
--

COPY public.wagtailcore_collection (id, path, depth, numchild, name) FROM stdin;
1	0001	1	0	Root
\.


--
-- Data for Name: wagtailcore_collectionviewrestriction; Type: TABLE DATA; Schema: public; Owner: decos
--

COPY public.wagtailcore_collectionviewrestriction (id, restriction_type, password, collection_id) FROM stdin;
\.


--
-- Data for Name: wagtailcore_collectionviewrestriction_groups; Type: TABLE DATA; Schema: public; Owner: decos
--

COPY public.wagtailcore_collectionviewrestriction_groups (id, collectionviewrestriction_id, group_id) FROM stdin;
\.


--
-- Data for Name: wagtailcore_comment; Type: TABLE DATA; Schema: public; Owner: decos
--

COPY public.wagtailcore_comment (id, text, contentpath, "position", created_at, updated_at, resolved_at, page_id, resolved_by_id, revision_created_id, user_id) FROM stdin;
\.


--
-- Data for Name: wagtailcore_commentreply; Type: TABLE DATA; Schema: public; Owner: decos
--

COPY public.wagtailcore_commentreply (id, text, created_at, updated_at, comment_id, user_id) FROM stdin;
\.


--
-- Data for Name: wagtailcore_groupapprovaltask; Type: TABLE DATA; Schema: public; Owner: decos
--

COPY public.wagtailcore_groupapprovaltask (task_ptr_id) FROM stdin;
1
\.


--
-- Data for Name: wagtailcore_groupapprovaltask_groups; Type: TABLE DATA; Schema: public; Owner: decos
--

COPY public.wagtailcore_groupapprovaltask_groups (id, groupapprovaltask_id, group_id) FROM stdin;
1	1	1
\.


--
-- Data for Name: wagtailcore_groupcollectionpermission; Type: TABLE DATA; Schema: public; Owner: decos
--

COPY public.wagtailcore_groupcollectionpermission (id, collection_id, group_id, permission_id) FROM stdin;
1	1	1	101
2	1	2	101
3	1	1	102
4	1	2	102
5	1	1	105
6	1	2	105
7	1	1	106
8	1	2	106
9	1	1	107
10	1	2	107
11	1	1	109
12	1	2	109
\.


--
-- Data for Name: wagtailcore_grouppagepermission; Type: TABLE DATA; Schema: public; Owner: decos
--

COPY public.wagtailcore_grouppagepermission (id, group_id, page_id, permission_id) FROM stdin;
\.


--
-- Data for Name: wagtailcore_locale; Type: TABLE DATA; Schema: public; Owner: decos
--

COPY public.wagtailcore_locale (id, language_code) FROM stdin;
1	en
\.


--
-- Data for Name: wagtailcore_modellogentry; Type: TABLE DATA; Schema: public; Owner: decos
--

COPY public.wagtailcore_modellogentry (id, label, action, data, "timestamp", content_changed, deleted, object_id, content_type_id, user_id, uuid, revision_id) FROM stdin;
1	admin	wagtail.edit	{}	2025-02-27 17:10:53.317412+00	t	f	1	60	1	c205636b-ca22-4450-a0b2-5feae0273ad5	\N
2	header settings	wagtail.edit	{}	2025-02-28 10:16:05.416801+00	t	f	1	46	1	03297556-fb5d-425c-bf1d-74535af860d0	\N
3	header settings	wagtail.edit	{}	2025-03-03 07:38:33.228377+00	t	f	1	46	1	41767e76-a059-4b41-9004-c490eb384c46	\N
\.


--
-- Data for Name: wagtailcore_page; Type: TABLE DATA; Schema: public; Owner: decos
--

COPY public.wagtailcore_page (id, path, depth, numchild, title, slug, live, has_unpublished_changes, url_path, seo_title, show_in_menus, search_description, go_live_at, expire_at, expired, content_type_id, owner_id, locked, latest_revision_created_at, first_published_at, live_revision_id, last_published_at, draft_title, locked_at, locked_by_id, translation_key, locale_id, alias_of_id, latest_revision_id) FROM stdin;
3	0001	1	9	Home	home	t	f	/		t		\N	\N	f	28	\N	f	2025-02-27 17:09:22.914843+00	2025-02-27 17:09:22.921072+00	1	2025-02-27 17:09:22.921072+00	Home	\N	\N	aa5e1ce4-a104-4395-bb31-a8509d3f2888	1	\N	1
4	00010001	2	0	Samples	samples	t	f	/samples/		t		\N	\N	f	43	\N	f	2025-02-27 17:09:22.941921+00	2025-02-27 17:09:22.947104+00	2	2025-02-27 17:09:22.947104+00	Samples	\N	\N	2f66459d-8b8e-4702-8898-bb5aad9fee5a	1	\N	2
5	00010002	2	0	Add Result	add-result	t	f	/add-result/		t		\N	\N	f	42	\N	f	2025-02-27 17:09:22.968469+00	2025-02-27 17:09:22.974914+00	3	2025-02-27 17:09:22.974914+00	Add Result	\N	\N	7023df64-24dd-4a70-bb5a-36c2dfb86da3	1	\N	3
7	00010004	2	0	DMP Information	dmp	t	f	/dmp/		t		\N	\N	f	31	\N	f	2025-02-27 17:09:23.021861+00	2025-02-27 17:09:23.02809+00	5	2025-02-27 17:09:23.02809+00	DMP Information	\N	\N	61a4779a-59ac-4ff4-a20c-42e6f8d06f62	1	\N	5
8	00010005	2	0	Instruments	instruments	t	f	/instruments/		t		\N	\N	f	37	\N	f	2025-02-27 17:09:23.04845+00	2025-02-27 17:09:23.054369+00	6	2025-02-27 17:09:23.054369+00	Instruments	\N	\N	7cdb6f6b-7b1c-4037-87f5-2efcdcbd828e	1	\N	6
13	00010009	2	0	File information entry	file-information-entry	t	f	/file-information-entry/		t		\N	\N	f	93	1	f	2025-03-07 08:03:24.375107+00	2025-03-06 15:57:28.282181+00	15	2025-03-07 08:03:24.396297+00	File information entry	\N	\N	4c6f3a53-9897-4867-b71e-6673ed0e474b	1	\N	15
9	00010006	2	0	Add Sample Page	add-sample-page	t	f	/add-sample-page/		t		\N	\N	f	44	\N	f	2025-02-27 17:09:23.074821+00	2025-02-27 17:09:23.080382+00	7	2025-02-27 17:09:23.080382+00	Add Sample Page	\N	\N	46b0f0ff-626b-46f3-a396-2d5d598fd3a5	1	\N	7
10	00010007	2	0	Edit Sample Page	edit-sample-entry	t	f	/edit-sample-entry/		f		\N	\N	f	34	\N	f	2025-02-27 17:09:23.100246+00	2025-02-27 17:09:23.106415+00	8	2025-02-27 17:09:23.106415+00	Edit Sample Page	\N	\N	6ed267ed-6c63-43e3-8671-d16a932aebc4	1	\N	8
11	00010008	2	0	Pipelines	pipelines	t	f	/pipelines/		f		\N	\N	f	38	\N	f	2025-02-27 17:09:23.125919+00	2025-02-27 17:09:23.130991+00	9	2025-02-27 17:09:23.130991+00	Pipelines	\N	\N	118d8c0d-8e7f-466b-95d0-4b2870e16775	1	\N	9
6	00010003	2	1	Results	results	t	f	/results/		t		\N	\N	f	41	\N	f	2025-02-27 17:09:22.995105+00	2025-02-27 17:09:23.000193+00	4	2025-02-27 17:09:23.000193+00	Results	\N	\N	ac057917-7418-4aaf-9504-6259a62b1456	1	\N	4
12	000100030001	3	0	Experiment Metadata	dmp	t	f	/results/dmp/		t		\N	\N	f	35	\N	f	2025-02-27 17:09:23.150489+00	2025-02-27 17:09:23.156041+00	10	2025-02-27 17:09:23.156041+00	Experiment Metadata	\N	\N	7884ddd1-1387-4edf-a5e7-72a09e1ab7a3	1	\N	10
\.


--
-- Data for Name: wagtailcore_pagelogentry; Type: TABLE DATA; Schema: public; Owner: decos
--

COPY public.wagtailcore_pagelogentry (id, label, action, data, "timestamp", content_changed, deleted, content_type_id, page_id, revision_id, user_id, uuid) FROM stdin;
1	Welcome to your new Wagtail site!	wagtail.delete	{}	2025-02-27 17:09:22.867581+00	f	t	1	2	\N	\N	\N
2	Root	wagtail.delete	{}	2025-02-27 17:09:22.870851+00	f	t	1	1	\N	\N	\N
3	Home	wagtail.create	{}	2025-02-27 17:09:22.900246+00	t	f	28	3	\N	\N	\N
4	Home	wagtail.publish	{}	2025-02-27 17:09:22.929757+00	t	f	28	3	1	\N	\N
5	Samples	wagtail.create	{}	2025-02-27 17:09:22.935677+00	t	f	43	4	\N	\N	\N
6	Samples	wagtail.publish	{}	2025-02-27 17:09:22.955717+00	t	f	43	4	2	\N	\N
7	Samples	wagtail.view_restriction.create	{"restriction": {"type": "login", "title": "Private, accessible to any logged-in users"}}	2025-02-27 17:09:22.957331+00	f	f	43	4	\N	\N	\N
8	Add Result	wagtail.create	{}	2025-02-27 17:09:22.962464+00	t	f	42	5	\N	\N	\N
9	Add Result	wagtail.publish	{}	2025-02-27 17:09:22.983007+00	t	f	42	5	3	\N	\N
10	Add Result	wagtail.view_restriction.create	{"restriction": {"type": "login", "title": "Private, accessible to any logged-in users"}}	2025-02-27 17:09:22.984336+00	f	f	42	5	\N	\N	\N
11	Results	wagtail.create	{}	2025-02-27 17:09:22.989709+00	t	f	41	6	\N	\N	\N
12	Results	wagtail.publish	{}	2025-02-27 17:09:23.009186+00	t	f	41	6	4	\N	\N
13	Results	wagtail.view_restriction.create	{"restriction": {"type": "login", "title": "Private, accessible to any logged-in users"}}	2025-02-27 17:09:23.010359+00	f	f	41	6	\N	\N	\N
14	DMP Information	wagtail.create	{}	2025-02-27 17:09:23.014981+00	t	f	31	7	\N	\N	\N
15	DMP Information	wagtail.publish	{}	2025-02-27 17:09:23.036278+00	t	f	31	7	5	\N	\N
16	DMP Information	wagtail.view_restriction.create	{"restriction": {"type": "login", "title": "Private, accessible to any logged-in users"}}	2025-02-27 17:09:23.037672+00	f	f	31	7	\N	\N	\N
17	Instruments	wagtail.create	{}	2025-02-27 17:09:23.042763+00	t	f	37	8	\N	\N	\N
18	Instruments	wagtail.publish	{}	2025-02-27 17:09:23.062837+00	t	f	37	8	6	\N	\N
19	Instruments	wagtail.view_restriction.create	{"restriction": {"type": "login", "title": "Private, accessible to any logged-in users"}}	2025-02-27 17:09:23.064171+00	f	f	37	8	\N	\N	\N
20	Add Sample Page	wagtail.create	{}	2025-02-27 17:09:23.068615+00	t	f	44	9	\N	\N	\N
21	Add Sample Page	wagtail.publish	{}	2025-02-27 17:09:23.088709+00	t	f	44	9	7	\N	\N
22	Add Sample Page	wagtail.view_restriction.create	{"restriction": {"type": "login", "title": "Private, accessible to any logged-in users"}}	2025-02-27 17:09:23.090074+00	f	f	44	9	\N	\N	\N
23	Edit Sample Page	wagtail.create	{}	2025-02-27 17:09:23.094617+00	t	f	34	10	\N	\N	\N
24	Edit Sample Page	wagtail.publish	{}	2025-02-27 17:09:23.114438+00	t	f	34	10	8	\N	\N
25	Edit Sample Page	wagtail.view_restriction.create	{"restriction": {"type": "login", "title": "Private, accessible to any logged-in users"}}	2025-02-27 17:09:23.115536+00	f	f	34	10	\N	\N	\N
26	Pipelines	wagtail.create	{}	2025-02-27 17:09:23.120466+00	t	f	38	11	\N	\N	\N
27	Pipelines	wagtail.publish	{}	2025-02-27 17:09:23.139114+00	t	f	38	11	9	\N	\N
28	Pipelines	wagtail.view_restriction.create	{"restriction": {"type": "login", "title": "Private, accessible to any logged-in users"}}	2025-02-27 17:09:23.140418+00	f	f	38	11	\N	\N	\N
29	Experiment Metadata	wagtail.create	{}	2025-02-27 17:09:23.144712+00	t	f	35	12	\N	\N	\N
30	Experiment Metadata	wagtail.publish	{}	2025-02-27 17:09:23.164708+00	t	f	35	12	10	\N	\N
31	Experiment Metadata	wagtail.view_restriction.create	{"restriction": {"type": "login", "title": "Private, accessible to any logged-in users"}}	2025-02-27 17:09:23.165807+00	f	f	35	12	\N	\N	\N
32	File information entry	wagtail.create	{}	2025-03-06 15:57:20.914304+00	t	f	93	13	\N	1	8e2a6ad8-02a1-4d66-b9fc-58ec897c1035
33	File information entry	wagtail.edit	{}	2025-03-06 15:57:20.974471+00	t	f	93	13	11	1	8e2a6ad8-02a1-4d66-b9fc-58ec897c1035
34	File information entry	wagtail.view_restriction.create	{"restriction": {"type": "login", "title": "Private, accessible to any logged-in users"}}	2025-03-06 15:57:24.500885+00	f	f	93	13	\N	1	ad4dc22b-03b5-4ffc-af11-73bc8e5fc5c8
35	File information entry	wagtail.edit	{}	2025-03-06 15:57:28.277742+00	t	f	93	13	12	1	ee3d6a5f-f4e4-45f3-aced-72bc90b85ec9
36	File information entry	wagtail.publish	{}	2025-03-06 15:57:28.302111+00	f	f	93	13	12	1	ee3d6a5f-f4e4-45f3-aced-72bc90b85ec9
37	File information entry	wagtail.edit	{}	2025-03-07 08:02:24.547921+00	t	f	93	13	13	1	44245b17-e9fa-4667-b3da-79cd610f339a
38	File information entry	wagtail.publish	{}	2025-03-07 08:02:24.574534+00	f	f	93	13	13	1	44245b17-e9fa-4667-b3da-79cd610f339a
39	File information entry	wagtail.edit	{}	2025-03-07 08:02:39.517964+00	t	f	93	13	14	1	215cf702-4fe4-48d8-a3ef-94c2481a273e
40	File information entry	wagtail.publish	{}	2025-03-07 08:02:39.536155+00	t	f	93	13	14	1	215cf702-4fe4-48d8-a3ef-94c2481a273e
41	File information entry	wagtail.edit	{}	2025-03-07 08:03:24.391589+00	t	f	93	13	15	1	73e78538-92ef-42ab-aa0d-4a379177b420
42	File information entry	wagtail.publish	{}	2025-03-07 08:03:24.407249+00	f	f	93	13	15	1	73e78538-92ef-42ab-aa0d-4a379177b420
\.


--
-- Data for Name: wagtailcore_pagesubscription; Type: TABLE DATA; Schema: public; Owner: decos
--

COPY public.wagtailcore_pagesubscription (id, comment_notifications, page_id, user_id) FROM stdin;
2	f	9	1
1	t	13	1
\.


--
-- Data for Name: wagtailcore_pageviewrestriction; Type: TABLE DATA; Schema: public; Owner: decos
--

COPY public.wagtailcore_pageviewrestriction (id, password, page_id, restriction_type) FROM stdin;
1		4	login
2		5	login
3		6	login
4		7	login
5		8	login
6		9	login
7		10	login
8		11	login
9		12	login
10		13	login
\.


--
-- Data for Name: wagtailcore_pageviewrestriction_groups; Type: TABLE DATA; Schema: public; Owner: decos
--

COPY public.wagtailcore_pageviewrestriction_groups (id, pageviewrestriction_id, group_id) FROM stdin;
\.


--
-- Data for Name: wagtailcore_referenceindex; Type: TABLE DATA; Schema: public; Owner: decos
--

COPY public.wagtailcore_referenceindex (id, object_id, to_object_id, model_path, content_path, content_path_hash, base_content_type_id, content_type_id, to_content_type_id) FROM stdin;
1	1	1	collection	collection	b40b1263-e929-57f2-a7f8-9dbce56b887b	25	25	7
2	2	1	collection	collection	b40b1263-e929-57f2-a7f8-9dbce56b887b	25	25	7
\.


--
-- Data for Name: wagtailcore_revision; Type: TABLE DATA; Schema: public; Owner: decos
--

COPY public.wagtailcore_revision (id, created_at, content, approved_go_live_at, object_id, user_id, content_type_id, base_content_type_id, object_str) FROM stdin;
1	2025-02-27 17:09:22.914843+00	{"pk": 3, "body": "", "live": true, "path": "0001", "slug": "home", "depth": 1, "intro": "Welcome to EasyDMP!", "owner": null, "title": "Home", "locale": 1, "locked": false, "expired": false, "alias_of": null, "numchild": 0, "url_path": "/", "expire_at": null, "locked_at": null, "locked_by": null, "seo_title": "", "go_live_at": null, "draft_title": "Home", "content_type": 28, "live_revision": null, "show_in_menus": true, "latest_revision": null, "translation_key": "aa5e1ce4-a104-4395-bb31-a8509d3f2888", "last_published_at": null, "first_published_at": null, "search_description": "", "wagtail_admin_comments": [], "has_unpublished_changes": false, "latest_revision_created_at": null}	\N	3	\N	28	1	Home
2	2025-02-27 17:09:22.941921+00	{"pk": 4, "live": true, "path": "00010001", "slug": "samples", "depth": 2, "intro": "", "owner": null, "title": "Samples", "locale": 1, "locked": false, "expired": false, "alias_of": null, "numchild": 0, "url_path": "/samples/", "expire_at": null, "locked_at": null, "locked_by": null, "seo_title": "", "go_live_at": null, "draft_title": "Samples", "content_type": 43, "live_revision": null, "show_in_menus": true, "latest_revision": null, "translation_key": "2f66459d-8b8e-4702-8898-bb5aad9fee5a", "last_published_at": null, "first_published_at": null, "search_description": "", "wagtail_admin_comments": [], "has_unpublished_changes": false, "latest_revision_created_at": null}	\N	4	\N	43	1	Samples
3	2025-02-27 17:09:22.968469+00	{"pk": 5, "live": true, "path": "00010002", "slug": "add-result", "depth": 2, "intro": "", "owner": null, "title": "Add Result", "locale": 1, "locked": false, "expired": false, "alias_of": null, "numchild": 0, "url_path": "/add-result/", "expire_at": null, "locked_at": null, "locked_by": null, "seo_title": "", "go_live_at": null, "draft_title": "Add Result", "content_type": 42, "live_revision": null, "show_in_menus": true, "latest_revision": null, "translation_key": "7023df64-24dd-4a70-bb5a-36c2dfb86da3", "last_published_at": null, "first_published_at": null, "search_description": "", "thankyou_page_title": "Thank you!", "wagtail_admin_comments": [], "has_unpublished_changes": false, "latest_revision_created_at": null}	\N	5	\N	42	1	Add Result
4	2025-02-27 17:09:22.995105+00	{"pk": 6, "live": true, "path": "00010003", "slug": "results", "depth": 2, "intro": "", "owner": null, "title": "Results", "locale": 1, "locked": false, "expired": false, "alias_of": null, "numchild": 0, "url_path": "/results/", "expire_at": null, "locked_at": null, "locked_by": null, "seo_title": "", "go_live_at": null, "draft_title": "Results", "content_type": 41, "live_revision": null, "show_in_menus": true, "latest_revision": null, "translation_key": "ac057917-7418-4aaf-9504-6259a62b1456", "last_published_at": null, "first_published_at": null, "search_description": "", "wagtail_admin_comments": [], "has_unpublished_changes": false, "latest_revision_created_at": null}	\N	6	\N	41	1	Results
5	2025-02-27 17:09:23.021861+00	{"pk": 7, "live": true, "path": "00010004", "slug": "dmp", "depth": 2, "intro": "", "owner": null, "title": "DMP Information", "locale": 1, "locked": false, "expired": false, "alias_of": null, "numchild": 0, "url_path": "/dmp/", "expire_at": null, "locked_at": null, "locked_by": null, "seo_title": "", "go_live_at": null, "draft_title": "DMP Information", "content_type": 31, "live_revision": null, "show_in_menus": true, "latest_revision": null, "translation_key": "61a4779a-59ac-4ff4-a20c-42e6f8d06f62", "last_published_at": null, "first_published_at": null, "search_description": "", "thankyou_page_title": "Thank you!", "wagtail_admin_comments": [], "has_unpublished_changes": false, "latest_revision_created_at": null}	\N	7	\N	31	1	DMP Information
6	2025-02-27 17:09:23.04845+00	{"pk": 8, "live": true, "path": "00010005", "slug": "instruments", "depth": 2, "intro": "", "owner": null, "title": "Instruments", "locale": 1, "locked": false, "expired": false, "alias_of": null, "numchild": 0, "url_path": "/instruments/", "expire_at": null, "locked_at": null, "locked_by": null, "seo_title": "", "go_live_at": null, "draft_title": "Instruments", "content_type": 37, "live_revision": null, "show_in_menus": true, "latest_revision": null, "translation_key": "7cdb6f6b-7b1c-4037-87f5-2efcdcbd828e", "last_published_at": null, "first_published_at": null, "search_description": "", "thankyou_page_title": "Thank you!", "wagtail_admin_comments": [], "has_unpublished_changes": false, "latest_revision_created_at": null}	\N	8	\N	37	1	Instruments
7	2025-02-27 17:09:23.074821+00	{"pk": 9, "live": true, "path": "00010006", "slug": "add-sample-page", "depth": 2, "intro": "", "owner": null, "title": "Add Sample Page", "locale": 1, "locked": false, "expired": false, "alias_of": null, "numchild": 0, "url_path": "/add-sample-page/", "expire_at": null, "locked_at": null, "locked_by": null, "seo_title": "", "go_live_at": null, "draft_title": "Add Sample Page", "content_type": 44, "live_revision": null, "show_in_menus": true, "latest_revision": null, "translation_key": "46b0f0ff-626b-46f3-a396-2d5d598fd3a5", "last_published_at": null, "first_published_at": null, "search_description": "", "thankyou_page_title": "Thank you!", "wagtail_admin_comments": [], "has_unpublished_changes": false, "latest_revision_created_at": null}	\N	9	\N	44	1	Add Sample Page
8	2025-02-27 17:09:23.100246+00	{"pk": 10, "live": true, "path": "00010007", "slug": "edit-sample-entry", "depth": 2, "intro": "", "owner": null, "title": "Edit Sample Page", "locale": 1, "locked": false, "expired": false, "alias_of": null, "numchild": 0, "url_path": "/edit-sample-entry/", "expire_at": null, "locked_at": null, "locked_by": null, "seo_title": "", "go_live_at": null, "draft_title": "Edit Sample Page", "content_type": 34, "live_revision": null, "show_in_menus": false, "latest_revision": null, "translation_key": "6ed267ed-6c63-43e3-8671-d16a932aebc4", "last_published_at": null, "first_published_at": null, "search_description": "", "wagtail_admin_comments": [], "has_unpublished_changes": false, "latest_revision_created_at": null}	\N	10	\N	34	1	Edit Sample Page
9	2025-02-27 17:09:23.125919+00	{"pk": 11, "live": true, "path": "00010008", "slug": "pipelines", "depth": 2, "intro": "", "owner": null, "title": "Pipelines", "locale": 1, "locked": false, "expired": false, "alias_of": null, "numchild": 0, "url_path": "/pipelines/", "expire_at": null, "locked_at": null, "locked_by": null, "seo_title": "", "go_live_at": null, "draft_title": "Pipelines", "content_type": 38, "live_revision": null, "show_in_menus": false, "latest_revision": null, "translation_key": "118d8c0d-8e7f-466b-95d0-4b2870e16775", "last_published_at": null, "first_published_at": null, "search_description": "", "wagtail_admin_comments": [], "has_unpublished_changes": false, "latest_revision_created_at": null}	\N	11	\N	38	1	Pipelines
10	2025-02-27 17:09:23.150489+00	{"pk": 12, "live": true, "path": "000100030001", "slug": "dmp", "depth": 3, "intro": "", "owner": null, "title": "Experiment Metadata", "locale": 1, "locked": false, "expired": false, "alias_of": null, "numchild": 0, "url_path": "/results/dmp/", "expire_at": null, "locked_at": null, "locked_by": null, "seo_title": "", "go_live_at": null, "draft_title": "Experiment Metadata", "content_type": 35, "live_revision": null, "show_in_menus": true, "latest_revision": null, "translation_key": "7884ddd1-1387-4edf-a5e7-72a09e1ab7a3", "last_published_at": null, "first_published_at": null, "search_description": "", "wagtail_admin_comments": [], "has_unpublished_changes": false, "latest_revision_created_at": null}	\N	12	\N	35	1	Experiment Metadata
11	2025-03-06 15:57:20.967374+00	{"pk": 13, "live": false, "path": "00010009", "slug": "file-information-entry", "depth": 2, "intro": "<p data-block-key=\\"gr5f6\\">Write something about the files</p>", "owner": 1, "title": "File information entry", "locale": 1, "locked": false, "expired": false, "alias_of": null, "numchild": 0, "url_path": "/file-information-entry/", "expire_at": null, "locked_at": null, "locked_by": null, "seo_title": "", "go_live_at": null, "draft_title": "File information entry", "content_type": 93, "live_revision": null, "show_in_menus": false, "latest_revision": null, "translation_key": "4c6f3a53-9897-4867-b71e-6673ed0e474b", "last_published_at": null, "first_published_at": null, "search_description": "", "thankyou_page_title": "Thank you!", "wagtail_admin_comments": [], "has_unpublished_changes": false, "latest_revision_created_at": null}	\N	13	1	93	1	File information entry
12	2025-03-06 15:57:28.271238+00	{"pk": 13, "live": false, "path": "00010009", "slug": "file-information-entry", "depth": 2, "intro": "<p data-block-key=\\"gr5f6\\">Write something about the files</p>", "owner": 1, "title": "File information entry", "locale": 1, "locked": false, "expired": false, "alias_of": null, "numchild": 0, "url_path": "/file-information-entry/", "expire_at": null, "locked_at": null, "locked_by": null, "seo_title": "", "go_live_at": null, "draft_title": "File information entry", "content_type": 93, "live_revision": null, "show_in_menus": false, "latest_revision": 11, "translation_key": "4c6f3a53-9897-4867-b71e-6673ed0e474b", "last_published_at": null, "first_published_at": null, "search_description": "", "thankyou_page_title": "Thank you!", "wagtail_admin_comments": [], "has_unpublished_changes": true, "latest_revision_created_at": "2025-03-06T15:57:20.967Z"}	\N	13	1	93	1	File information entry
13	2025-03-07 08:02:24.491138+00	{"pk": 13, "live": true, "path": "00010009", "slug": "file-information-entry", "depth": 2, "intro": "<p data-block-key=\\"gr5f6\\">Write something about the files</p>", "owner": 1, "title": "File information entry", "locale": 1, "locked": false, "expired": false, "alias_of": null, "numchild": 0, "url_path": "/file-information-entry/", "expire_at": null, "locked_at": null, "locked_by": null, "seo_title": "", "go_live_at": null, "draft_title": "File information entry", "content_type": 93, "live_revision": 12, "show_in_menus": false, "latest_revision": 12, "translation_key": "4c6f3a53-9897-4867-b71e-6673ed0e474b", "last_published_at": "2025-03-06T15:57:28.282Z", "first_published_at": "2025-03-06T15:57:28.282Z", "search_description": "", "thankyou_page_title": "Thank you!", "wagtail_admin_comments": [], "has_unpublished_changes": false, "latest_revision_created_at": "2025-03-06T15:57:28.271Z"}	\N	13	1	93	1	File information entry
14	2025-03-07 08:02:39.498525+00	{"pk": 13, "live": true, "path": "00010009", "slug": "file-information-entry", "depth": 2, "intro": "<p data-block-key=\\"gr5f6\\">Write something about the files</p>", "owner": 1, "title": "File information entry", "locale": 1, "locked": false, "expired": false, "alias_of": null, "numchild": 0, "url_path": "/file-information-entry/", "expire_at": null, "locked_at": null, "locked_by": null, "seo_title": "", "go_live_at": null, "draft_title": "File information entry", "content_type": 93, "live_revision": 13, "show_in_menus": true, "latest_revision": 13, "translation_key": "4c6f3a53-9897-4867-b71e-6673ed0e474b", "last_published_at": "2025-03-07T08:02:24.556Z", "first_published_at": "2025-03-06T15:57:28.282Z", "search_description": "", "thankyou_page_title": "Thank you!", "wagtail_admin_comments": [], "has_unpublished_changes": false, "latest_revision_created_at": "2025-03-07T08:02:24.491Z"}	\N	13	1	93	1	File information entry
15	2025-03-07 08:03:24.375107+00	{"pk": 13, "live": true, "path": "00010009", "slug": "file-information-entry", "depth": 2, "intro": "<p data-block-key=\\"gr5f6\\">Write something about the files</p>", "owner": 1, "title": "File information entry", "locale": 1, "locked": false, "expired": false, "alias_of": null, "numchild": 0, "url_path": "/file-information-entry/", "expire_at": null, "locked_at": null, "locked_by": null, "seo_title": "", "go_live_at": null, "draft_title": "File information entry", "content_type": 93, "live_revision": 14, "show_in_menus": true, "latest_revision": 14, "translation_key": "4c6f3a53-9897-4867-b71e-6673ed0e474b", "last_published_at": "2025-03-07T08:02:39.522Z", "first_published_at": "2025-03-06T15:57:28.282Z", "search_description": "", "thankyou_page_title": "Thank you!", "wagtail_admin_comments": [], "has_unpublished_changes": false, "latest_revision_created_at": "2025-03-07T08:02:39.498Z"}	\N	13	1	93	1	File information entry
\.


--
-- Data for Name: wagtailcore_site; Type: TABLE DATA; Schema: public; Owner: decos
--

COPY public.wagtailcore_site (id, hostname, port, is_default_site, root_page_id, site_name) FROM stdin;
2	easydmp.localhost	8080	t	3	EasyDMP
\.


--
-- Data for Name: wagtailcore_task; Type: TABLE DATA; Schema: public; Owner: decos
--

COPY public.wagtailcore_task (id, name, active, content_type_id) FROM stdin;
1	Moderators approval	t	2
\.


--
-- Data for Name: wagtailcore_taskstate; Type: TABLE DATA; Schema: public; Owner: decos
--

COPY public.wagtailcore_taskstate (id, status, started_at, finished_at, content_type_id, revision_id, task_id, workflow_state_id, finished_by_id, comment) FROM stdin;
\.


--
-- Data for Name: wagtailcore_uploadedfile; Type: TABLE DATA; Schema: public; Owner: decos
--

COPY public.wagtailcore_uploadedfile (id, file, for_content_type_id, uploaded_by_user_id) FROM stdin;
\.


--
-- Data for Name: wagtailcore_workflow; Type: TABLE DATA; Schema: public; Owner: decos
--

COPY public.wagtailcore_workflow (id, name, active) FROM stdin;
1	Moderators approval	t
\.


--
-- Data for Name: wagtailcore_workflowcontenttype; Type: TABLE DATA; Schema: public; Owner: decos
--

COPY public.wagtailcore_workflowcontenttype (content_type_id, workflow_id) FROM stdin;
\.


--
-- Data for Name: wagtailcore_workflowpage; Type: TABLE DATA; Schema: public; Owner: decos
--

COPY public.wagtailcore_workflowpage (page_id, workflow_id) FROM stdin;
\.


--
-- Data for Name: wagtailcore_workflowstate; Type: TABLE DATA; Schema: public; Owner: decos
--

COPY public.wagtailcore_workflowstate (id, status, created_at, current_task_state_id, object_id, requested_by_id, workflow_id, content_type_id, base_content_type_id) FROM stdin;
\.


--
-- Data for Name: wagtailcore_workflowtask; Type: TABLE DATA; Schema: public; Owner: decos
--

COPY public.wagtailcore_workflowtask (id, sort_order, task_id, workflow_id) FROM stdin;
1	0	1	1
\.


--
-- Data for Name: wagtaildocs_document; Type: TABLE DATA; Schema: public; Owner: decos
--

COPY public.wagtaildocs_document (id, title, file, created_at, uploaded_by_user_id, collection_id, file_size, file_hash) FROM stdin;
\.


--
-- Data for Name: wagtailembeds_embed; Type: TABLE DATA; Schema: public; Owner: decos
--

COPY public.wagtailembeds_embed (id, url, max_width, type, html, title, author_name, provider_name, thumbnail_url, width, height, last_updated, hash, cache_until) FROM stdin;
\.


--
-- Data for Name: wagtailforms_formsubmission; Type: TABLE DATA; Schema: public; Owner: decos
--

COPY public.wagtailforms_formsubmission (id, form_data, submit_time, page_id) FROM stdin;
\.


--
-- Data for Name: wagtailimages_image; Type: TABLE DATA; Schema: public; Owner: decos
--

COPY public.wagtailimages_image (id, title, file, width, height, created_at, focal_point_x, focal_point_y, focal_point_width, focal_point_height, uploaded_by_user_id, file_size, collection_id, file_hash, description) FROM stdin;
1	logo_prp_pathogen_ri_NPcDywq.max-165x165_0N9.max-250x100	original_images/logo_prp_pathogen_ri_NPcDywq.max-165x165_0N9.max-250x100.png	165	57	2025-02-28 10:16:03.68565+00	\N	\N	\N	\N	1	8941	1	9cd4f8773c6535fff551e78c7f3f74e07edc161e	
2	logo_prp_pathogen_ri_tzETPJY.max-250x100	original_images/logo_prp_pathogen_ri_tzETPJY.max-250x100.png	201	70	2025-03-03 07:38:31.550749+00	\N	\N	\N	\N	1	7728	1	6765379a32c0602b4870991ef4e8e97e1906a996	
\.


--
-- Data for Name: wagtailimages_rendition; Type: TABLE DATA; Schema: public; Owner: decos
--

COPY public.wagtailimages_rendition (id, file, width, height, focal_point_key, filter_spec, image_id) FROM stdin;
1	images/logo_prp_pathogen_ri_NPcDywq_FWnLHay.max-165x165_0N9.max-165x165.png	165	57		max-165x165	1
2	images/logo_prp_pathogen_ri_NPcDywq_ye2KC1W.max-165x165_0N9.max-250x100.png	165	57		max-250x100	1
3	images/logo_prp_pathogen_ri_tzETPJY.max-250x100.max-165x165.png	165	57		max-165x165	2
4	images/logo_prp_pathogen_ri_tzETPJY.max-250x100.max-250x100.png	201	70		max-250x100	2
\.


--
-- Data for Name: wagtailredirects_redirect; Type: TABLE DATA; Schema: public; Owner: decos
--

COPY public.wagtailredirects_redirect (id, old_path, is_permanent, redirect_link, redirect_page_id, site_id, automatically_created, created_at, redirect_page_route_path) FROM stdin;
\.


--
-- Data for Name: wagtailsearch_indexentry; Type: TABLE DATA; Schema: public; Owner: decos
--

COPY public.wagtailsearch_indexentry (id, object_id, title_norm, content_type_id, autocomplete, title, body) FROM stdin;
31	1	0.6060606060606061	25	'-250':2 'logo_prp_pathogen_ri_npcdywq.max-165x165_0n9.max':1 'x100':3	'-250':2A 'logo_prp_pathogen_ri_npcdywq.max-165x165_0n9.max':1A 'x100':3A	
33	2	0.638888888888889	25	'-250':2 'logo_prp_pathogen_ri_tzetpjy.max':1 'x100':3	'-250':2A 'logo_prp_pathogen_ri_tzetpjy.max':1A 'x100':3A	
1	3	1.3333333333333333	28	'home':1	'home':1B	
4	4	1.3333333333333333	43	'samples':1	'sampl':1B	
7	5	0.6666666666666666	42	'add':1 'result':2	'add':1B 'result':2B	
10	6	1.25	41	'results':1	'result':1B	
13	7	0.7	31	'dmp':1 'information':2	'dmp':1B 'inform':2B	
16	8	1.3333333333333333	37	'instruments':1	'instrument':1B	
35	13	0.6666666666666666	93	'entry':3 'file':1 'information':2	'entri':3B 'file':1B 'inform':2B	
19	9	0.5238095238095238	44	'add':1 'page':3 'sample':2	'add':1B 'page':3B 'sampl':2B	
22	10	0.5833333333333334	34	'edit':1 'page':3 'sample':2	'edit':1B 'page':3B 'sampl':2B	
25	11	1.6666666666666667	38	'pipelines':1	'pipelin':1B	
28	12	0.85	35	'experiment':1 'metadata':2	'experi':1B 'metadata':2B	
\.


--
-- Data for Name: wagtailusers_userprofile; Type: TABLE DATA; Schema: public; Owner: decos
--

COPY public.wagtailusers_userprofile (id, submitted_notifications, approved_notifications, rejected_notifications, user_id, preferred_language, current_time_zone, avatar, updated_comments_notifications, dismissibles, theme, density, contrast) FROM stdin;
\.


--
-- Name: account_emailaddress_id_seq; Type: SEQUENCE SET; Schema: public; Owner: decos
--

SELECT pg_catalog.setval('public.account_emailaddress_id_seq', 1, false);


--
-- Name: account_emailconfirmation_id_seq; Type: SEQUENCE SET; Schema: public; Owner: decos
--

SELECT pg_catalog.setval('public.account_emailconfirmation_id_seq', 1, false);


--
-- Name: api_tokens_id_seq; Type: SEQUENCE SET; Schema: public; Owner: decos
--

SELECT pg_catalog.setval('public.api_tokens_id_seq', 5, true);


--
-- Name: auth_group_id_seq; Type: SEQUENCE SET; Schema: public; Owner: decos
--

SELECT pg_catalog.setval('public.auth_group_id_seq', 3, true);


--
-- Name: auth_group_permissions_id_seq; Type: SEQUENCE SET; Schema: public; Owner: decos
--

SELECT pg_catalog.setval('public.auth_group_permissions_id_seq', 18, true);


--
-- Name: auth_permission_id_seq; Type: SEQUENCE SET; Schema: public; Owner: decos
--

SELECT pg_catalog.setval('public.auth_permission_id_seq', 375, true);


--
-- Name: auth_user_groups_id_seq; Type: SEQUENCE SET; Schema: public; Owner: decos
--

SELECT pg_catalog.setval('public.auth_user_groups_id_seq', 2, true);


--
-- Name: auth_user_id_seq; Type: SEQUENCE SET; Schema: public; Owner: decos
--

SELECT pg_catalog.setval('public.auth_user_id_seq', 1, true);


--
-- Name: auth_user_user_permissions_id_seq; Type: SEQUENCE SET; Schema: public; Owner: decos
--

SELECT pg_catalog.setval('public.auth_user_user_permissions_id_seq', 1, false);


--
-- Name: django_admin_log_id_seq; Type: SEQUENCE SET; Schema: public; Owner: decos
--

SELECT pg_catalog.setval('public.django_admin_log_id_seq', 1, false);


--
-- Name: django_content_type_id_seq; Type: SEQUENCE SET; Schema: public; Owner: decos
--

SELECT pg_catalog.setval('public.django_content_type_id_seq', 93, true);


--
-- Name: django_migrations_id_seq; Type: SEQUENCE SET; Schema: public; Owner: decos
--

SELECT pg_catalog.setval('public.django_migrations_id_seq', 233, true);


--
-- Name: home_apisettings_id_seq; Type: SEQUENCE SET; Schema: public; Owner: decos
--

SELECT pg_catalog.setval('public.home_apisettings_id_seq', 3, true);


--
-- Name: home_footersettings_id_seq; Type: SEQUENCE SET; Schema: public; Owner: decos
--

SELECT pg_catalog.setval('public.home_footersettings_id_seq', 1, true);


--
-- Name: home_headersettings_id_seq; Type: SEQUENCE SET; Schema: public; Owner: decos
--

SELECT pg_catalog.setval('public.home_headersettings_id_seq', 1, true);


--
-- Name: socialaccount_socialaccount_id_seq; Type: SEQUENCE SET; Schema: public; Owner: decos
--

SELECT pg_catalog.setval('public.socialaccount_socialaccount_id_seq', 1, false);


--
-- Name: socialaccount_socialapp_id_seq; Type: SEQUENCE SET; Schema: public; Owner: decos
--

SELECT pg_catalog.setval('public.socialaccount_socialapp_id_seq', 1, false);


--
-- Name: socialaccount_socialtoken_id_seq; Type: SEQUENCE SET; Schema: public; Owner: decos
--

SELECT pg_catalog.setval('public.socialaccount_socialtoken_id_seq', 1, false);


--
-- Name: taggit_tag_id_seq; Type: SEQUENCE SET; Schema: public; Owner: decos
--

SELECT pg_catalog.setval('public.taggit_tag_id_seq', 1, false);


--
-- Name: taggit_taggeditem_id_seq; Type: SEQUENCE SET; Schema: public; Owner: decos
--

SELECT pg_catalog.setval('public.taggit_taggeditem_id_seq', 1, false);


--
-- Name: wagtailadmin_admin_id_seq; Type: SEQUENCE SET; Schema: public; Owner: decos
--

SELECT pg_catalog.setval('public.wagtailadmin_admin_id_seq', 1, false);


--
-- Name: wagtailadmin_editingsession_id_seq; Type: SEQUENCE SET; Schema: public; Owner: decos
--

SELECT pg_catalog.setval('public.wagtailadmin_editingsession_id_seq', 5, true);


--
-- Name: wagtailcore_collection_id_seq; Type: SEQUENCE SET; Schema: public; Owner: decos
--

SELECT pg_catalog.setval('public.wagtailcore_collection_id_seq', 1, true);


--
-- Name: wagtailcore_collectionviewrestriction_groups_id_seq; Type: SEQUENCE SET; Schema: public; Owner: decos
--

SELECT pg_catalog.setval('public.wagtailcore_collectionviewrestriction_groups_id_seq', 1, false);


--
-- Name: wagtailcore_collectionviewrestriction_id_seq; Type: SEQUENCE SET; Schema: public; Owner: decos
--

SELECT pg_catalog.setval('public.wagtailcore_collectionviewrestriction_id_seq', 1, false);


--
-- Name: wagtailcore_comment_id_seq; Type: SEQUENCE SET; Schema: public; Owner: decos
--

SELECT pg_catalog.setval('public.wagtailcore_comment_id_seq', 1, false);


--
-- Name: wagtailcore_commentreply_id_seq; Type: SEQUENCE SET; Schema: public; Owner: decos
--

SELECT pg_catalog.setval('public.wagtailcore_commentreply_id_seq', 1, false);


--
-- Name: wagtailcore_groupapprovaltask_groups_id_seq; Type: SEQUENCE SET; Schema: public; Owner: decos
--

SELECT pg_catalog.setval('public.wagtailcore_groupapprovaltask_groups_id_seq', 1, true);


--
-- Name: wagtailcore_groupcollectionpermission_id_seq; Type: SEQUENCE SET; Schema: public; Owner: decos
--

SELECT pg_catalog.setval('public.wagtailcore_groupcollectionpermission_id_seq', 12, true);


--
-- Name: wagtailcore_grouppagepermission_id_seq; Type: SEQUENCE SET; Schema: public; Owner: decos
--

SELECT pg_catalog.setval('public.wagtailcore_grouppagepermission_id_seq', 7, true);


--
-- Name: wagtailcore_locale_id_seq; Type: SEQUENCE SET; Schema: public; Owner: decos
--

SELECT pg_catalog.setval('public.wagtailcore_locale_id_seq', 1, true);


--
-- Name: wagtailcore_modellogentry_id_seq; Type: SEQUENCE SET; Schema: public; Owner: decos
--

SELECT pg_catalog.setval('public.wagtailcore_modellogentry_id_seq', 3, true);


--
-- Name: wagtailcore_page_id_seq; Type: SEQUENCE SET; Schema: public; Owner: decos
--

SELECT pg_catalog.setval('public.wagtailcore_page_id_seq', 13, true);


--
-- Name: wagtailcore_pagelogentry_id_seq; Type: SEQUENCE SET; Schema: public; Owner: decos
--

SELECT pg_catalog.setval('public.wagtailcore_pagelogentry_id_seq', 42, true);


--
-- Name: wagtailcore_pagerevision_id_seq; Type: SEQUENCE SET; Schema: public; Owner: decos
--

SELECT pg_catalog.setval('public.wagtailcore_pagerevision_id_seq', 15, true);


--
-- Name: wagtailcore_pagesubscription_id_seq; Type: SEQUENCE SET; Schema: public; Owner: decos
--

SELECT pg_catalog.setval('public.wagtailcore_pagesubscription_id_seq', 2, true);


--
-- Name: wagtailcore_pageviewrestriction_groups_id_seq; Type: SEQUENCE SET; Schema: public; Owner: decos
--

SELECT pg_catalog.setval('public.wagtailcore_pageviewrestriction_groups_id_seq', 1, false);


--
-- Name: wagtailcore_pageviewrestriction_id_seq; Type: SEQUENCE SET; Schema: public; Owner: decos
--

SELECT pg_catalog.setval('public.wagtailcore_pageviewrestriction_id_seq', 10, true);


--
-- Name: wagtailcore_referenceindex_id_seq; Type: SEQUENCE SET; Schema: public; Owner: decos
--

SELECT pg_catalog.setval('public.wagtailcore_referenceindex_id_seq', 2, true);


--
-- Name: wagtailcore_site_id_seq; Type: SEQUENCE SET; Schema: public; Owner: decos
--

SELECT pg_catalog.setval('public.wagtailcore_site_id_seq', 2, true);


--
-- Name: wagtailcore_task_id_seq; Type: SEQUENCE SET; Schema: public; Owner: decos
--

SELECT pg_catalog.setval('public.wagtailcore_task_id_seq', 1, true);


--
-- Name: wagtailcore_taskstate_id_seq; Type: SEQUENCE SET; Schema: public; Owner: decos
--

SELECT pg_catalog.setval('public.wagtailcore_taskstate_id_seq', 1, false);


--
-- Name: wagtailcore_uploadedfile_id_seq; Type: SEQUENCE SET; Schema: public; Owner: decos
--

SELECT pg_catalog.setval('public.wagtailcore_uploadedfile_id_seq', 1, false);


--
-- Name: wagtailcore_workflow_id_seq; Type: SEQUENCE SET; Schema: public; Owner: decos
--

SELECT pg_catalog.setval('public.wagtailcore_workflow_id_seq', 1, true);


--
-- Name: wagtailcore_workflowstate_id_seq; Type: SEQUENCE SET; Schema: public; Owner: decos
--

SELECT pg_catalog.setval('public.wagtailcore_workflowstate_id_seq', 1, false);


--
-- Name: wagtailcore_workflowtask_id_seq; Type: SEQUENCE SET; Schema: public; Owner: decos
--

SELECT pg_catalog.setval('public.wagtailcore_workflowtask_id_seq', 1, true);


--
-- Name: wagtaildocs_document_id_seq; Type: SEQUENCE SET; Schema: public; Owner: decos
--

SELECT pg_catalog.setval('public.wagtaildocs_document_id_seq', 1, false);


--
-- Name: wagtailembeds_embed_id_seq; Type: SEQUENCE SET; Schema: public; Owner: decos
--

SELECT pg_catalog.setval('public.wagtailembeds_embed_id_seq', 1, false);


--
-- Name: wagtailforms_formsubmission_id_seq; Type: SEQUENCE SET; Schema: public; Owner: decos
--

SELECT pg_catalog.setval('public.wagtailforms_formsubmission_id_seq', 1, false);


--
-- Name: wagtailimages_image_id_seq; Type: SEQUENCE SET; Schema: public; Owner: decos
--

SELECT pg_catalog.setval('public.wagtailimages_image_id_seq', 2, true);


--
-- Name: wagtailimages_rendition_id_seq; Type: SEQUENCE SET; Schema: public; Owner: decos
--

SELECT pg_catalog.setval('public.wagtailimages_rendition_id_seq', 4, true);


--
-- Name: wagtailredirects_redirect_id_seq; Type: SEQUENCE SET; Schema: public; Owner: decos
--

SELECT pg_catalog.setval('public.wagtailredirects_redirect_id_seq', 1, false);


--
-- Name: wagtailsearch_indexentry_id_seq; Type: SEQUENCE SET; Schema: public; Owner: decos
--

SELECT pg_catalog.setval('public.wagtailsearch_indexentry_id_seq', 45, true);


--
-- Name: wagtailusers_userprofile_id_seq; Type: SEQUENCE SET; Schema: public; Owner: decos
--

SELECT pg_catalog.setval('public.wagtailusers_userprofile_id_seq', 1, false);


--
-- Name: account_emailaddress account_emailaddress_pkey; Type: CONSTRAINT; Schema: public; Owner: decos
--

ALTER TABLE ONLY public.account_emailaddress
    ADD CONSTRAINT account_emailaddress_pkey PRIMARY KEY (id);


--
-- Name: account_emailaddress account_emailaddress_user_id_email_987c8728_uniq; Type: CONSTRAINT; Schema: public; Owner: decos
--

ALTER TABLE ONLY public.account_emailaddress
    ADD CONSTRAINT account_emailaddress_user_id_email_987c8728_uniq UNIQUE (user_id, email);


--
-- Name: account_emailconfirmation account_emailconfirmation_key_key; Type: CONSTRAINT; Schema: public; Owner: decos
--

ALTER TABLE ONLY public.account_emailconfirmation
    ADD CONSTRAINT account_emailconfirmation_key_key UNIQUE (key);


--
-- Name: account_emailconfirmation account_emailconfirmation_pkey; Type: CONSTRAINT; Schema: public; Owner: decos
--

ALTER TABLE ONLY public.account_emailconfirmation
    ADD CONSTRAINT account_emailconfirmation_pkey PRIMARY KEY (id);


--
-- Name: api_tokens api_tokens_pkey; Type: CONSTRAINT; Schema: public; Owner: decos
--

ALTER TABLE ONLY public.api_tokens
    ADD CONSTRAINT api_tokens_pkey PRIMARY KEY (id);


--
-- Name: auth_group auth_group_name_key; Type: CONSTRAINT; Schema: public; Owner: decos
--

ALTER TABLE ONLY public.auth_group
    ADD CONSTRAINT auth_group_name_key UNIQUE (name);


--
-- Name: auth_group_permissions auth_group_permissions_group_id_permission_id_0cd325b0_uniq; Type: CONSTRAINT; Schema: public; Owner: decos
--

ALTER TABLE ONLY public.auth_group_permissions
    ADD CONSTRAINT auth_group_permissions_group_id_permission_id_0cd325b0_uniq UNIQUE (group_id, permission_id);


--
-- Name: auth_group_permissions auth_group_permissions_pkey; Type: CONSTRAINT; Schema: public; Owner: decos
--

ALTER TABLE ONLY public.auth_group_permissions
    ADD CONSTRAINT auth_group_permissions_pkey PRIMARY KEY (id);


--
-- Name: auth_group auth_group_pkey; Type: CONSTRAINT; Schema: public; Owner: decos
--

ALTER TABLE ONLY public.auth_group
    ADD CONSTRAINT auth_group_pkey PRIMARY KEY (id);


--
-- Name: auth_permission auth_permission_content_type_id_codename_01ab375a_uniq; Type: CONSTRAINT; Schema: public; Owner: decos
--

ALTER TABLE ONLY public.auth_permission
    ADD CONSTRAINT auth_permission_content_type_id_codename_01ab375a_uniq UNIQUE (content_type_id, codename);


--
-- Name: auth_permission auth_permission_pkey; Type: CONSTRAINT; Schema: public; Owner: decos
--

ALTER TABLE ONLY public.auth_permission
    ADD CONSTRAINT auth_permission_pkey PRIMARY KEY (id);


--
-- Name: auth_user_groups auth_user_groups_pkey; Type: CONSTRAINT; Schema: public; Owner: decos
--

ALTER TABLE ONLY public.auth_user_groups
    ADD CONSTRAINT auth_user_groups_pkey PRIMARY KEY (id);


--
-- Name: auth_user_groups auth_user_groups_user_id_group_id_94350c0c_uniq; Type: CONSTRAINT; Schema: public; Owner: decos
--

ALTER TABLE ONLY public.auth_user_groups
    ADD CONSTRAINT auth_user_groups_user_id_group_id_94350c0c_uniq UNIQUE (user_id, group_id);


--
-- Name: auth_user auth_user_pkey; Type: CONSTRAINT; Schema: public; Owner: decos
--

ALTER TABLE ONLY public.auth_user
    ADD CONSTRAINT auth_user_pkey PRIMARY KEY (id);


--
-- Name: auth_user_user_permissions auth_user_user_permissions_pkey; Type: CONSTRAINT; Schema: public; Owner: decos
--

ALTER TABLE ONLY public.auth_user_user_permissions
    ADD CONSTRAINT auth_user_user_permissions_pkey PRIMARY KEY (id);


--
-- Name: auth_user_user_permissions auth_user_user_permissions_user_id_permission_id_14a6b632_uniq; Type: CONSTRAINT; Schema: public; Owner: decos
--

ALTER TABLE ONLY public.auth_user_user_permissions
    ADD CONSTRAINT auth_user_user_permissions_user_id_permission_id_14a6b632_uniq UNIQUE (user_id, permission_id);


--
-- Name: auth_user auth_user_username_key; Type: CONSTRAINT; Schema: public; Owner: decos
--

ALTER TABLE ONLY public.auth_user
    ADD CONSTRAINT auth_user_username_key UNIQUE (username);


--
-- Name: django_admin_log django_admin_log_pkey; Type: CONSTRAINT; Schema: public; Owner: decos
--

ALTER TABLE ONLY public.django_admin_log
    ADD CONSTRAINT django_admin_log_pkey PRIMARY KEY (id);


--
-- Name: django_content_type django_content_type_app_label_model_76bd3d3b_uniq; Type: CONSTRAINT; Schema: public; Owner: decos
--

ALTER TABLE ONLY public.django_content_type
    ADD CONSTRAINT django_content_type_app_label_model_76bd3d3b_uniq UNIQUE (app_label, model);


--
-- Name: django_content_type django_content_type_pkey; Type: CONSTRAINT; Schema: public; Owner: decos
--

ALTER TABLE ONLY public.django_content_type
    ADD CONSTRAINT django_content_type_pkey PRIMARY KEY (id);


--
-- Name: django_migrations django_migrations_pkey; Type: CONSTRAINT; Schema: public; Owner: decos
--

ALTER TABLE ONLY public.django_migrations
    ADD CONSTRAINT django_migrations_pkey PRIMARY KEY (id);


--
-- Name: django_session django_session_pkey; Type: CONSTRAINT; Schema: public; Owner: decos
--

ALTER TABLE ONLY public.django_session
    ADD CONSTRAINT django_session_pkey PRIMARY KEY (session_key);


--
-- Name: home_apisettings home_apisettings_pkey; Type: CONSTRAINT; Schema: public; Owner: decos
--

ALTER TABLE ONLY public.home_apisettings
    ADD CONSTRAINT home_apisettings_pkey PRIMARY KEY (id);


--
-- Name: home_dmppage home_dmppage_pkey; Type: CONSTRAINT; Schema: public; Owner: decos
--

ALTER TABLE ONLY public.home_dmppage
    ADD CONSTRAINT home_dmppage_pkey PRIMARY KEY (page_ptr_id);


--
-- Name: home_dmpsearchpage home_dmpsearchpage_pkey; Type: CONSTRAINT; Schema: public; Owner: decos
--

ALTER TABLE ONLY public.home_dmpsearchpage
    ADD CONSTRAINT home_dmpsearchpage_pkey PRIMARY KEY (page_ptr_id);


--
-- Name: home_dmpviewpage home_dmpviewpage_pkey; Type: CONSTRAINT; Schema: public; Owner: decos
--

ALTER TABLE ONLY public.home_dmpviewpage
    ADD CONSTRAINT home_dmpviewpage_pkey PRIMARY KEY (page_ptr_id);


--
-- Name: home_editsamplepage home_editsamplepage_pkey; Type: CONSTRAINT; Schema: public; Owner: decos
--

ALTER TABLE ONLY public.home_editsamplepage
    ADD CONSTRAINT home_editsamplepage_pkey PRIMARY KEY (page_ptr_id);


--
-- Name: home_experimentmetadatareportpage home_experimentmetadatareportpage_pkey; Type: CONSTRAINT; Schema: public; Owner: decos
--

ALTER TABLE ONLY public.home_experimentmetadatareportpage
    ADD CONSTRAINT home_experimentmetadatareportpage_pkey PRIMARY KEY (page_ptr_id);


--
-- Name: home_fileinfopage home_fileinfopage_pkey; Type: CONSTRAINT; Schema: public; Owner: decos
--

ALTER TABLE ONLY public.home_fileinfopage
    ADD CONSTRAINT home_fileinfopage_pkey PRIMARY KEY (page_ptr_id);


--
-- Name: home_footersettings home_footersettings_pkey; Type: CONSTRAINT; Schema: public; Owner: decos
--

ALTER TABLE ONLY public.home_footersettings
    ADD CONSTRAINT home_footersettings_pkey PRIMARY KEY (id);


--
-- Name: home_headersettings home_headersettings_pkey; Type: CONSTRAINT; Schema: public; Owner: decos
--

ALTER TABLE ONLY public.home_headersettings
    ADD CONSTRAINT home_headersettings_pkey PRIMARY KEY (id);


--
-- Name: home_homepage home_homepage_pkey; Type: CONSTRAINT; Schema: public; Owner: decos
--

ALTER TABLE ONLY public.home_homepage
    ADD CONSTRAINT home_homepage_pkey PRIMARY KEY (page_ptr_id);


--
-- Name: home_instrumentspage home_instrumentspage_pkey; Type: CONSTRAINT; Schema: public; Owner: decos
--

ALTER TABLE ONLY public.home_instrumentspage
    ADD CONSTRAINT home_instrumentspage_pkey PRIMARY KEY (page_ptr_id);


--
-- Name: home_pipelinespage home_pipelinespage_pkey; Type: CONSTRAINT; Schema: public; Owner: decos
--

ALTER TABLE ONLY public.home_pipelinespage
    ADD CONSTRAINT home_pipelinespage_pkey PRIMARY KEY (page_ptr_id);


--
-- Name: home_proposallistpage home_proposallistpage_pkey; Type: CONSTRAINT; Schema: public; Owner: decos
--

ALTER TABLE ONLY public.home_proposallistpage
    ADD CONSTRAINT home_proposallistpage_pkey PRIMARY KEY (page_ptr_id);


--
-- Name: home_proposalsubmissionpage home_proposalsubmissionpage_pkey; Type: CONSTRAINT; Schema: public; Owner: decos
--

ALTER TABLE ONLY public.home_proposalsubmissionpage
    ADD CONSTRAINT home_proposalsubmissionpage_pkey PRIMARY KEY (page_ptr_id);


--
-- Name: home_resultslistpage home_resultslistpage_pkey; Type: CONSTRAINT; Schema: public; Owner: decos
--

ALTER TABLE ONLY public.home_resultslistpage
    ADD CONSTRAINT home_resultslistpage_pkey PRIMARY KEY (page_ptr_id);


--
-- Name: home_resultspage home_resultspage_pkey; Type: CONSTRAINT; Schema: public; Owner: decos
--

ALTER TABLE ONLY public.home_resultspage
    ADD CONSTRAINT home_resultspage_pkey PRIMARY KEY (page_ptr_id);


--
-- Name: home_samplelistpage home_samplelistpage_pkey; Type: CONSTRAINT; Schema: public; Owner: decos
--

ALTER TABLE ONLY public.home_samplelistpage
    ADD CONSTRAINT home_samplelistpage_pkey PRIMARY KEY (page_ptr_id);


--
-- Name: home_samplepage home_samplepage_pkey; Type: CONSTRAINT; Schema: public; Owner: decos
--

ALTER TABLE ONLY public.home_samplepage
    ADD CONSTRAINT home_samplepage_pkey PRIMARY KEY (page_ptr_id);


--
-- Name: home_servicerequestsubmissionpage home_servicerequestsubmissionpage_pkey; Type: CONSTRAINT; Schema: public; Owner: decos
--

ALTER TABLE ONLY public.home_servicerequestsubmissionpage
    ADD CONSTRAINT home_servicerequestsubmissionpage_pkey PRIMARY KEY (page_ptr_id);


--
-- Name: socialaccount_socialaccount socialaccount_socialaccount_pkey; Type: CONSTRAINT; Schema: public; Owner: decos
--

ALTER TABLE ONLY public.socialaccount_socialaccount
    ADD CONSTRAINT socialaccount_socialaccount_pkey PRIMARY KEY (id);


--
-- Name: socialaccount_socialaccount socialaccount_socialaccount_provider_uid_fc810c6e_uniq; Type: CONSTRAINT; Schema: public; Owner: decos
--

ALTER TABLE ONLY public.socialaccount_socialaccount
    ADD CONSTRAINT socialaccount_socialaccount_provider_uid_fc810c6e_uniq UNIQUE (provider, uid);


--
-- Name: socialaccount_socialapp socialaccount_socialapp_pkey; Type: CONSTRAINT; Schema: public; Owner: decos
--

ALTER TABLE ONLY public.socialaccount_socialapp
    ADD CONSTRAINT socialaccount_socialapp_pkey PRIMARY KEY (id);


--
-- Name: socialaccount_socialtoken socialaccount_socialtoken_app_id_account_id_fca4e0ac_uniq; Type: CONSTRAINT; Schema: public; Owner: decos
--

ALTER TABLE ONLY public.socialaccount_socialtoken
    ADD CONSTRAINT socialaccount_socialtoken_app_id_account_id_fca4e0ac_uniq UNIQUE (app_id, account_id);


--
-- Name: socialaccount_socialtoken socialaccount_socialtoken_pkey; Type: CONSTRAINT; Schema: public; Owner: decos
--

ALTER TABLE ONLY public.socialaccount_socialtoken
    ADD CONSTRAINT socialaccount_socialtoken_pkey PRIMARY KEY (id);


--
-- Name: taggit_tag taggit_tag_name_key; Type: CONSTRAINT; Schema: public; Owner: decos
--

ALTER TABLE ONLY public.taggit_tag
    ADD CONSTRAINT taggit_tag_name_key UNIQUE (name);


--
-- Name: taggit_tag taggit_tag_pkey; Type: CONSTRAINT; Schema: public; Owner: decos
--

ALTER TABLE ONLY public.taggit_tag
    ADD CONSTRAINT taggit_tag_pkey PRIMARY KEY (id);


--
-- Name: taggit_tag taggit_tag_slug_key; Type: CONSTRAINT; Schema: public; Owner: decos
--

ALTER TABLE ONLY public.taggit_tag
    ADD CONSTRAINT taggit_tag_slug_key UNIQUE (slug);


--
-- Name: taggit_taggeditem taggit_taggeditem_content_type_id_object_id_tag_id_4bb97a8e_uni; Type: CONSTRAINT; Schema: public; Owner: decos
--

ALTER TABLE ONLY public.taggit_taggeditem
    ADD CONSTRAINT taggit_taggeditem_content_type_id_object_id_tag_id_4bb97a8e_uni UNIQUE (content_type_id, object_id, tag_id);


--
-- Name: taggit_taggeditem taggit_taggeditem_pkey; Type: CONSTRAINT; Schema: public; Owner: decos
--

ALTER TABLE ONLY public.taggit_taggeditem
    ADD CONSTRAINT taggit_taggeditem_pkey PRIMARY KEY (id);


--
-- Name: wagtailcore_grouppagepermission unique_permission; Type: CONSTRAINT; Schema: public; Owner: decos
--

ALTER TABLE ONLY public.wagtailcore_grouppagepermission
    ADD CONSTRAINT unique_permission UNIQUE (group_id, page_id, permission_id);


--
-- Name: wagtailadmin_admin wagtailadmin_admin_pkey; Type: CONSTRAINT; Schema: public; Owner: decos
--

ALTER TABLE ONLY public.wagtailadmin_admin
    ADD CONSTRAINT wagtailadmin_admin_pkey PRIMARY KEY (id);


--
-- Name: wagtailadmin_editingsession wagtailadmin_editingsession_pkey; Type: CONSTRAINT; Schema: public; Owner: decos
--

ALTER TABLE ONLY public.wagtailadmin_editingsession
    ADD CONSTRAINT wagtailadmin_editingsession_pkey PRIMARY KEY (id);


--
-- Name: wagtailcore_collection wagtailcore_collection_path_key; Type: CONSTRAINT; Schema: public; Owner: decos
--

ALTER TABLE ONLY public.wagtailcore_collection
    ADD CONSTRAINT wagtailcore_collection_path_key UNIQUE (path);


--
-- Name: wagtailcore_collection wagtailcore_collection_pkey; Type: CONSTRAINT; Schema: public; Owner: decos
--

ALTER TABLE ONLY public.wagtailcore_collection
    ADD CONSTRAINT wagtailcore_collection_pkey PRIMARY KEY (id);


--
-- Name: wagtailcore_collectionviewrestriction_groups wagtailcore_collectionvi_collectionviewrestrictio_988995ae_uniq; Type: CONSTRAINT; Schema: public; Owner: decos
--

ALTER TABLE ONLY public.wagtailcore_collectionviewrestriction_groups
    ADD CONSTRAINT wagtailcore_collectionvi_collectionviewrestrictio_988995ae_uniq UNIQUE (collectionviewrestriction_id, group_id);


--
-- Name: wagtailcore_collectionviewrestriction_groups wagtailcore_collectionviewrestriction_groups_pkey; Type: CONSTRAINT; Schema: public; Owner: decos
--

ALTER TABLE ONLY public.wagtailcore_collectionviewrestriction_groups
    ADD CONSTRAINT wagtailcore_collectionviewrestriction_groups_pkey PRIMARY KEY (id);


--
-- Name: wagtailcore_collectionviewrestriction wagtailcore_collectionviewrestriction_pkey; Type: CONSTRAINT; Schema: public; Owner: decos
--

ALTER TABLE ONLY public.wagtailcore_collectionviewrestriction
    ADD CONSTRAINT wagtailcore_collectionviewrestriction_pkey PRIMARY KEY (id);


--
-- Name: wagtailcore_comment wagtailcore_comment_pkey; Type: CONSTRAINT; Schema: public; Owner: decos
--

ALTER TABLE ONLY public.wagtailcore_comment
    ADD CONSTRAINT wagtailcore_comment_pkey PRIMARY KEY (id);


--
-- Name: wagtailcore_commentreply wagtailcore_commentreply_pkey; Type: CONSTRAINT; Schema: public; Owner: decos
--

ALTER TABLE ONLY public.wagtailcore_commentreply
    ADD CONSTRAINT wagtailcore_commentreply_pkey PRIMARY KEY (id);


--
-- Name: wagtailcore_groupapprovaltask_groups wagtailcore_groupapprova_groupapprovaltask_id_gro_bb5ee7eb_uniq; Type: CONSTRAINT; Schema: public; Owner: decos
--

ALTER TABLE ONLY public.wagtailcore_groupapprovaltask_groups
    ADD CONSTRAINT wagtailcore_groupapprova_groupapprovaltask_id_gro_bb5ee7eb_uniq UNIQUE (groupapprovaltask_id, group_id);


--
-- Name: wagtailcore_groupapprovaltask_groups wagtailcore_groupapprovaltask_groups_pkey; Type: CONSTRAINT; Schema: public; Owner: decos
--

ALTER TABLE ONLY public.wagtailcore_groupapprovaltask_groups
    ADD CONSTRAINT wagtailcore_groupapprovaltask_groups_pkey PRIMARY KEY (id);


--
-- Name: wagtailcore_groupapprovaltask wagtailcore_groupapprovaltask_pkey; Type: CONSTRAINT; Schema: public; Owner: decos
--

ALTER TABLE ONLY public.wagtailcore_groupapprovaltask
    ADD CONSTRAINT wagtailcore_groupapprovaltask_pkey PRIMARY KEY (task_ptr_id);


--
-- Name: wagtailcore_groupcollectionpermission wagtailcore_groupcollect_group_id_collection_id_p_a21cefe9_uniq; Type: CONSTRAINT; Schema: public; Owner: decos
--

ALTER TABLE ONLY public.wagtailcore_groupcollectionpermission
    ADD CONSTRAINT wagtailcore_groupcollect_group_id_collection_id_p_a21cefe9_uniq UNIQUE (group_id, collection_id, permission_id);


--
-- Name: wagtailcore_groupcollectionpermission wagtailcore_groupcollectionpermission_pkey; Type: CONSTRAINT; Schema: public; Owner: decos
--

ALTER TABLE ONLY public.wagtailcore_groupcollectionpermission
    ADD CONSTRAINT wagtailcore_groupcollectionpermission_pkey PRIMARY KEY (id);


--
-- Name: wagtailcore_grouppagepermission wagtailcore_grouppagepermission_pkey; Type: CONSTRAINT; Schema: public; Owner: decos
--

ALTER TABLE ONLY public.wagtailcore_grouppagepermission
    ADD CONSTRAINT wagtailcore_grouppagepermission_pkey PRIMARY KEY (id);


--
-- Name: wagtailcore_locale wagtailcore_locale_language_code_key; Type: CONSTRAINT; Schema: public; Owner: decos
--

ALTER TABLE ONLY public.wagtailcore_locale
    ADD CONSTRAINT wagtailcore_locale_language_code_key UNIQUE (language_code);


--
-- Name: wagtailcore_locale wagtailcore_locale_pkey; Type: CONSTRAINT; Schema: public; Owner: decos
--

ALTER TABLE ONLY public.wagtailcore_locale
    ADD CONSTRAINT wagtailcore_locale_pkey PRIMARY KEY (id);


--
-- Name: wagtailcore_modellogentry wagtailcore_modellogentry_pkey; Type: CONSTRAINT; Schema: public; Owner: decos
--

ALTER TABLE ONLY public.wagtailcore_modellogentry
    ADD CONSTRAINT wagtailcore_modellogentry_pkey PRIMARY KEY (id);


--
-- Name: wagtailcore_page wagtailcore_page_path_key; Type: CONSTRAINT; Schema: public; Owner: decos
--

ALTER TABLE ONLY public.wagtailcore_page
    ADD CONSTRAINT wagtailcore_page_path_key UNIQUE (path);


--
-- Name: wagtailcore_page wagtailcore_page_pkey; Type: CONSTRAINT; Schema: public; Owner: decos
--

ALTER TABLE ONLY public.wagtailcore_page
    ADD CONSTRAINT wagtailcore_page_pkey PRIMARY KEY (id);


--
-- Name: wagtailcore_page wagtailcore_page_translation_key_locale_id_9b041bad_uniq; Type: CONSTRAINT; Schema: public; Owner: decos
--

ALTER TABLE ONLY public.wagtailcore_page
    ADD CONSTRAINT wagtailcore_page_translation_key_locale_id_9b041bad_uniq UNIQUE (translation_key, locale_id);


--
-- Name: wagtailcore_pagelogentry wagtailcore_pagelogentry_pkey; Type: CONSTRAINT; Schema: public; Owner: decos
--

ALTER TABLE ONLY public.wagtailcore_pagelogentry
    ADD CONSTRAINT wagtailcore_pagelogentry_pkey PRIMARY KEY (id);


--
-- Name: wagtailcore_revision wagtailcore_pagerevision_pkey; Type: CONSTRAINT; Schema: public; Owner: decos
--

ALTER TABLE ONLY public.wagtailcore_revision
    ADD CONSTRAINT wagtailcore_pagerevision_pkey PRIMARY KEY (id);


--
-- Name: wagtailcore_pagesubscription wagtailcore_pagesubscription_page_id_user_id_0cef73ed_uniq; Type: CONSTRAINT; Schema: public; Owner: decos
--

ALTER TABLE ONLY public.wagtailcore_pagesubscription
    ADD CONSTRAINT wagtailcore_pagesubscription_page_id_user_id_0cef73ed_uniq UNIQUE (page_id, user_id);


--
-- Name: wagtailcore_pagesubscription wagtailcore_pagesubscription_pkey; Type: CONSTRAINT; Schema: public; Owner: decos
--

ALTER TABLE ONLY public.wagtailcore_pagesubscription
    ADD CONSTRAINT wagtailcore_pagesubscription_pkey PRIMARY KEY (id);


--
-- Name: wagtailcore_pageviewrestriction_groups wagtailcore_pageviewrest_pageviewrestriction_id_g_d23f80bb_uniq; Type: CONSTRAINT; Schema: public; Owner: decos
--

ALTER TABLE ONLY public.wagtailcore_pageviewrestriction_groups
    ADD CONSTRAINT wagtailcore_pageviewrest_pageviewrestriction_id_g_d23f80bb_uniq UNIQUE (pageviewrestriction_id, group_id);


--
-- Name: wagtailcore_pageviewrestriction_groups wagtailcore_pageviewrestriction_groups_pkey; Type: CONSTRAINT; Schema: public; Owner: decos
--

ALTER TABLE ONLY public.wagtailcore_pageviewrestriction_groups
    ADD CONSTRAINT wagtailcore_pageviewrestriction_groups_pkey PRIMARY KEY (id);


--
-- Name: wagtailcore_pageviewrestriction wagtailcore_pageviewrestriction_pkey; Type: CONSTRAINT; Schema: public; Owner: decos
--

ALTER TABLE ONLY public.wagtailcore_pageviewrestriction
    ADD CONSTRAINT wagtailcore_pageviewrestriction_pkey PRIMARY KEY (id);


--
-- Name: wagtailcore_referenceindex wagtailcore_referenceind_base_content_type_id_obj_9e6ccd6a_uniq; Type: CONSTRAINT; Schema: public; Owner: decos
--

ALTER TABLE ONLY public.wagtailcore_referenceindex
    ADD CONSTRAINT wagtailcore_referenceind_base_content_type_id_obj_9e6ccd6a_uniq UNIQUE (base_content_type_id, object_id, to_content_type_id, to_object_id, content_path_hash);


--
-- Name: wagtailcore_referenceindex wagtailcore_referenceindex_pkey; Type: CONSTRAINT; Schema: public; Owner: decos
--

ALTER TABLE ONLY public.wagtailcore_referenceindex
    ADD CONSTRAINT wagtailcore_referenceindex_pkey PRIMARY KEY (id);


--
-- Name: wagtailcore_site wagtailcore_site_hostname_port_2c626d70_uniq; Type: CONSTRAINT; Schema: public; Owner: decos
--

ALTER TABLE ONLY public.wagtailcore_site
    ADD CONSTRAINT wagtailcore_site_hostname_port_2c626d70_uniq UNIQUE (hostname, port);


--
-- Name: wagtailcore_site wagtailcore_site_pkey; Type: CONSTRAINT; Schema: public; Owner: decos
--

ALTER TABLE ONLY public.wagtailcore_site
    ADD CONSTRAINT wagtailcore_site_pkey PRIMARY KEY (id);


--
-- Name: wagtailcore_task wagtailcore_task_pkey; Type: CONSTRAINT; Schema: public; Owner: decos
--

ALTER TABLE ONLY public.wagtailcore_task
    ADD CONSTRAINT wagtailcore_task_pkey PRIMARY KEY (id);


--
-- Name: wagtailcore_taskstate wagtailcore_taskstate_pkey; Type: CONSTRAINT; Schema: public; Owner: decos
--

ALTER TABLE ONLY public.wagtailcore_taskstate
    ADD CONSTRAINT wagtailcore_taskstate_pkey PRIMARY KEY (id);


--
-- Name: wagtailcore_uploadedfile wagtailcore_uploadedfile_pkey; Type: CONSTRAINT; Schema: public; Owner: decos
--

ALTER TABLE ONLY public.wagtailcore_uploadedfile
    ADD CONSTRAINT wagtailcore_uploadedfile_pkey PRIMARY KEY (id);


--
-- Name: wagtailcore_workflow wagtailcore_workflow_pkey; Type: CONSTRAINT; Schema: public; Owner: decos
--

ALTER TABLE ONLY public.wagtailcore_workflow
    ADD CONSTRAINT wagtailcore_workflow_pkey PRIMARY KEY (id);


--
-- Name: wagtailcore_workflowcontenttype wagtailcore_workflowcontenttype_pkey; Type: CONSTRAINT; Schema: public; Owner: decos
--

ALTER TABLE ONLY public.wagtailcore_workflowcontenttype
    ADD CONSTRAINT wagtailcore_workflowcontenttype_pkey PRIMARY KEY (content_type_id);


--
-- Name: wagtailcore_workflowpage wagtailcore_workflowpage_pkey; Type: CONSTRAINT; Schema: public; Owner: decos
--

ALTER TABLE ONLY public.wagtailcore_workflowpage
    ADD CONSTRAINT wagtailcore_workflowpage_pkey PRIMARY KEY (page_id);


--
-- Name: wagtailcore_workflowstate wagtailcore_workflowstate_current_task_state_id_key; Type: CONSTRAINT; Schema: public; Owner: decos
--

ALTER TABLE ONLY public.wagtailcore_workflowstate
    ADD CONSTRAINT wagtailcore_workflowstate_current_task_state_id_key UNIQUE (current_task_state_id);


--
-- Name: wagtailcore_workflowstate wagtailcore_workflowstate_pkey; Type: CONSTRAINT; Schema: public; Owner: decos
--

ALTER TABLE ONLY public.wagtailcore_workflowstate
    ADD CONSTRAINT wagtailcore_workflowstate_pkey PRIMARY KEY (id);


--
-- Name: wagtailcore_workflowtask wagtailcore_workflowtask_pkey; Type: CONSTRAINT; Schema: public; Owner: decos
--

ALTER TABLE ONLY public.wagtailcore_workflowtask
    ADD CONSTRAINT wagtailcore_workflowtask_pkey PRIMARY KEY (id);


--
-- Name: wagtailcore_workflowtask wagtailcore_workflowtask_workflow_id_task_id_4ec7a62b_uniq; Type: CONSTRAINT; Schema: public; Owner: decos
--

ALTER TABLE ONLY public.wagtailcore_workflowtask
    ADD CONSTRAINT wagtailcore_workflowtask_workflow_id_task_id_4ec7a62b_uniq UNIQUE (workflow_id, task_id);


--
-- Name: wagtaildocs_document wagtaildocs_document_pkey; Type: CONSTRAINT; Schema: public; Owner: decos
--

ALTER TABLE ONLY public.wagtaildocs_document
    ADD CONSTRAINT wagtaildocs_document_pkey PRIMARY KEY (id);


--
-- Name: wagtailembeds_embed wagtailembeds_embed_hash_c9bd8c9a_uniq; Type: CONSTRAINT; Schema: public; Owner: decos
--

ALTER TABLE ONLY public.wagtailembeds_embed
    ADD CONSTRAINT wagtailembeds_embed_hash_c9bd8c9a_uniq UNIQUE (hash);


--
-- Name: wagtailembeds_embed wagtailembeds_embed_pkey; Type: CONSTRAINT; Schema: public; Owner: decos
--

ALTER TABLE ONLY public.wagtailembeds_embed
    ADD CONSTRAINT wagtailembeds_embed_pkey PRIMARY KEY (id);


--
-- Name: wagtailforms_formsubmission wagtailforms_formsubmission_pkey; Type: CONSTRAINT; Schema: public; Owner: decos
--

ALTER TABLE ONLY public.wagtailforms_formsubmission
    ADD CONSTRAINT wagtailforms_formsubmission_pkey PRIMARY KEY (id);


--
-- Name: wagtailimages_image wagtailimages_image_pkey; Type: CONSTRAINT; Schema: public; Owner: decos
--

ALTER TABLE ONLY public.wagtailimages_image
    ADD CONSTRAINT wagtailimages_image_pkey PRIMARY KEY (id);


--
-- Name: wagtailimages_rendition wagtailimages_rendition_image_id_filter_spec_foc_323c8fe0_uniq; Type: CONSTRAINT; Schema: public; Owner: decos
--

ALTER TABLE ONLY public.wagtailimages_rendition
    ADD CONSTRAINT wagtailimages_rendition_image_id_filter_spec_foc_323c8fe0_uniq UNIQUE (image_id, filter_spec, focal_point_key);


--
-- Name: wagtailimages_rendition wagtailimages_rendition_pkey; Type: CONSTRAINT; Schema: public; Owner: decos
--

ALTER TABLE ONLY public.wagtailimages_rendition
    ADD CONSTRAINT wagtailimages_rendition_pkey PRIMARY KEY (id);


--
-- Name: wagtailredirects_redirect wagtailredirects_redirect_old_path_site_id_783622d7_uniq; Type: CONSTRAINT; Schema: public; Owner: decos
--

ALTER TABLE ONLY public.wagtailredirects_redirect
    ADD CONSTRAINT wagtailredirects_redirect_old_path_site_id_783622d7_uniq UNIQUE (old_path, site_id);


--
-- Name: wagtailredirects_redirect wagtailredirects_redirect_pkey; Type: CONSTRAINT; Schema: public; Owner: decos
--

ALTER TABLE ONLY public.wagtailredirects_redirect
    ADD CONSTRAINT wagtailredirects_redirect_pkey PRIMARY KEY (id);


--
-- Name: wagtailsearch_indexentry wagtailsearch_indexentry_content_type_id_object_i_bcd7ba73_uniq; Type: CONSTRAINT; Schema: public; Owner: decos
--

ALTER TABLE ONLY public.wagtailsearch_indexentry
    ADD CONSTRAINT wagtailsearch_indexentry_content_type_id_object_i_bcd7ba73_uniq UNIQUE (content_type_id, object_id);


--
-- Name: wagtailsearch_indexentry wagtailsearch_indexentry_pkey; Type: CONSTRAINT; Schema: public; Owner: decos
--

ALTER TABLE ONLY public.wagtailsearch_indexentry
    ADD CONSTRAINT wagtailsearch_indexentry_pkey PRIMARY KEY (id);


--
-- Name: wagtailusers_userprofile wagtailusers_userprofile_pkey; Type: CONSTRAINT; Schema: public; Owner: decos
--

ALTER TABLE ONLY public.wagtailusers_userprofile
    ADD CONSTRAINT wagtailusers_userprofile_pkey PRIMARY KEY (id);


--
-- Name: wagtailusers_userprofile wagtailusers_userprofile_user_id_key; Type: CONSTRAINT; Schema: public; Owner: decos
--

ALTER TABLE ONLY public.wagtailusers_userprofile
    ADD CONSTRAINT wagtailusers_userprofile_user_id_key UNIQUE (user_id);


--
-- Name: account_emailaddress_email_03be32b2; Type: INDEX; Schema: public; Owner: decos
--

CREATE INDEX account_emailaddress_email_03be32b2 ON public.account_emailaddress USING btree (email);


--
-- Name: account_emailaddress_email_03be32b2_like; Type: INDEX; Schema: public; Owner: decos
--

CREATE INDEX account_emailaddress_email_03be32b2_like ON public.account_emailaddress USING btree (email varchar_pattern_ops);


--
-- Name: account_emailaddress_user_id_2c513194; Type: INDEX; Schema: public; Owner: decos
--

CREATE INDEX account_emailaddress_user_id_2c513194 ON public.account_emailaddress USING btree (user_id);


--
-- Name: account_emailconfirmation_email_address_id_5b7f8c58; Type: INDEX; Schema: public; Owner: decos
--

CREATE INDEX account_emailconfirmation_email_address_id_5b7f8c58 ON public.account_emailconfirmation USING btree (email_address_id);


--
-- Name: account_emailconfirmation_key_f43612bd_like; Type: INDEX; Schema: public; Owner: decos
--

CREATE INDEX account_emailconfirmation_key_f43612bd_like ON public.account_emailconfirmation USING btree (key varchar_pattern_ops);


--
-- Name: auth_group_name_a6ea08ec_like; Type: INDEX; Schema: public; Owner: decos
--

CREATE INDEX auth_group_name_a6ea08ec_like ON public.auth_group USING btree (name varchar_pattern_ops);


--
-- Name: auth_group_permissions_group_id_b120cbf9; Type: INDEX; Schema: public; Owner: decos
--

CREATE INDEX auth_group_permissions_group_id_b120cbf9 ON public.auth_group_permissions USING btree (group_id);


--
-- Name: auth_group_permissions_permission_id_84c5c92e; Type: INDEX; Schema: public; Owner: decos
--

CREATE INDEX auth_group_permissions_permission_id_84c5c92e ON public.auth_group_permissions USING btree (permission_id);


--
-- Name: auth_permission_content_type_id_2f476e4b; Type: INDEX; Schema: public; Owner: decos
--

CREATE INDEX auth_permission_content_type_id_2f476e4b ON public.auth_permission USING btree (content_type_id);


--
-- Name: auth_user_groups_group_id_97559544; Type: INDEX; Schema: public; Owner: decos
--

CREATE INDEX auth_user_groups_group_id_97559544 ON public.auth_user_groups USING btree (group_id);


--
-- Name: auth_user_groups_user_id_6a12ed8b; Type: INDEX; Schema: public; Owner: decos
--

CREATE INDEX auth_user_groups_user_id_6a12ed8b ON public.auth_user_groups USING btree (user_id);


--
-- Name: auth_user_user_permissions_permission_id_1fbb5f2c; Type: INDEX; Schema: public; Owner: decos
--

CREATE INDEX auth_user_user_permissions_permission_id_1fbb5f2c ON public.auth_user_user_permissions USING btree (permission_id);


--
-- Name: auth_user_user_permissions_user_id_a95ead1b; Type: INDEX; Schema: public; Owner: decos
--

CREATE INDEX auth_user_user_permissions_user_id_a95ead1b ON public.auth_user_user_permissions USING btree (user_id);


--
-- Name: auth_user_username_6821ab7c_like; Type: INDEX; Schema: public; Owner: decos
--

CREATE INDEX auth_user_username_6821ab7c_like ON public.auth_user USING btree (username varchar_pattern_ops);


--
-- Name: base_content_object_idx; Type: INDEX; Schema: public; Owner: decos
--

CREATE INDEX base_content_object_idx ON public.wagtailcore_revision USING btree (base_content_type_id, object_id);


--
-- Name: content_object_idx; Type: INDEX; Schema: public; Owner: decos
--

CREATE INDEX content_object_idx ON public.wagtailcore_revision USING btree (content_type_id, object_id);


--
-- Name: django_admin_log_content_type_id_c4bce8eb; Type: INDEX; Schema: public; Owner: decos
--

CREATE INDEX django_admin_log_content_type_id_c4bce8eb ON public.django_admin_log USING btree (content_type_id);


--
-- Name: django_admin_log_user_id_c564eba6; Type: INDEX; Schema: public; Owner: decos
--

CREATE INDEX django_admin_log_user_id_c564eba6 ON public.django_admin_log USING btree (user_id);


--
-- Name: django_session_expire_date_a5c62663; Type: INDEX; Schema: public; Owner: decos
--

CREATE INDEX django_session_expire_date_a5c62663 ON public.django_session USING btree (expire_date);


--
-- Name: django_session_session_key_c0390e0f_like; Type: INDEX; Schema: public; Owner: decos
--

CREATE INDEX django_session_session_key_c0390e0f_like ON public.django_session USING btree (session_key varchar_pattern_ops);


--
-- Name: home_headersettings_prp_icon_id_730a9cab; Type: INDEX; Schema: public; Owner: decos
--

CREATE INDEX home_headersettings_prp_icon_id_730a9cab ON public.home_headersettings USING btree (prp_icon_id);


--
-- Name: socialaccount_socialaccount_user_id_8146e70c; Type: INDEX; Schema: public; Owner: decos
--

CREATE INDEX socialaccount_socialaccount_user_id_8146e70c ON public.socialaccount_socialaccount USING btree (user_id);


--
-- Name: socialaccount_socialtoken_account_id_951f210e; Type: INDEX; Schema: public; Owner: decos
--

CREATE INDEX socialaccount_socialtoken_account_id_951f210e ON public.socialaccount_socialtoken USING btree (account_id);


--
-- Name: socialaccount_socialtoken_app_id_636a42d7; Type: INDEX; Schema: public; Owner: decos
--

CREATE INDEX socialaccount_socialtoken_app_id_636a42d7 ON public.socialaccount_socialtoken USING btree (app_id);


--
-- Name: taggit_tag_name_58eb2ed9_like; Type: INDEX; Schema: public; Owner: decos
--

CREATE INDEX taggit_tag_name_58eb2ed9_like ON public.taggit_tag USING btree (name varchar_pattern_ops);


--
-- Name: taggit_tag_slug_6be58b2c_like; Type: INDEX; Schema: public; Owner: decos
--

CREATE INDEX taggit_tag_slug_6be58b2c_like ON public.taggit_tag USING btree (slug varchar_pattern_ops);


--
-- Name: taggit_tagg_content_8fc721_idx; Type: INDEX; Schema: public; Owner: decos
--

CREATE INDEX taggit_tagg_content_8fc721_idx ON public.taggit_taggeditem USING btree (content_type_id, object_id);


--
-- Name: taggit_taggeditem_content_type_id_9957a03c; Type: INDEX; Schema: public; Owner: decos
--

CREATE INDEX taggit_taggeditem_content_type_id_9957a03c ON public.taggit_taggeditem USING btree (content_type_id);


--
-- Name: taggit_taggeditem_object_id_e2d7d1df; Type: INDEX; Schema: public; Owner: decos
--

CREATE INDEX taggit_taggeditem_object_id_e2d7d1df ON public.taggit_taggeditem USING btree (object_id);


--
-- Name: taggit_taggeditem_tag_id_f4f5b767; Type: INDEX; Schema: public; Owner: decos
--

CREATE INDEX taggit_taggeditem_tag_id_f4f5b767 ON public.taggit_taggeditem USING btree (tag_id);


--
-- Name: unique_in_progress_workflow; Type: INDEX; Schema: public; Owner: decos
--

CREATE UNIQUE INDEX unique_in_progress_workflow ON public.wagtailcore_workflowstate USING btree (base_content_type_id, object_id) WHERE ((status)::text = ANY ((ARRAY['in_progress'::character varying, 'needs_changes'::character varying])::text[]));


--
-- Name: unique_primary_email; Type: INDEX; Schema: public; Owner: decos
--

CREATE UNIQUE INDEX unique_primary_email ON public.account_emailaddress USING btree (user_id, "primary") WHERE "primary";


--
-- Name: unique_verified_email; Type: INDEX; Schema: public; Owner: decos
--

CREATE UNIQUE INDEX unique_verified_email ON public.account_emailaddress USING btree (email) WHERE verified;


--
-- Name: wagtailadmi_content_717955_idx; Type: INDEX; Schema: public; Owner: decos
--

CREATE INDEX wagtailadmi_content_717955_idx ON public.wagtailadmin_editingsession USING btree (content_type_id, object_id);


--
-- Name: wagtailadmin_editingsession_content_type_id_4df7730e; Type: INDEX; Schema: public; Owner: decos
--

CREATE INDEX wagtailadmin_editingsession_content_type_id_4df7730e ON public.wagtailadmin_editingsession USING btree (content_type_id);


--
-- Name: wagtailadmin_editingsession_user_id_6e1a9b70; Type: INDEX; Schema: public; Owner: decos
--

CREATE INDEX wagtailadmin_editingsession_user_id_6e1a9b70 ON public.wagtailadmin_editingsession USING btree (user_id);


--
-- Name: wagtailcore_collection_path_d848dc19_like; Type: INDEX; Schema: public; Owner: decos
--

CREATE INDEX wagtailcore_collection_path_d848dc19_like ON public.wagtailcore_collection USING btree (path varchar_pattern_ops);


--
-- Name: wagtailcore_collectionview_collectionviewrestriction__47320efd; Type: INDEX; Schema: public; Owner: decos
--

CREATE INDEX wagtailcore_collectionview_collectionviewrestriction__47320efd ON public.wagtailcore_collectionviewrestriction_groups USING btree (collectionviewrestriction_id);


--
-- Name: wagtailcore_collectionviewrestriction_collection_id_761908ec; Type: INDEX; Schema: public; Owner: decos
--

CREATE INDEX wagtailcore_collectionviewrestriction_collection_id_761908ec ON public.wagtailcore_collectionviewrestriction USING btree (collection_id);


--
-- Name: wagtailcore_collectionviewrestriction_groups_group_id_1823f2a3; Type: INDEX; Schema: public; Owner: decos
--

CREATE INDEX wagtailcore_collectionviewrestriction_groups_group_id_1823f2a3 ON public.wagtailcore_collectionviewrestriction_groups USING btree (group_id);


--
-- Name: wagtailcore_comment_page_id_108444b5; Type: INDEX; Schema: public; Owner: decos
--

CREATE INDEX wagtailcore_comment_page_id_108444b5 ON public.wagtailcore_comment USING btree (page_id);


--
-- Name: wagtailcore_comment_resolved_by_id_a282aa0e; Type: INDEX; Schema: public; Owner: decos
--

CREATE INDEX wagtailcore_comment_resolved_by_id_a282aa0e ON public.wagtailcore_comment USING btree (resolved_by_id);


--
-- Name: wagtailcore_comment_revision_created_id_1d058279; Type: INDEX; Schema: public; Owner: decos
--

CREATE INDEX wagtailcore_comment_revision_created_id_1d058279 ON public.wagtailcore_comment USING btree (revision_created_id);


--
-- Name: wagtailcore_comment_user_id_0c577ca6; Type: INDEX; Schema: public; Owner: decos
--

CREATE INDEX wagtailcore_comment_user_id_0c577ca6 ON public.wagtailcore_comment USING btree (user_id);


--
-- Name: wagtailcore_commentreply_comment_id_afc7e027; Type: INDEX; Schema: public; Owner: decos
--

CREATE INDEX wagtailcore_commentreply_comment_id_afc7e027 ON public.wagtailcore_commentreply USING btree (comment_id);


--
-- Name: wagtailcore_commentreply_user_id_d0b3b9c3; Type: INDEX; Schema: public; Owner: decos
--

CREATE INDEX wagtailcore_commentreply_user_id_d0b3b9c3 ON public.wagtailcore_commentreply USING btree (user_id);


--
-- Name: wagtailcore_groupapprovalt_groupapprovaltask_id_9a9255ea; Type: INDEX; Schema: public; Owner: decos
--

CREATE INDEX wagtailcore_groupapprovalt_groupapprovaltask_id_9a9255ea ON public.wagtailcore_groupapprovaltask_groups USING btree (groupapprovaltask_id);


--
-- Name: wagtailcore_groupapprovaltask_groups_group_id_2e64b61f; Type: INDEX; Schema: public; Owner: decos
--

CREATE INDEX wagtailcore_groupapprovaltask_groups_group_id_2e64b61f ON public.wagtailcore_groupapprovaltask_groups USING btree (group_id);


--
-- Name: wagtailcore_groupcollectionpermission_collection_id_5423575a; Type: INDEX; Schema: public; Owner: decos
--

CREATE INDEX wagtailcore_groupcollectionpermission_collection_id_5423575a ON public.wagtailcore_groupcollectionpermission USING btree (collection_id);


--
-- Name: wagtailcore_groupcollectionpermission_group_id_05d61460; Type: INDEX; Schema: public; Owner: decos
--

CREATE INDEX wagtailcore_groupcollectionpermission_group_id_05d61460 ON public.wagtailcore_groupcollectionpermission USING btree (group_id);


--
-- Name: wagtailcore_groupcollectionpermission_permission_id_1b626275; Type: INDEX; Schema: public; Owner: decos
--

CREATE INDEX wagtailcore_groupcollectionpermission_permission_id_1b626275 ON public.wagtailcore_groupcollectionpermission USING btree (permission_id);


--
-- Name: wagtailcore_grouppagepermission_group_id_fc07e671; Type: INDEX; Schema: public; Owner: decos
--

CREATE INDEX wagtailcore_grouppagepermission_group_id_fc07e671 ON public.wagtailcore_grouppagepermission USING btree (group_id);


--
-- Name: wagtailcore_grouppagepermission_page_id_710b114a; Type: INDEX; Schema: public; Owner: decos
--

CREATE INDEX wagtailcore_grouppagepermission_page_id_710b114a ON public.wagtailcore_grouppagepermission USING btree (page_id);


--
-- Name: wagtailcore_grouppagepermission_permission_id_05acb22e; Type: INDEX; Schema: public; Owner: decos
--

CREATE INDEX wagtailcore_grouppagepermission_permission_id_05acb22e ON public.wagtailcore_grouppagepermission USING btree (permission_id);


--
-- Name: wagtailcore_locale_language_code_03149338_like; Type: INDEX; Schema: public; Owner: decos
--

CREATE INDEX wagtailcore_locale_language_code_03149338_like ON public.wagtailcore_locale USING btree (language_code varchar_pattern_ops);


--
-- Name: wagtailcore_modellogentry_action_d2d856ee; Type: INDEX; Schema: public; Owner: decos
--

CREATE INDEX wagtailcore_modellogentry_action_d2d856ee ON public.wagtailcore_modellogentry USING btree (action);


--
-- Name: wagtailcore_modellogentry_action_d2d856ee_like; Type: INDEX; Schema: public; Owner: decos
--

CREATE INDEX wagtailcore_modellogentry_action_d2d856ee_like ON public.wagtailcore_modellogentry USING btree (action varchar_pattern_ops);


--
-- Name: wagtailcore_modellogentry_content_changed_8bc39742; Type: INDEX; Schema: public; Owner: decos
--

CREATE INDEX wagtailcore_modellogentry_content_changed_8bc39742 ON public.wagtailcore_modellogentry USING btree (content_changed);


--
-- Name: wagtailcore_modellogentry_content_type_id_68849e77; Type: INDEX; Schema: public; Owner: decos
--

CREATE INDEX wagtailcore_modellogentry_content_type_id_68849e77 ON public.wagtailcore_modellogentry USING btree (content_type_id);


--
-- Name: wagtailcore_modellogentry_object_id_e0e7d4ef; Type: INDEX; Schema: public; Owner: decos
--

CREATE INDEX wagtailcore_modellogentry_object_id_e0e7d4ef ON public.wagtailcore_modellogentry USING btree (object_id);


--
-- Name: wagtailcore_modellogentry_object_id_e0e7d4ef_like; Type: INDEX; Schema: public; Owner: decos
--

CREATE INDEX wagtailcore_modellogentry_object_id_e0e7d4ef_like ON public.wagtailcore_modellogentry USING btree (object_id varchar_pattern_ops);


--
-- Name: wagtailcore_modellogentry_revision_id_df6ca33a; Type: INDEX; Schema: public; Owner: decos
--

CREATE INDEX wagtailcore_modellogentry_revision_id_df6ca33a ON public.wagtailcore_modellogentry USING btree (revision_id);


--
-- Name: wagtailcore_modellogentry_timestamp_9694521b; Type: INDEX; Schema: public; Owner: decos
--

CREATE INDEX wagtailcore_modellogentry_timestamp_9694521b ON public.wagtailcore_modellogentry USING btree ("timestamp");


--
-- Name: wagtailcore_modellogentry_user_id_0278d1bf; Type: INDEX; Schema: public; Owner: decos
--

CREATE INDEX wagtailcore_modellogentry_user_id_0278d1bf ON public.wagtailcore_modellogentry USING btree (user_id);


--
-- Name: wagtailcore_page_alias_of_id_12945502; Type: INDEX; Schema: public; Owner: decos
--

CREATE INDEX wagtailcore_page_alias_of_id_12945502 ON public.wagtailcore_page USING btree (alias_of_id);


--
-- Name: wagtailcore_page_content_type_id_c28424df; Type: INDEX; Schema: public; Owner: decos
--

CREATE INDEX wagtailcore_page_content_type_id_c28424df ON public.wagtailcore_page USING btree (content_type_id);


--
-- Name: wagtailcore_page_first_published_at_2b5dd637; Type: INDEX; Schema: public; Owner: decos
--

CREATE INDEX wagtailcore_page_first_published_at_2b5dd637 ON public.wagtailcore_page USING btree (first_published_at);


--
-- Name: wagtailcore_page_latest_revision_id_e60fef51; Type: INDEX; Schema: public; Owner: decos
--

CREATE INDEX wagtailcore_page_latest_revision_id_e60fef51 ON public.wagtailcore_page USING btree (latest_revision_id);


--
-- Name: wagtailcore_page_live_revision_id_930bd822; Type: INDEX; Schema: public; Owner: decos
--

CREATE INDEX wagtailcore_page_live_revision_id_930bd822 ON public.wagtailcore_page USING btree (live_revision_id);


--
-- Name: wagtailcore_page_locale_id_3c7e30a6; Type: INDEX; Schema: public; Owner: decos
--

CREATE INDEX wagtailcore_page_locale_id_3c7e30a6 ON public.wagtailcore_page USING btree (locale_id);


--
-- Name: wagtailcore_page_locked_by_id_bcb86245; Type: INDEX; Schema: public; Owner: decos
--

CREATE INDEX wagtailcore_page_locked_by_id_bcb86245 ON public.wagtailcore_page USING btree (locked_by_id);


--
-- Name: wagtailcore_page_owner_id_fbf7c332; Type: INDEX; Schema: public; Owner: decos
--

CREATE INDEX wagtailcore_page_owner_id_fbf7c332 ON public.wagtailcore_page USING btree (owner_id);


--
-- Name: wagtailcore_page_path_98eba2c8_like; Type: INDEX; Schema: public; Owner: decos
--

CREATE INDEX wagtailcore_page_path_98eba2c8_like ON public.wagtailcore_page USING btree (path varchar_pattern_ops);


--
-- Name: wagtailcore_page_slug_e7c11b8f; Type: INDEX; Schema: public; Owner: decos
--

CREATE INDEX wagtailcore_page_slug_e7c11b8f ON public.wagtailcore_page USING btree (slug);


--
-- Name: wagtailcore_page_slug_e7c11b8f_like; Type: INDEX; Schema: public; Owner: decos
--

CREATE INDEX wagtailcore_page_slug_e7c11b8f_like ON public.wagtailcore_page USING btree (slug varchar_pattern_ops);


--
-- Name: wagtailcore_pagelogentry_action_c2408198; Type: INDEX; Schema: public; Owner: decos
--

CREATE INDEX wagtailcore_pagelogentry_action_c2408198 ON public.wagtailcore_pagelogentry USING btree (action);


--
-- Name: wagtailcore_pagelogentry_action_c2408198_like; Type: INDEX; Schema: public; Owner: decos
--

CREATE INDEX wagtailcore_pagelogentry_action_c2408198_like ON public.wagtailcore_pagelogentry USING btree (action varchar_pattern_ops);


--
-- Name: wagtailcore_pagelogentry_content_changed_99f27ade; Type: INDEX; Schema: public; Owner: decos
--

CREATE INDEX wagtailcore_pagelogentry_content_changed_99f27ade ON public.wagtailcore_pagelogentry USING btree (content_changed);


--
-- Name: wagtailcore_pagelogentry_content_type_id_74e7708a; Type: INDEX; Schema: public; Owner: decos
--

CREATE INDEX wagtailcore_pagelogentry_content_type_id_74e7708a ON public.wagtailcore_pagelogentry USING btree (content_type_id);


--
-- Name: wagtailcore_pagelogentry_page_id_8464e327; Type: INDEX; Schema: public; Owner: decos
--

CREATE INDEX wagtailcore_pagelogentry_page_id_8464e327 ON public.wagtailcore_pagelogentry USING btree (page_id);


--
-- Name: wagtailcore_pagelogentry_revision_id_8043d103; Type: INDEX; Schema: public; Owner: decos
--

CREATE INDEX wagtailcore_pagelogentry_revision_id_8043d103 ON public.wagtailcore_pagelogentry USING btree (revision_id);


--
-- Name: wagtailcore_pagelogentry_timestamp_deb774c4; Type: INDEX; Schema: public; Owner: decos
--

CREATE INDEX wagtailcore_pagelogentry_timestamp_deb774c4 ON public.wagtailcore_pagelogentry USING btree ("timestamp");


--
-- Name: wagtailcore_pagelogentry_user_id_604ccfd8; Type: INDEX; Schema: public; Owner: decos
--

CREATE INDEX wagtailcore_pagelogentry_user_id_604ccfd8 ON public.wagtailcore_pagelogentry USING btree (user_id);


--
-- Name: wagtailcore_pagerevision_approved_go_live_at_e56afc67; Type: INDEX; Schema: public; Owner: decos
--

CREATE INDEX wagtailcore_pagerevision_approved_go_live_at_e56afc67 ON public.wagtailcore_revision USING btree (approved_go_live_at);


--
-- Name: wagtailcore_pagerevision_created_at_66954e3b; Type: INDEX; Schema: public; Owner: decos
--

CREATE INDEX wagtailcore_pagerevision_created_at_66954e3b ON public.wagtailcore_revision USING btree (created_at);


--
-- Name: wagtailcore_pagerevision_user_id_2409d2f4; Type: INDEX; Schema: public; Owner: decos
--

CREATE INDEX wagtailcore_pagerevision_user_id_2409d2f4 ON public.wagtailcore_revision USING btree (user_id);


--
-- Name: wagtailcore_pagesubscription_page_id_a085e7a6; Type: INDEX; Schema: public; Owner: decos
--

CREATE INDEX wagtailcore_pagesubscription_page_id_a085e7a6 ON public.wagtailcore_pagesubscription USING btree (page_id);


--
-- Name: wagtailcore_pagesubscription_user_id_89d7def9; Type: INDEX; Schema: public; Owner: decos
--

CREATE INDEX wagtailcore_pagesubscription_user_id_89d7def9 ON public.wagtailcore_pagesubscription USING btree (user_id);


--
-- Name: wagtailcore_pageviewrestri_pageviewrestriction_id_f147a99a; Type: INDEX; Schema: public; Owner: decos
--

CREATE INDEX wagtailcore_pageviewrestri_pageviewrestriction_id_f147a99a ON public.wagtailcore_pageviewrestriction_groups USING btree (pageviewrestriction_id);


--
-- Name: wagtailcore_pageviewrestriction_groups_group_id_6460f223; Type: INDEX; Schema: public; Owner: decos
--

CREATE INDEX wagtailcore_pageviewrestriction_groups_group_id_6460f223 ON public.wagtailcore_pageviewrestriction_groups USING btree (group_id);


--
-- Name: wagtailcore_pageviewrestriction_page_id_15a8bea6; Type: INDEX; Schema: public; Owner: decos
--

CREATE INDEX wagtailcore_pageviewrestriction_page_id_15a8bea6 ON public.wagtailcore_pageviewrestriction USING btree (page_id);


--
-- Name: wagtailcore_referenceindex_base_content_type_id_313cf40f; Type: INDEX; Schema: public; Owner: decos
--

CREATE INDEX wagtailcore_referenceindex_base_content_type_id_313cf40f ON public.wagtailcore_referenceindex USING btree (base_content_type_id);


--
-- Name: wagtailcore_referenceindex_content_type_id_766e0336; Type: INDEX; Schema: public; Owner: decos
--

CREATE INDEX wagtailcore_referenceindex_content_type_id_766e0336 ON public.wagtailcore_referenceindex USING btree (content_type_id);


--
-- Name: wagtailcore_referenceindex_to_content_type_id_93690bbd; Type: INDEX; Schema: public; Owner: decos
--

CREATE INDEX wagtailcore_referenceindex_to_content_type_id_93690bbd ON public.wagtailcore_referenceindex USING btree (to_content_type_id);


--
-- Name: wagtailcore_revision_base_content_type_id_5b4ef7bd; Type: INDEX; Schema: public; Owner: decos
--

CREATE INDEX wagtailcore_revision_base_content_type_id_5b4ef7bd ON public.wagtailcore_revision USING btree (base_content_type_id);


--
-- Name: wagtailcore_revision_content_type_id_c8cb69c0; Type: INDEX; Schema: public; Owner: decos
--

CREATE INDEX wagtailcore_revision_content_type_id_c8cb69c0 ON public.wagtailcore_revision USING btree (content_type_id);


--
-- Name: wagtailcore_site_hostname_96b20b46; Type: INDEX; Schema: public; Owner: decos
--

CREATE INDEX wagtailcore_site_hostname_96b20b46 ON public.wagtailcore_site USING btree (hostname);


--
-- Name: wagtailcore_site_hostname_96b20b46_like; Type: INDEX; Schema: public; Owner: decos
--

CREATE INDEX wagtailcore_site_hostname_96b20b46_like ON public.wagtailcore_site USING btree (hostname varchar_pattern_ops);


--
-- Name: wagtailcore_site_root_page_id_e02fb95c; Type: INDEX; Schema: public; Owner: decos
--

CREATE INDEX wagtailcore_site_root_page_id_e02fb95c ON public.wagtailcore_site USING btree (root_page_id);


--
-- Name: wagtailcore_task_content_type_id_249ab8ba; Type: INDEX; Schema: public; Owner: decos
--

CREATE INDEX wagtailcore_task_content_type_id_249ab8ba ON public.wagtailcore_task USING btree (content_type_id);


--
-- Name: wagtailcore_taskstate_content_type_id_0a758fdc; Type: INDEX; Schema: public; Owner: decos
--

CREATE INDEX wagtailcore_taskstate_content_type_id_0a758fdc ON public.wagtailcore_taskstate USING btree (content_type_id);


--
-- Name: wagtailcore_taskstate_finished_by_id_13f98229; Type: INDEX; Schema: public; Owner: decos
--

CREATE INDEX wagtailcore_taskstate_finished_by_id_13f98229 ON public.wagtailcore_taskstate USING btree (finished_by_id);


--
-- Name: wagtailcore_taskstate_page_revision_id_9f52c88e; Type: INDEX; Schema: public; Owner: decos
--

CREATE INDEX wagtailcore_taskstate_page_revision_id_9f52c88e ON public.wagtailcore_taskstate USING btree (revision_id);


--
-- Name: wagtailcore_taskstate_task_id_c3677c34; Type: INDEX; Schema: public; Owner: decos
--

CREATE INDEX wagtailcore_taskstate_task_id_c3677c34 ON public.wagtailcore_taskstate USING btree (task_id);


--
-- Name: wagtailcore_taskstate_workflow_state_id_9239a775; Type: INDEX; Schema: public; Owner: decos
--

CREATE INDEX wagtailcore_taskstate_workflow_state_id_9239a775 ON public.wagtailcore_taskstate USING btree (workflow_state_id);


--
-- Name: wagtailcore_uploadedfile_for_content_type_id_b0fc87b2; Type: INDEX; Schema: public; Owner: decos
--

CREATE INDEX wagtailcore_uploadedfile_for_content_type_id_b0fc87b2 ON public.wagtailcore_uploadedfile USING btree (for_content_type_id);


--
-- Name: wagtailcore_uploadedfile_uploaded_by_user_id_c7580fe8; Type: INDEX; Schema: public; Owner: decos
--

CREATE INDEX wagtailcore_uploadedfile_uploaded_by_user_id_c7580fe8 ON public.wagtailcore_uploadedfile USING btree (uploaded_by_user_id);


--
-- Name: wagtailcore_workflowcontenttype_workflow_id_9aad7cd2; Type: INDEX; Schema: public; Owner: decos
--

CREATE INDEX wagtailcore_workflowcontenttype_workflow_id_9aad7cd2 ON public.wagtailcore_workflowcontenttype USING btree (workflow_id);


--
-- Name: wagtailcore_workflowpage_workflow_id_56f56ff6; Type: INDEX; Schema: public; Owner: decos
--

CREATE INDEX wagtailcore_workflowpage_workflow_id_56f56ff6 ON public.wagtailcore_workflowpage USING btree (workflow_id);


--
-- Name: wagtailcore_workflowstate_base_content_type_id_a30dc576; Type: INDEX; Schema: public; Owner: decos
--

CREATE INDEX wagtailcore_workflowstate_base_content_type_id_a30dc576 ON public.wagtailcore_workflowstate USING btree (base_content_type_id);


--
-- Name: wagtailcore_workflowstate_content_type_id_2bb78ce1; Type: INDEX; Schema: public; Owner: decos
--

CREATE INDEX wagtailcore_workflowstate_content_type_id_2bb78ce1 ON public.wagtailcore_workflowstate USING btree (content_type_id);


--
-- Name: wagtailcore_workflowstate_requested_by_id_4090bca3; Type: INDEX; Schema: public; Owner: decos
--

CREATE INDEX wagtailcore_workflowstate_requested_by_id_4090bca3 ON public.wagtailcore_workflowstate USING btree (requested_by_id);


--
-- Name: wagtailcore_workflowstate_workflow_id_1f18378f; Type: INDEX; Schema: public; Owner: decos
--

CREATE INDEX wagtailcore_workflowstate_workflow_id_1f18378f ON public.wagtailcore_workflowstate USING btree (workflow_id);


--
-- Name: wagtailcore_workflowtask_task_id_ce7716fe; Type: INDEX; Schema: public; Owner: decos
--

CREATE INDEX wagtailcore_workflowtask_task_id_ce7716fe ON public.wagtailcore_workflowtask USING btree (task_id);


--
-- Name: wagtailcore_workflowtask_workflow_id_b9717175; Type: INDEX; Schema: public; Owner: decos
--

CREATE INDEX wagtailcore_workflowtask_workflow_id_b9717175 ON public.wagtailcore_workflowtask USING btree (workflow_id);


--
-- Name: wagtaildocs_document_collection_id_23881625; Type: INDEX; Schema: public; Owner: decos
--

CREATE INDEX wagtaildocs_document_collection_id_23881625 ON public.wagtaildocs_document USING btree (collection_id);


--
-- Name: wagtaildocs_document_uploaded_by_user_id_17258b41; Type: INDEX; Schema: public; Owner: decos
--

CREATE INDEX wagtaildocs_document_uploaded_by_user_id_17258b41 ON public.wagtaildocs_document USING btree (uploaded_by_user_id);


--
-- Name: wagtailembeds_embed_cache_until_26c94bb0; Type: INDEX; Schema: public; Owner: decos
--

CREATE INDEX wagtailembeds_embed_cache_until_26c94bb0 ON public.wagtailembeds_embed USING btree (cache_until);


--
-- Name: wagtailembeds_embed_hash_c9bd8c9a_like; Type: INDEX; Schema: public; Owner: decos
--

CREATE INDEX wagtailembeds_embed_hash_c9bd8c9a_like ON public.wagtailembeds_embed USING btree (hash varchar_pattern_ops);


--
-- Name: wagtailforms_formsubmission_page_id_e48e93e7; Type: INDEX; Schema: public; Owner: decos
--

CREATE INDEX wagtailforms_formsubmission_page_id_e48e93e7 ON public.wagtailforms_formsubmission USING btree (page_id);


--
-- Name: wagtailimages_image_collection_id_c2f8af7e; Type: INDEX; Schema: public; Owner: decos
--

CREATE INDEX wagtailimages_image_collection_id_c2f8af7e ON public.wagtailimages_image USING btree (collection_id);


--
-- Name: wagtailimages_image_created_at_86fa6cd4; Type: INDEX; Schema: public; Owner: decos
--

CREATE INDEX wagtailimages_image_created_at_86fa6cd4 ON public.wagtailimages_image USING btree (created_at);


--
-- Name: wagtailimages_image_file_hash_fb5bbb23; Type: INDEX; Schema: public; Owner: decos
--

CREATE INDEX wagtailimages_image_file_hash_fb5bbb23 ON public.wagtailimages_image USING btree (file_hash);


--
-- Name: wagtailimages_image_file_hash_fb5bbb23_like; Type: INDEX; Schema: public; Owner: decos
--

CREATE INDEX wagtailimages_image_file_hash_fb5bbb23_like ON public.wagtailimages_image USING btree (file_hash varchar_pattern_ops);


--
-- Name: wagtailimages_image_uploaded_by_user_id_5d73dc75; Type: INDEX; Schema: public; Owner: decos
--

CREATE INDEX wagtailimages_image_uploaded_by_user_id_5d73dc75 ON public.wagtailimages_image USING btree (uploaded_by_user_id);


--
-- Name: wagtailimages_rendition_filter_spec_1cba3201; Type: INDEX; Schema: public; Owner: decos
--

CREATE INDEX wagtailimages_rendition_filter_spec_1cba3201 ON public.wagtailimages_rendition USING btree (filter_spec);


--
-- Name: wagtailimages_rendition_filter_spec_1cba3201_like; Type: INDEX; Schema: public; Owner: decos
--

CREATE INDEX wagtailimages_rendition_filter_spec_1cba3201_like ON public.wagtailimages_rendition USING btree (filter_spec varchar_pattern_ops);


--
-- Name: wagtailimages_rendition_image_id_3e1fd774; Type: INDEX; Schema: public; Owner: decos
--

CREATE INDEX wagtailimages_rendition_image_id_3e1fd774 ON public.wagtailimages_rendition USING btree (image_id);


--
-- Name: wagtailredirects_redirect_old_path_bb35247b; Type: INDEX; Schema: public; Owner: decos
--

CREATE INDEX wagtailredirects_redirect_old_path_bb35247b ON public.wagtailredirects_redirect USING btree (old_path);


--
-- Name: wagtailredirects_redirect_old_path_bb35247b_like; Type: INDEX; Schema: public; Owner: decos
--

CREATE INDEX wagtailredirects_redirect_old_path_bb35247b_like ON public.wagtailredirects_redirect USING btree (old_path varchar_pattern_ops);


--
-- Name: wagtailredirects_redirect_redirect_page_id_b5728a8f; Type: INDEX; Schema: public; Owner: decos
--

CREATE INDEX wagtailredirects_redirect_redirect_page_id_b5728a8f ON public.wagtailredirects_redirect USING btree (redirect_page_id);


--
-- Name: wagtailredirects_redirect_site_id_780a0e1e; Type: INDEX; Schema: public; Owner: decos
--

CREATE INDEX wagtailredirects_redirect_site_id_780a0e1e ON public.wagtailredirects_redirect USING btree (site_id);


--
-- Name: wagtailsear_autocom_476c89_gin; Type: INDEX; Schema: public; Owner: decos
--

CREATE INDEX wagtailsear_autocom_476c89_gin ON public.wagtailsearch_indexentry USING gin (autocomplete);


--
-- Name: wagtailsear_body_90c85d_gin; Type: INDEX; Schema: public; Owner: decos
--

CREATE INDEX wagtailsear_body_90c85d_gin ON public.wagtailsearch_indexentry USING gin (body);


--
-- Name: wagtailsear_title_9caae0_gin; Type: INDEX; Schema: public; Owner: decos
--

CREATE INDEX wagtailsear_title_9caae0_gin ON public.wagtailsearch_indexentry USING gin (title);


--
-- Name: wagtailsearch_indexentry_content_type_id_62ed694f; Type: INDEX; Schema: public; Owner: decos
--

CREATE INDEX wagtailsearch_indexentry_content_type_id_62ed694f ON public.wagtailsearch_indexentry USING btree (content_type_id);


--
-- Name: workflowstate_base_ct_id_idx; Type: INDEX; Schema: public; Owner: decos
--

CREATE INDEX workflowstate_base_ct_id_idx ON public.wagtailcore_workflowstate USING btree (base_content_type_id, object_id);


--
-- Name: workflowstate_ct_id_idx; Type: INDEX; Schema: public; Owner: decos
--

CREATE INDEX workflowstate_ct_id_idx ON public.wagtailcore_workflowstate USING btree (content_type_id, object_id);


--
-- Name: account_emailaddress account_emailaddress_user_id_2c513194_fk_auth_user_id; Type: FK CONSTRAINT; Schema: public; Owner: decos
--

ALTER TABLE ONLY public.account_emailaddress
    ADD CONSTRAINT account_emailaddress_user_id_2c513194_fk_auth_user_id FOREIGN KEY (user_id) REFERENCES public.auth_user(id) DEFERRABLE INITIALLY DEFERRED;


--
-- Name: account_emailconfirmation account_emailconfirm_email_address_id_5b7f8c58_fk_account_e; Type: FK CONSTRAINT; Schema: public; Owner: decos
--

ALTER TABLE ONLY public.account_emailconfirmation
    ADD CONSTRAINT account_emailconfirm_email_address_id_5b7f8c58_fk_account_e FOREIGN KEY (email_address_id) REFERENCES public.account_emailaddress(id) DEFERRABLE INITIALLY DEFERRED;


--
-- Name: auth_group_permissions auth_group_permissio_permission_id_84c5c92e_fk_auth_perm; Type: FK CONSTRAINT; Schema: public; Owner: decos
--

ALTER TABLE ONLY public.auth_group_permissions
    ADD CONSTRAINT auth_group_permissio_permission_id_84c5c92e_fk_auth_perm FOREIGN KEY (permission_id) REFERENCES public.auth_permission(id) DEFERRABLE INITIALLY DEFERRED;


--
-- Name: auth_group_permissions auth_group_permissions_group_id_b120cbf9_fk_auth_group_id; Type: FK CONSTRAINT; Schema: public; Owner: decos
--

ALTER TABLE ONLY public.auth_group_permissions
    ADD CONSTRAINT auth_group_permissions_group_id_b120cbf9_fk_auth_group_id FOREIGN KEY (group_id) REFERENCES public.auth_group(id) DEFERRABLE INITIALLY DEFERRED;


--
-- Name: auth_permission auth_permission_content_type_id_2f476e4b_fk_django_co; Type: FK CONSTRAINT; Schema: public; Owner: decos
--

ALTER TABLE ONLY public.auth_permission
    ADD CONSTRAINT auth_permission_content_type_id_2f476e4b_fk_django_co FOREIGN KEY (content_type_id) REFERENCES public.django_content_type(id) DEFERRABLE INITIALLY DEFERRED;


--
-- Name: auth_user_groups auth_user_groups_group_id_97559544_fk_auth_group_id; Type: FK CONSTRAINT; Schema: public; Owner: decos
--

ALTER TABLE ONLY public.auth_user_groups
    ADD CONSTRAINT auth_user_groups_group_id_97559544_fk_auth_group_id FOREIGN KEY (group_id) REFERENCES public.auth_group(id) DEFERRABLE INITIALLY DEFERRED;


--
-- Name: auth_user_groups auth_user_groups_user_id_6a12ed8b_fk_auth_user_id; Type: FK CONSTRAINT; Schema: public; Owner: decos
--

ALTER TABLE ONLY public.auth_user_groups
    ADD CONSTRAINT auth_user_groups_user_id_6a12ed8b_fk_auth_user_id FOREIGN KEY (user_id) REFERENCES public.auth_user(id) DEFERRABLE INITIALLY DEFERRED;


--
-- Name: auth_user_user_permissions auth_user_user_permi_permission_id_1fbb5f2c_fk_auth_perm; Type: FK CONSTRAINT; Schema: public; Owner: decos
--

ALTER TABLE ONLY public.auth_user_user_permissions
    ADD CONSTRAINT auth_user_user_permi_permission_id_1fbb5f2c_fk_auth_perm FOREIGN KEY (permission_id) REFERENCES public.auth_permission(id) DEFERRABLE INITIALLY DEFERRED;


--
-- Name: auth_user_user_permissions auth_user_user_permissions_user_id_a95ead1b_fk_auth_user_id; Type: FK CONSTRAINT; Schema: public; Owner: decos
--

ALTER TABLE ONLY public.auth_user_user_permissions
    ADD CONSTRAINT auth_user_user_permissions_user_id_a95ead1b_fk_auth_user_id FOREIGN KEY (user_id) REFERENCES public.auth_user(id) DEFERRABLE INITIALLY DEFERRED;


--
-- Name: django_admin_log django_admin_log_content_type_id_c4bce8eb_fk_django_co; Type: FK CONSTRAINT; Schema: public; Owner: decos
--

ALTER TABLE ONLY public.django_admin_log
    ADD CONSTRAINT django_admin_log_content_type_id_c4bce8eb_fk_django_co FOREIGN KEY (content_type_id) REFERENCES public.django_content_type(id) DEFERRABLE INITIALLY DEFERRED;


--
-- Name: django_admin_log django_admin_log_user_id_c564eba6_fk_auth_user_id; Type: FK CONSTRAINT; Schema: public; Owner: decos
--

ALTER TABLE ONLY public.django_admin_log
    ADD CONSTRAINT django_admin_log_user_id_c564eba6_fk_auth_user_id FOREIGN KEY (user_id) REFERENCES public.auth_user(id) DEFERRABLE INITIALLY DEFERRED;


--
-- Name: home_dmppage home_dmppage_page_ptr_id_71cc66eb_fk_wagtailcore_page_id; Type: FK CONSTRAINT; Schema: public; Owner: decos
--

ALTER TABLE ONLY public.home_dmppage
    ADD CONSTRAINT home_dmppage_page_ptr_id_71cc66eb_fk_wagtailcore_page_id FOREIGN KEY (page_ptr_id) REFERENCES public.wagtailcore_page(id) DEFERRABLE INITIALLY DEFERRED;


--
-- Name: home_dmpsearchpage home_dmpsearchpage_page_ptr_id_1ad9ce83_fk_wagtailcore_page_id; Type: FK CONSTRAINT; Schema: public; Owner: decos
--

ALTER TABLE ONLY public.home_dmpsearchpage
    ADD CONSTRAINT home_dmpsearchpage_page_ptr_id_1ad9ce83_fk_wagtailcore_page_id FOREIGN KEY (page_ptr_id) REFERENCES public.wagtailcore_page(id) DEFERRABLE INITIALLY DEFERRED;


--
-- Name: home_dmpviewpage home_dmpviewpage_page_ptr_id_b3c1cd37_fk_wagtailcore_page_id; Type: FK CONSTRAINT; Schema: public; Owner: decos
--

ALTER TABLE ONLY public.home_dmpviewpage
    ADD CONSTRAINT home_dmpviewpage_page_ptr_id_b3c1cd37_fk_wagtailcore_page_id FOREIGN KEY (page_ptr_id) REFERENCES public.wagtailcore_page(id) DEFERRABLE INITIALLY DEFERRED;


--
-- Name: home_editsamplepage home_editsamplepage_page_ptr_id_db314954_fk_wagtailcore_page_id; Type: FK CONSTRAINT; Schema: public; Owner: decos
--

ALTER TABLE ONLY public.home_editsamplepage
    ADD CONSTRAINT home_editsamplepage_page_ptr_id_db314954_fk_wagtailcore_page_id FOREIGN KEY (page_ptr_id) REFERENCES public.wagtailcore_page(id) DEFERRABLE INITIALLY DEFERRED;


--
-- Name: home_experimentmetadatareportpage home_experimentmetad_page_ptr_id_4c1765d7_fk_wagtailco; Type: FK CONSTRAINT; Schema: public; Owner: decos
--

ALTER TABLE ONLY public.home_experimentmetadatareportpage
    ADD CONSTRAINT home_experimentmetad_page_ptr_id_4c1765d7_fk_wagtailco FOREIGN KEY (page_ptr_id) REFERENCES public.wagtailcore_page(id) DEFERRABLE INITIALLY DEFERRED;


--
-- Name: home_fileinfopage home_fileinfopage_page_ptr_id_294c164c_fk_wagtailcore_page_id; Type: FK CONSTRAINT; Schema: public; Owner: decos
--

ALTER TABLE ONLY public.home_fileinfopage
    ADD CONSTRAINT home_fileinfopage_page_ptr_id_294c164c_fk_wagtailcore_page_id FOREIGN KEY (page_ptr_id) REFERENCES public.wagtailcore_page(id) DEFERRABLE INITIALLY DEFERRED;


--
-- Name: home_headersettings home_headersettings_prp_icon_id_730a9cab_fk_wagtailim; Type: FK CONSTRAINT; Schema: public; Owner: decos
--

ALTER TABLE ONLY public.home_headersettings
    ADD CONSTRAINT home_headersettings_prp_icon_id_730a9cab_fk_wagtailim FOREIGN KEY (prp_icon_id) REFERENCES public.wagtailimages_image(id) DEFERRABLE INITIALLY DEFERRED;


--
-- Name: home_homepage home_homepage_page_ptr_id_e5b77cf7_fk_wagtailcore_page_id; Type: FK CONSTRAINT; Schema: public; Owner: decos
--

ALTER TABLE ONLY public.home_homepage
    ADD CONSTRAINT home_homepage_page_ptr_id_e5b77cf7_fk_wagtailcore_page_id FOREIGN KEY (page_ptr_id) REFERENCES public.wagtailcore_page(id) DEFERRABLE INITIALLY DEFERRED;


--
-- Name: home_instrumentspage home_instrumentspage_page_ptr_id_1d3f375b_fk_wagtailco; Type: FK CONSTRAINT; Schema: public; Owner: decos
--

ALTER TABLE ONLY public.home_instrumentspage
    ADD CONSTRAINT home_instrumentspage_page_ptr_id_1d3f375b_fk_wagtailco FOREIGN KEY (page_ptr_id) REFERENCES public.wagtailcore_page(id) DEFERRABLE INITIALLY DEFERRED;


--
-- Name: home_pipelinespage home_pipelinespage_page_ptr_id_f4265999_fk_wagtailcore_page_id; Type: FK CONSTRAINT; Schema: public; Owner: decos
--

ALTER TABLE ONLY public.home_pipelinespage
    ADD CONSTRAINT home_pipelinespage_page_ptr_id_f4265999_fk_wagtailcore_page_id FOREIGN KEY (page_ptr_id) REFERENCES public.wagtailcore_page(id) DEFERRABLE INITIALLY DEFERRED;


--
-- Name: home_proposallistpage home_proposallistpag_page_ptr_id_5d02f52a_fk_wagtailco; Type: FK CONSTRAINT; Schema: public; Owner: decos
--

ALTER TABLE ONLY public.home_proposallistpage
    ADD CONSTRAINT home_proposallistpag_page_ptr_id_5d02f52a_fk_wagtailco FOREIGN KEY (page_ptr_id) REFERENCES public.wagtailcore_page(id) DEFERRABLE INITIALLY DEFERRED;


--
-- Name: home_proposalsubmissionpage home_proposalsubmiss_page_ptr_id_8ec55625_fk_wagtailco; Type: FK CONSTRAINT; Schema: public; Owner: decos
--

ALTER TABLE ONLY public.home_proposalsubmissionpage
    ADD CONSTRAINT home_proposalsubmiss_page_ptr_id_8ec55625_fk_wagtailco FOREIGN KEY (page_ptr_id) REFERENCES public.wagtailcore_page(id) DEFERRABLE INITIALLY DEFERRED;


--
-- Name: home_resultslistpage home_resultslistpage_page_ptr_id_edb25fb4_fk_wagtailco; Type: FK CONSTRAINT; Schema: public; Owner: decos
--

ALTER TABLE ONLY public.home_resultslistpage
    ADD CONSTRAINT home_resultslistpage_page_ptr_id_edb25fb4_fk_wagtailco FOREIGN KEY (page_ptr_id) REFERENCES public.wagtailcore_page(id) DEFERRABLE INITIALLY DEFERRED;


--
-- Name: home_resultspage home_resultspage_page_ptr_id_e5ad2dbc_fk_wagtailcore_page_id; Type: FK CONSTRAINT; Schema: public; Owner: decos
--

ALTER TABLE ONLY public.home_resultspage
    ADD CONSTRAINT home_resultspage_page_ptr_id_e5ad2dbc_fk_wagtailcore_page_id FOREIGN KEY (page_ptr_id) REFERENCES public.wagtailcore_page(id) DEFERRABLE INITIALLY DEFERRED;


--
-- Name: home_samplelistpage home_samplelistpage_page_ptr_id_ea75f30b_fk_wagtailcore_page_id; Type: FK CONSTRAINT; Schema: public; Owner: decos
--

ALTER TABLE ONLY public.home_samplelistpage
    ADD CONSTRAINT home_samplelistpage_page_ptr_id_ea75f30b_fk_wagtailcore_page_id FOREIGN KEY (page_ptr_id) REFERENCES public.wagtailcore_page(id) DEFERRABLE INITIALLY DEFERRED;


--
-- Name: home_samplepage home_samplepage_page_ptr_id_c18302d0_fk_wagtailcore_page_id; Type: FK CONSTRAINT; Schema: public; Owner: decos
--

ALTER TABLE ONLY public.home_samplepage
    ADD CONSTRAINT home_samplepage_page_ptr_id_c18302d0_fk_wagtailcore_page_id FOREIGN KEY (page_ptr_id) REFERENCES public.wagtailcore_page(id) DEFERRABLE INITIALLY DEFERRED;


--
-- Name: home_servicerequestsubmissionpage home_servicerequests_page_ptr_id_7fe50f11_fk_wagtailco; Type: FK CONSTRAINT; Schema: public; Owner: decos
--

ALTER TABLE ONLY public.home_servicerequestsubmissionpage
    ADD CONSTRAINT home_servicerequests_page_ptr_id_7fe50f11_fk_wagtailco FOREIGN KEY (page_ptr_id) REFERENCES public.wagtailcore_page(id) DEFERRABLE INITIALLY DEFERRED;


--
-- Name: socialaccount_socialtoken socialaccount_social_account_id_951f210e_fk_socialacc; Type: FK CONSTRAINT; Schema: public; Owner: decos
--

ALTER TABLE ONLY public.socialaccount_socialtoken
    ADD CONSTRAINT socialaccount_social_account_id_951f210e_fk_socialacc FOREIGN KEY (account_id) REFERENCES public.socialaccount_socialaccount(id) DEFERRABLE INITIALLY DEFERRED;


--
-- Name: socialaccount_socialtoken socialaccount_social_app_id_636a42d7_fk_socialacc; Type: FK CONSTRAINT; Schema: public; Owner: decos
--

ALTER TABLE ONLY public.socialaccount_socialtoken
    ADD CONSTRAINT socialaccount_social_app_id_636a42d7_fk_socialacc FOREIGN KEY (app_id) REFERENCES public.socialaccount_socialapp(id) DEFERRABLE INITIALLY DEFERRED;


--
-- Name: socialaccount_socialaccount socialaccount_socialaccount_user_id_8146e70c_fk_auth_user_id; Type: FK CONSTRAINT; Schema: public; Owner: decos
--

ALTER TABLE ONLY public.socialaccount_socialaccount
    ADD CONSTRAINT socialaccount_socialaccount_user_id_8146e70c_fk_auth_user_id FOREIGN KEY (user_id) REFERENCES public.auth_user(id) DEFERRABLE INITIALLY DEFERRED;


--
-- Name: taggit_taggeditem taggit_taggeditem_content_type_id_9957a03c_fk_django_co; Type: FK CONSTRAINT; Schema: public; Owner: decos
--

ALTER TABLE ONLY public.taggit_taggeditem
    ADD CONSTRAINT taggit_taggeditem_content_type_id_9957a03c_fk_django_co FOREIGN KEY (content_type_id) REFERENCES public.django_content_type(id) DEFERRABLE INITIALLY DEFERRED;


--
-- Name: taggit_taggeditem taggit_taggeditem_tag_id_f4f5b767_fk_taggit_tag_id; Type: FK CONSTRAINT; Schema: public; Owner: decos
--

ALTER TABLE ONLY public.taggit_taggeditem
    ADD CONSTRAINT taggit_taggeditem_tag_id_f4f5b767_fk_taggit_tag_id FOREIGN KEY (tag_id) REFERENCES public.taggit_tag(id) DEFERRABLE INITIALLY DEFERRED;


--
-- Name: wagtailadmin_editingsession wagtailadmin_editing_content_type_id_4df7730e_fk_django_co; Type: FK CONSTRAINT; Schema: public; Owner: decos
--

ALTER TABLE ONLY public.wagtailadmin_editingsession
    ADD CONSTRAINT wagtailadmin_editing_content_type_id_4df7730e_fk_django_co FOREIGN KEY (content_type_id) REFERENCES public.django_content_type(id) DEFERRABLE INITIALLY DEFERRED;


--
-- Name: wagtailadmin_editingsession wagtailadmin_editingsession_user_id_6e1a9b70_fk_auth_user_id; Type: FK CONSTRAINT; Schema: public; Owner: decos
--

ALTER TABLE ONLY public.wagtailadmin_editingsession
    ADD CONSTRAINT wagtailadmin_editingsession_user_id_6e1a9b70_fk_auth_user_id FOREIGN KEY (user_id) REFERENCES public.auth_user(id) DEFERRABLE INITIALLY DEFERRED;


--
-- Name: wagtailcore_collectionviewrestriction wagtailcore_collecti_collection_id_761908ec_fk_wagtailco; Type: FK CONSTRAINT; Schema: public; Owner: decos
--

ALTER TABLE ONLY public.wagtailcore_collectionviewrestriction
    ADD CONSTRAINT wagtailcore_collecti_collection_id_761908ec_fk_wagtailco FOREIGN KEY (collection_id) REFERENCES public.wagtailcore_collection(id) DEFERRABLE INITIALLY DEFERRED;


--
-- Name: wagtailcore_collectionviewrestriction_groups wagtailcore_collecti_collectionviewrestri_47320efd_fk_wagtailco; Type: FK CONSTRAINT; Schema: public; Owner: decos
--

ALTER TABLE ONLY public.wagtailcore_collectionviewrestriction_groups
    ADD CONSTRAINT wagtailcore_collecti_collectionviewrestri_47320efd_fk_wagtailco FOREIGN KEY (collectionviewrestriction_id) REFERENCES public.wagtailcore_collectionviewrestriction(id) DEFERRABLE INITIALLY DEFERRED;


--
-- Name: wagtailcore_collectionviewrestriction_groups wagtailcore_collecti_group_id_1823f2a3_fk_auth_grou; Type: FK CONSTRAINT; Schema: public; Owner: decos
--

ALTER TABLE ONLY public.wagtailcore_collectionviewrestriction_groups
    ADD CONSTRAINT wagtailcore_collecti_group_id_1823f2a3_fk_auth_grou FOREIGN KEY (group_id) REFERENCES public.auth_group(id) DEFERRABLE INITIALLY DEFERRED;


--
-- Name: wagtailcore_comment wagtailcore_comment_page_id_108444b5_fk_wagtailcore_page_id; Type: FK CONSTRAINT; Schema: public; Owner: decos
--

ALTER TABLE ONLY public.wagtailcore_comment
    ADD CONSTRAINT wagtailcore_comment_page_id_108444b5_fk_wagtailcore_page_id FOREIGN KEY (page_id) REFERENCES public.wagtailcore_page(id) DEFERRABLE INITIALLY DEFERRED;


--
-- Name: wagtailcore_comment wagtailcore_comment_resolved_by_id_a282aa0e_fk_auth_user_id; Type: FK CONSTRAINT; Schema: public; Owner: decos
--

ALTER TABLE ONLY public.wagtailcore_comment
    ADD CONSTRAINT wagtailcore_comment_resolved_by_id_a282aa0e_fk_auth_user_id FOREIGN KEY (resolved_by_id) REFERENCES public.auth_user(id) DEFERRABLE INITIALLY DEFERRED;


--
-- Name: wagtailcore_comment wagtailcore_comment_revision_created_id_1d058279_fk_wagtailco; Type: FK CONSTRAINT; Schema: public; Owner: decos
--

ALTER TABLE ONLY public.wagtailcore_comment
    ADD CONSTRAINT wagtailcore_comment_revision_created_id_1d058279_fk_wagtailco FOREIGN KEY (revision_created_id) REFERENCES public.wagtailcore_revision(id) DEFERRABLE INITIALLY DEFERRED;


--
-- Name: wagtailcore_comment wagtailcore_comment_user_id_0c577ca6_fk_auth_user_id; Type: FK CONSTRAINT; Schema: public; Owner: decos
--

ALTER TABLE ONLY public.wagtailcore_comment
    ADD CONSTRAINT wagtailcore_comment_user_id_0c577ca6_fk_auth_user_id FOREIGN KEY (user_id) REFERENCES public.auth_user(id) DEFERRABLE INITIALLY DEFERRED;


--
-- Name: wagtailcore_commentreply wagtailcore_commentr_comment_id_afc7e027_fk_wagtailco; Type: FK CONSTRAINT; Schema: public; Owner: decos
--

ALTER TABLE ONLY public.wagtailcore_commentreply
    ADD CONSTRAINT wagtailcore_commentr_comment_id_afc7e027_fk_wagtailco FOREIGN KEY (comment_id) REFERENCES public.wagtailcore_comment(id) DEFERRABLE INITIALLY DEFERRED;


--
-- Name: wagtailcore_commentreply wagtailcore_commentreply_user_id_d0b3b9c3_fk_auth_user_id; Type: FK CONSTRAINT; Schema: public; Owner: decos
--

ALTER TABLE ONLY public.wagtailcore_commentreply
    ADD CONSTRAINT wagtailcore_commentreply_user_id_d0b3b9c3_fk_auth_user_id FOREIGN KEY (user_id) REFERENCES public.auth_user(id) DEFERRABLE INITIALLY DEFERRED;


--
-- Name: wagtailcore_groupapprovaltask_groups wagtailcore_groupapp_group_id_2e64b61f_fk_auth_grou; Type: FK CONSTRAINT; Schema: public; Owner: decos
--

ALTER TABLE ONLY public.wagtailcore_groupapprovaltask_groups
    ADD CONSTRAINT wagtailcore_groupapp_group_id_2e64b61f_fk_auth_grou FOREIGN KEY (group_id) REFERENCES public.auth_group(id) DEFERRABLE INITIALLY DEFERRED;


--
-- Name: wagtailcore_groupapprovaltask_groups wagtailcore_groupapp_groupapprovaltask_id_9a9255ea_fk_wagtailco; Type: FK CONSTRAINT; Schema: public; Owner: decos
--

ALTER TABLE ONLY public.wagtailcore_groupapprovaltask_groups
    ADD CONSTRAINT wagtailcore_groupapp_groupapprovaltask_id_9a9255ea_fk_wagtailco FOREIGN KEY (groupapprovaltask_id) REFERENCES public.wagtailcore_groupapprovaltask(task_ptr_id) DEFERRABLE INITIALLY DEFERRED;


--
-- Name: wagtailcore_groupapprovaltask wagtailcore_groupapp_task_ptr_id_cfe58781_fk_wagtailco; Type: FK CONSTRAINT; Schema: public; Owner: decos
--

ALTER TABLE ONLY public.wagtailcore_groupapprovaltask
    ADD CONSTRAINT wagtailcore_groupapp_task_ptr_id_cfe58781_fk_wagtailco FOREIGN KEY (task_ptr_id) REFERENCES public.wagtailcore_task(id) DEFERRABLE INITIALLY DEFERRED;


--
-- Name: wagtailcore_groupcollectionpermission wagtailcore_groupcol_collection_id_5423575a_fk_wagtailco; Type: FK CONSTRAINT; Schema: public; Owner: decos
--

ALTER TABLE ONLY public.wagtailcore_groupcollectionpermission
    ADD CONSTRAINT wagtailcore_groupcol_collection_id_5423575a_fk_wagtailco FOREIGN KEY (collection_id) REFERENCES public.wagtailcore_collection(id) DEFERRABLE INITIALLY DEFERRED;


--
-- Name: wagtailcore_groupcollectionpermission wagtailcore_groupcol_group_id_05d61460_fk_auth_grou; Type: FK CONSTRAINT; Schema: public; Owner: decos
--

ALTER TABLE ONLY public.wagtailcore_groupcollectionpermission
    ADD CONSTRAINT wagtailcore_groupcol_group_id_05d61460_fk_auth_grou FOREIGN KEY (group_id) REFERENCES public.auth_group(id) DEFERRABLE INITIALLY DEFERRED;


--
-- Name: wagtailcore_groupcollectionpermission wagtailcore_groupcol_permission_id_1b626275_fk_auth_perm; Type: FK CONSTRAINT; Schema: public; Owner: decos
--

ALTER TABLE ONLY public.wagtailcore_groupcollectionpermission
    ADD CONSTRAINT wagtailcore_groupcol_permission_id_1b626275_fk_auth_perm FOREIGN KEY (permission_id) REFERENCES public.auth_permission(id) DEFERRABLE INITIALLY DEFERRED;


--
-- Name: wagtailcore_grouppagepermission wagtailcore_grouppag_group_id_fc07e671_fk_auth_grou; Type: FK CONSTRAINT; Schema: public; Owner: decos
--

ALTER TABLE ONLY public.wagtailcore_grouppagepermission
    ADD CONSTRAINT wagtailcore_grouppag_group_id_fc07e671_fk_auth_grou FOREIGN KEY (group_id) REFERENCES public.auth_group(id) DEFERRABLE INITIALLY DEFERRED;


--
-- Name: wagtailcore_grouppagepermission wagtailcore_grouppag_page_id_710b114a_fk_wagtailco; Type: FK CONSTRAINT; Schema: public; Owner: decos
--

ALTER TABLE ONLY public.wagtailcore_grouppagepermission
    ADD CONSTRAINT wagtailcore_grouppag_page_id_710b114a_fk_wagtailco FOREIGN KEY (page_id) REFERENCES public.wagtailcore_page(id) DEFERRABLE INITIALLY DEFERRED;


--
-- Name: wagtailcore_grouppagepermission wagtailcore_grouppag_permission_id_05acb22e_fk_auth_perm; Type: FK CONSTRAINT; Schema: public; Owner: decos
--

ALTER TABLE ONLY public.wagtailcore_grouppagepermission
    ADD CONSTRAINT wagtailcore_grouppag_permission_id_05acb22e_fk_auth_perm FOREIGN KEY (permission_id) REFERENCES public.auth_permission(id) DEFERRABLE INITIALLY DEFERRED;


--
-- Name: wagtailcore_modellogentry wagtailcore_modellog_content_type_id_68849e77_fk_django_co; Type: FK CONSTRAINT; Schema: public; Owner: decos
--

ALTER TABLE ONLY public.wagtailcore_modellogentry
    ADD CONSTRAINT wagtailcore_modellog_content_type_id_68849e77_fk_django_co FOREIGN KEY (content_type_id) REFERENCES public.django_content_type(id) DEFERRABLE INITIALLY DEFERRED;


--
-- Name: wagtailcore_page wagtailcore_page_alias_of_id_12945502_fk_wagtailcore_page_id; Type: FK CONSTRAINT; Schema: public; Owner: decos
--

ALTER TABLE ONLY public.wagtailcore_page
    ADD CONSTRAINT wagtailcore_page_alias_of_id_12945502_fk_wagtailcore_page_id FOREIGN KEY (alias_of_id) REFERENCES public.wagtailcore_page(id) DEFERRABLE INITIALLY DEFERRED;


--
-- Name: wagtailcore_page wagtailcore_page_content_type_id_c28424df_fk_django_co; Type: FK CONSTRAINT; Schema: public; Owner: decos
--

ALTER TABLE ONLY public.wagtailcore_page
    ADD CONSTRAINT wagtailcore_page_content_type_id_c28424df_fk_django_co FOREIGN KEY (content_type_id) REFERENCES public.django_content_type(id) DEFERRABLE INITIALLY DEFERRED;


--
-- Name: wagtailcore_page wagtailcore_page_latest_revision_id_e60fef51_fk_wagtailco; Type: FK CONSTRAINT; Schema: public; Owner: decos
--

ALTER TABLE ONLY public.wagtailcore_page
    ADD CONSTRAINT wagtailcore_page_latest_revision_id_e60fef51_fk_wagtailco FOREIGN KEY (latest_revision_id) REFERENCES public.wagtailcore_revision(id) DEFERRABLE INITIALLY DEFERRED;


--
-- Name: wagtailcore_page wagtailcore_page_live_revision_id_930bd822_fk_wagtailco; Type: FK CONSTRAINT; Schema: public; Owner: decos
--

ALTER TABLE ONLY public.wagtailcore_page
    ADD CONSTRAINT wagtailcore_page_live_revision_id_930bd822_fk_wagtailco FOREIGN KEY (live_revision_id) REFERENCES public.wagtailcore_revision(id) DEFERRABLE INITIALLY DEFERRED;


--
-- Name: wagtailcore_page wagtailcore_page_locale_id_3c7e30a6_fk_wagtailcore_locale_id; Type: FK CONSTRAINT; Schema: public; Owner: decos
--

ALTER TABLE ONLY public.wagtailcore_page
    ADD CONSTRAINT wagtailcore_page_locale_id_3c7e30a6_fk_wagtailcore_locale_id FOREIGN KEY (locale_id) REFERENCES public.wagtailcore_locale(id) DEFERRABLE INITIALLY DEFERRED;


--
-- Name: wagtailcore_page wagtailcore_page_locked_by_id_bcb86245_fk_auth_user_id; Type: FK CONSTRAINT; Schema: public; Owner: decos
--

ALTER TABLE ONLY public.wagtailcore_page
    ADD CONSTRAINT wagtailcore_page_locked_by_id_bcb86245_fk_auth_user_id FOREIGN KEY (locked_by_id) REFERENCES public.auth_user(id) DEFERRABLE INITIALLY DEFERRED;


--
-- Name: wagtailcore_page wagtailcore_page_owner_id_fbf7c332_fk_auth_user_id; Type: FK CONSTRAINT; Schema: public; Owner: decos
--

ALTER TABLE ONLY public.wagtailcore_page
    ADD CONSTRAINT wagtailcore_page_owner_id_fbf7c332_fk_auth_user_id FOREIGN KEY (owner_id) REFERENCES public.auth_user(id) DEFERRABLE INITIALLY DEFERRED;


--
-- Name: wagtailcore_pagelogentry wagtailcore_pageloge_content_type_id_74e7708a_fk_django_co; Type: FK CONSTRAINT; Schema: public; Owner: decos
--

ALTER TABLE ONLY public.wagtailcore_pagelogentry
    ADD CONSTRAINT wagtailcore_pageloge_content_type_id_74e7708a_fk_django_co FOREIGN KEY (content_type_id) REFERENCES public.django_content_type(id) DEFERRABLE INITIALLY DEFERRED;


--
-- Name: wagtailcore_revision wagtailcore_pagerevision_user_id_2409d2f4_fk_auth_user_id; Type: FK CONSTRAINT; Schema: public; Owner: decos
--

ALTER TABLE ONLY public.wagtailcore_revision
    ADD CONSTRAINT wagtailcore_pagerevision_user_id_2409d2f4_fk_auth_user_id FOREIGN KEY (user_id) REFERENCES public.auth_user(id) DEFERRABLE INITIALLY DEFERRED;


--
-- Name: wagtailcore_pagesubscription wagtailcore_pagesubs_page_id_a085e7a6_fk_wagtailco; Type: FK CONSTRAINT; Schema: public; Owner: decos
--

ALTER TABLE ONLY public.wagtailcore_pagesubscription
    ADD CONSTRAINT wagtailcore_pagesubs_page_id_a085e7a6_fk_wagtailco FOREIGN KEY (page_id) REFERENCES public.wagtailcore_page(id) DEFERRABLE INITIALLY DEFERRED;


--
-- Name: wagtailcore_pagesubscription wagtailcore_pagesubscription_user_id_89d7def9_fk_auth_user_id; Type: FK CONSTRAINT; Schema: public; Owner: decos
--

ALTER TABLE ONLY public.wagtailcore_pagesubscription
    ADD CONSTRAINT wagtailcore_pagesubscription_user_id_89d7def9_fk_auth_user_id FOREIGN KEY (user_id) REFERENCES public.auth_user(id) DEFERRABLE INITIALLY DEFERRED;


--
-- Name: wagtailcore_pageviewrestriction_groups wagtailcore_pageview_group_id_6460f223_fk_auth_grou; Type: FK CONSTRAINT; Schema: public; Owner: decos
--

ALTER TABLE ONLY public.wagtailcore_pageviewrestriction_groups
    ADD CONSTRAINT wagtailcore_pageview_group_id_6460f223_fk_auth_grou FOREIGN KEY (group_id) REFERENCES public.auth_group(id) DEFERRABLE INITIALLY DEFERRED;


--
-- Name: wagtailcore_pageviewrestriction wagtailcore_pageview_page_id_15a8bea6_fk_wagtailco; Type: FK CONSTRAINT; Schema: public; Owner: decos
--

ALTER TABLE ONLY public.wagtailcore_pageviewrestriction
    ADD CONSTRAINT wagtailcore_pageview_page_id_15a8bea6_fk_wagtailco FOREIGN KEY (page_id) REFERENCES public.wagtailcore_page(id) DEFERRABLE INITIALLY DEFERRED;


--
-- Name: wagtailcore_pageviewrestriction_groups wagtailcore_pageview_pageviewrestriction__f147a99a_fk_wagtailco; Type: FK CONSTRAINT; Schema: public; Owner: decos
--

ALTER TABLE ONLY public.wagtailcore_pageviewrestriction_groups
    ADD CONSTRAINT wagtailcore_pageview_pageviewrestriction__f147a99a_fk_wagtailco FOREIGN KEY (pageviewrestriction_id) REFERENCES public.wagtailcore_pageviewrestriction(id) DEFERRABLE INITIALLY DEFERRED;


--
-- Name: wagtailcore_referenceindex wagtailcore_referenc_base_content_type_id_313cf40f_fk_django_co; Type: FK CONSTRAINT; Schema: public; Owner: decos
--

ALTER TABLE ONLY public.wagtailcore_referenceindex
    ADD CONSTRAINT wagtailcore_referenc_base_content_type_id_313cf40f_fk_django_co FOREIGN KEY (base_content_type_id) REFERENCES public.django_content_type(id) DEFERRABLE INITIALLY DEFERRED;


--
-- Name: wagtailcore_referenceindex wagtailcore_referenc_content_type_id_766e0336_fk_django_co; Type: FK CONSTRAINT; Schema: public; Owner: decos
--

ALTER TABLE ONLY public.wagtailcore_referenceindex
    ADD CONSTRAINT wagtailcore_referenc_content_type_id_766e0336_fk_django_co FOREIGN KEY (content_type_id) REFERENCES public.django_content_type(id) DEFERRABLE INITIALLY DEFERRED;


--
-- Name: wagtailcore_referenceindex wagtailcore_referenc_to_content_type_id_93690bbd_fk_django_co; Type: FK CONSTRAINT; Schema: public; Owner: decos
--

ALTER TABLE ONLY public.wagtailcore_referenceindex
    ADD CONSTRAINT wagtailcore_referenc_to_content_type_id_93690bbd_fk_django_co FOREIGN KEY (to_content_type_id) REFERENCES public.django_content_type(id) DEFERRABLE INITIALLY DEFERRED;


--
-- Name: wagtailcore_revision wagtailcore_revision_base_content_type_id_5b4ef7bd_fk_django_co; Type: FK CONSTRAINT; Schema: public; Owner: decos
--

ALTER TABLE ONLY public.wagtailcore_revision
    ADD CONSTRAINT wagtailcore_revision_base_content_type_id_5b4ef7bd_fk_django_co FOREIGN KEY (base_content_type_id) REFERENCES public.django_content_type(id) DEFERRABLE INITIALLY DEFERRED;


--
-- Name: wagtailcore_revision wagtailcore_revision_content_type_id_c8cb69c0_fk_django_co; Type: FK CONSTRAINT; Schema: public; Owner: decos
--

ALTER TABLE ONLY public.wagtailcore_revision
    ADD CONSTRAINT wagtailcore_revision_content_type_id_c8cb69c0_fk_django_co FOREIGN KEY (content_type_id) REFERENCES public.django_content_type(id) DEFERRABLE INITIALLY DEFERRED;


--
-- Name: wagtailcore_site wagtailcore_site_root_page_id_e02fb95c_fk_wagtailcore_page_id; Type: FK CONSTRAINT; Schema: public; Owner: decos
--

ALTER TABLE ONLY public.wagtailcore_site
    ADD CONSTRAINT wagtailcore_site_root_page_id_e02fb95c_fk_wagtailcore_page_id FOREIGN KEY (root_page_id) REFERENCES public.wagtailcore_page(id) DEFERRABLE INITIALLY DEFERRED;


--
-- Name: wagtailcore_task wagtailcore_task_content_type_id_249ab8ba_fk_django_co; Type: FK CONSTRAINT; Schema: public; Owner: decos
--

ALTER TABLE ONLY public.wagtailcore_task
    ADD CONSTRAINT wagtailcore_task_content_type_id_249ab8ba_fk_django_co FOREIGN KEY (content_type_id) REFERENCES public.django_content_type(id) DEFERRABLE INITIALLY DEFERRED;


--
-- Name: wagtailcore_taskstate wagtailcore_taskstat_content_type_id_0a758fdc_fk_django_co; Type: FK CONSTRAINT; Schema: public; Owner: decos
--

ALTER TABLE ONLY public.wagtailcore_taskstate
    ADD CONSTRAINT wagtailcore_taskstat_content_type_id_0a758fdc_fk_django_co FOREIGN KEY (content_type_id) REFERENCES public.django_content_type(id) DEFERRABLE INITIALLY DEFERRED;


--
-- Name: wagtailcore_taskstate wagtailcore_taskstat_revision_id_df25a499_fk_wagtailco; Type: FK CONSTRAINT; Schema: public; Owner: decos
--

ALTER TABLE ONLY public.wagtailcore_taskstate
    ADD CONSTRAINT wagtailcore_taskstat_revision_id_df25a499_fk_wagtailco FOREIGN KEY (revision_id) REFERENCES public.wagtailcore_revision(id) DEFERRABLE INITIALLY DEFERRED;


--
-- Name: wagtailcore_taskstate wagtailcore_taskstat_workflow_state_id_9239a775_fk_wagtailco; Type: FK CONSTRAINT; Schema: public; Owner: decos
--

ALTER TABLE ONLY public.wagtailcore_taskstate
    ADD CONSTRAINT wagtailcore_taskstat_workflow_state_id_9239a775_fk_wagtailco FOREIGN KEY (workflow_state_id) REFERENCES public.wagtailcore_workflowstate(id) DEFERRABLE INITIALLY DEFERRED;


--
-- Name: wagtailcore_taskstate wagtailcore_taskstate_finished_by_id_13f98229_fk_auth_user_id; Type: FK CONSTRAINT; Schema: public; Owner: decos
--

ALTER TABLE ONLY public.wagtailcore_taskstate
    ADD CONSTRAINT wagtailcore_taskstate_finished_by_id_13f98229_fk_auth_user_id FOREIGN KEY (finished_by_id) REFERENCES public.auth_user(id) DEFERRABLE INITIALLY DEFERRED;


--
-- Name: wagtailcore_taskstate wagtailcore_taskstate_task_id_c3677c34_fk_wagtailcore_task_id; Type: FK CONSTRAINT; Schema: public; Owner: decos
--

ALTER TABLE ONLY public.wagtailcore_taskstate
    ADD CONSTRAINT wagtailcore_taskstate_task_id_c3677c34_fk_wagtailcore_task_id FOREIGN KEY (task_id) REFERENCES public.wagtailcore_task(id) DEFERRABLE INITIALLY DEFERRED;


--
-- Name: wagtailcore_uploadedfile wagtailcore_uploaded_for_content_type_id_b0fc87b2_fk_django_co; Type: FK CONSTRAINT; Schema: public; Owner: decos
--

ALTER TABLE ONLY public.wagtailcore_uploadedfile
    ADD CONSTRAINT wagtailcore_uploaded_for_content_type_id_b0fc87b2_fk_django_co FOREIGN KEY (for_content_type_id) REFERENCES public.django_content_type(id) DEFERRABLE INITIALLY DEFERRED;


--
-- Name: wagtailcore_uploadedfile wagtailcore_uploaded_uploaded_by_user_id_c7580fe8_fk_auth_user; Type: FK CONSTRAINT; Schema: public; Owner: decos
--

ALTER TABLE ONLY public.wagtailcore_uploadedfile
    ADD CONSTRAINT wagtailcore_uploaded_uploaded_by_user_id_c7580fe8_fk_auth_user FOREIGN KEY (uploaded_by_user_id) REFERENCES public.auth_user(id) DEFERRABLE INITIALLY DEFERRED;


--
-- Name: wagtailcore_workflowstate wagtailcore_workflow_base_content_type_id_a30dc576_fk_django_co; Type: FK CONSTRAINT; Schema: public; Owner: decos
--

ALTER TABLE ONLY public.wagtailcore_workflowstate
    ADD CONSTRAINT wagtailcore_workflow_base_content_type_id_a30dc576_fk_django_co FOREIGN KEY (base_content_type_id) REFERENCES public.django_content_type(id) DEFERRABLE INITIALLY DEFERRED;


--
-- Name: wagtailcore_workflowstate wagtailcore_workflow_content_type_id_2bb78ce1_fk_django_co; Type: FK CONSTRAINT; Schema: public; Owner: decos
--

ALTER TABLE ONLY public.wagtailcore_workflowstate
    ADD CONSTRAINT wagtailcore_workflow_content_type_id_2bb78ce1_fk_django_co FOREIGN KEY (content_type_id) REFERENCES public.django_content_type(id) DEFERRABLE INITIALLY DEFERRED;


--
-- Name: wagtailcore_workflowcontenttype wagtailcore_workflow_content_type_id_b261bb37_fk_django_co; Type: FK CONSTRAINT; Schema: public; Owner: decos
--

ALTER TABLE ONLY public.wagtailcore_workflowcontenttype
    ADD CONSTRAINT wagtailcore_workflow_content_type_id_b261bb37_fk_django_co FOREIGN KEY (content_type_id) REFERENCES public.django_content_type(id) DEFERRABLE INITIALLY DEFERRED;


--
-- Name: wagtailcore_workflowstate wagtailcore_workflow_current_task_state_i_3a1a0632_fk_wagtailco; Type: FK CONSTRAINT; Schema: public; Owner: decos
--

ALTER TABLE ONLY public.wagtailcore_workflowstate
    ADD CONSTRAINT wagtailcore_workflow_current_task_state_i_3a1a0632_fk_wagtailco FOREIGN KEY (current_task_state_id) REFERENCES public.wagtailcore_taskstate(id) DEFERRABLE INITIALLY DEFERRED;


--
-- Name: wagtailcore_workflowpage wagtailcore_workflow_page_id_81e7bab6_fk_wagtailco; Type: FK CONSTRAINT; Schema: public; Owner: decos
--

ALTER TABLE ONLY public.wagtailcore_workflowpage
    ADD CONSTRAINT wagtailcore_workflow_page_id_81e7bab6_fk_wagtailco FOREIGN KEY (page_id) REFERENCES public.wagtailcore_page(id) DEFERRABLE INITIALLY DEFERRED;


--
-- Name: wagtailcore_workflowstate wagtailcore_workflow_requested_by_id_4090bca3_fk_auth_user; Type: FK CONSTRAINT; Schema: public; Owner: decos
--

ALTER TABLE ONLY public.wagtailcore_workflowstate
    ADD CONSTRAINT wagtailcore_workflow_requested_by_id_4090bca3_fk_auth_user FOREIGN KEY (requested_by_id) REFERENCES public.auth_user(id) DEFERRABLE INITIALLY DEFERRED;


--
-- Name: wagtailcore_workflowtask wagtailcore_workflow_task_id_ce7716fe_fk_wagtailco; Type: FK CONSTRAINT; Schema: public; Owner: decos
--

ALTER TABLE ONLY public.wagtailcore_workflowtask
    ADD CONSTRAINT wagtailcore_workflow_task_id_ce7716fe_fk_wagtailco FOREIGN KEY (task_id) REFERENCES public.wagtailcore_task(id) DEFERRABLE INITIALLY DEFERRED;


--
-- Name: wagtailcore_workflowstate wagtailcore_workflow_workflow_id_1f18378f_fk_wagtailco; Type: FK CONSTRAINT; Schema: public; Owner: decos
--

ALTER TABLE ONLY public.wagtailcore_workflowstate
    ADD CONSTRAINT wagtailcore_workflow_workflow_id_1f18378f_fk_wagtailco FOREIGN KEY (workflow_id) REFERENCES public.wagtailcore_workflow(id) DEFERRABLE INITIALLY DEFERRED;


--
-- Name: wagtailcore_workflowpage wagtailcore_workflow_workflow_id_56f56ff6_fk_wagtailco; Type: FK CONSTRAINT; Schema: public; Owner: decos
--

ALTER TABLE ONLY public.wagtailcore_workflowpage
    ADD CONSTRAINT wagtailcore_workflow_workflow_id_56f56ff6_fk_wagtailco FOREIGN KEY (workflow_id) REFERENCES public.wagtailcore_workflow(id) DEFERRABLE INITIALLY DEFERRED;


--
-- Name: wagtailcore_workflowcontenttype wagtailcore_workflow_workflow_id_9aad7cd2_fk_wagtailco; Type: FK CONSTRAINT; Schema: public; Owner: decos
--

ALTER TABLE ONLY public.wagtailcore_workflowcontenttype
    ADD CONSTRAINT wagtailcore_workflow_workflow_id_9aad7cd2_fk_wagtailco FOREIGN KEY (workflow_id) REFERENCES public.wagtailcore_workflow(id) DEFERRABLE INITIALLY DEFERRED;


--
-- Name: wagtailcore_workflowtask wagtailcore_workflow_workflow_id_b9717175_fk_wagtailco; Type: FK CONSTRAINT; Schema: public; Owner: decos
--

ALTER TABLE ONLY public.wagtailcore_workflowtask
    ADD CONSTRAINT wagtailcore_workflow_workflow_id_b9717175_fk_wagtailco FOREIGN KEY (workflow_id) REFERENCES public.wagtailcore_workflow(id) DEFERRABLE INITIALLY DEFERRED;


--
-- Name: wagtaildocs_document wagtaildocs_document_collection_id_23881625_fk_wagtailco; Type: FK CONSTRAINT; Schema: public; Owner: decos
--

ALTER TABLE ONLY public.wagtaildocs_document
    ADD CONSTRAINT wagtaildocs_document_collection_id_23881625_fk_wagtailco FOREIGN KEY (collection_id) REFERENCES public.wagtailcore_collection(id) DEFERRABLE INITIALLY DEFERRED;


--
-- Name: wagtaildocs_document wagtaildocs_document_uploaded_by_user_id_17258b41_fk_auth_user; Type: FK CONSTRAINT; Schema: public; Owner: decos
--

ALTER TABLE ONLY public.wagtaildocs_document
    ADD CONSTRAINT wagtaildocs_document_uploaded_by_user_id_17258b41_fk_auth_user FOREIGN KEY (uploaded_by_user_id) REFERENCES public.auth_user(id) DEFERRABLE INITIALLY DEFERRED;


--
-- Name: wagtailforms_formsubmission wagtailforms_formsub_page_id_e48e93e7_fk_wagtailco; Type: FK CONSTRAINT; Schema: public; Owner: decos
--

ALTER TABLE ONLY public.wagtailforms_formsubmission
    ADD CONSTRAINT wagtailforms_formsub_page_id_e48e93e7_fk_wagtailco FOREIGN KEY (page_id) REFERENCES public.wagtailcore_page(id) DEFERRABLE INITIALLY DEFERRED;


--
-- Name: wagtailimages_image wagtailimages_image_collection_id_c2f8af7e_fk_wagtailco; Type: FK CONSTRAINT; Schema: public; Owner: decos
--

ALTER TABLE ONLY public.wagtailimages_image
    ADD CONSTRAINT wagtailimages_image_collection_id_c2f8af7e_fk_wagtailco FOREIGN KEY (collection_id) REFERENCES public.wagtailcore_collection(id) DEFERRABLE INITIALLY DEFERRED;


--
-- Name: wagtailimages_image wagtailimages_image_uploaded_by_user_id_5d73dc75_fk_auth_user; Type: FK CONSTRAINT; Schema: public; Owner: decos
--

ALTER TABLE ONLY public.wagtailimages_image
    ADD CONSTRAINT wagtailimages_image_uploaded_by_user_id_5d73dc75_fk_auth_user FOREIGN KEY (uploaded_by_user_id) REFERENCES public.auth_user(id) DEFERRABLE INITIALLY DEFERRED;


--
-- Name: wagtailimages_rendition wagtailimages_rendit_image_id_3e1fd774_fk_wagtailim; Type: FK CONSTRAINT; Schema: public; Owner: decos
--

ALTER TABLE ONLY public.wagtailimages_rendition
    ADD CONSTRAINT wagtailimages_rendit_image_id_3e1fd774_fk_wagtailim FOREIGN KEY (image_id) REFERENCES public.wagtailimages_image(id) DEFERRABLE INITIALLY DEFERRED;


--
-- Name: wagtailredirects_redirect wagtailredirects_red_redirect_page_id_b5728a8f_fk_wagtailco; Type: FK CONSTRAINT; Schema: public; Owner: decos
--

ALTER TABLE ONLY public.wagtailredirects_redirect
    ADD CONSTRAINT wagtailredirects_red_redirect_page_id_b5728a8f_fk_wagtailco FOREIGN KEY (redirect_page_id) REFERENCES public.wagtailcore_page(id) DEFERRABLE INITIALLY DEFERRED;


--
-- Name: wagtailredirects_redirect wagtailredirects_red_site_id_780a0e1e_fk_wagtailco; Type: FK CONSTRAINT; Schema: public; Owner: decos
--

ALTER TABLE ONLY public.wagtailredirects_redirect
    ADD CONSTRAINT wagtailredirects_red_site_id_780a0e1e_fk_wagtailco FOREIGN KEY (site_id) REFERENCES public.wagtailcore_site(id) DEFERRABLE INITIALLY DEFERRED;


--
-- Name: wagtailsearch_indexentry wagtailsearch_indexe_content_type_id_62ed694f_fk_django_co; Type: FK CONSTRAINT; Schema: public; Owner: decos
--

ALTER TABLE ONLY public.wagtailsearch_indexentry
    ADD CONSTRAINT wagtailsearch_indexe_content_type_id_62ed694f_fk_django_co FOREIGN KEY (content_type_id) REFERENCES public.django_content_type(id) DEFERRABLE INITIALLY DEFERRED;


--
-- Name: wagtailusers_userprofile wagtailusers_userprofile_user_id_59c92331_fk_auth_user_id; Type: FK CONSTRAINT; Schema: public; Owner: decos
--

ALTER TABLE ONLY public.wagtailusers_userprofile
    ADD CONSTRAINT wagtailusers_userprofile_user_id_59c92331_fk_auth_user_id FOREIGN KEY (user_id) REFERENCES public.auth_user(id) DEFERRABLE INITIALLY DEFERRED;


--
-- PostgreSQL database dump complete
--

